word,idf,w_negative,w_neutral,w_positive
good,1.03983,-0.758409,0.253187,0.505222
product,1.1751,-0.0446068,-0.139173,0.18378
nice,1.69663,-0.846927,0.235232,0.611695
quality,2.08088,0.158196,-0.100397,-0.0577993
best,2.92567,-0.345351,-0.0243434,0.369695
flipkart,3.04646,-0.0135567,-0.0138825,0.0274393
money,2.98028,0.0519157,-0.031884,-0.0200317
price,3.01785,-0.112359,0.0530637,0.0592952
bad,3.20123,0.366055,-0.0054726,-0.360582
buy,3.21813,0.218478,-0.143188,-0.07529
awesome,3.22211,-0.385153,-0.100677,0.48583
super,3.31071,-0.386773,0.0296998,0.357073
one,3.34344,-0.0458243,-0.0124078,0.0582321
excellent,3.50196,-0.362056,-0.094403,0.456459
also,3.60716,0.0230525,-0.0626257,0.0395732
working,3.57067,0.177145,-0.073958,-0.103187
value,3.54856,-0.301986,0.0368983,0.265088
like,3.64068,-0.0254484,-0.0261389,0.0515873
happy,3.6491,-0.144667,-0.0267943,0.171461
ok,3.73104,-0.182966,0.270299,-0.0873327
delivery,3.74698,-0.0151433,-0.023436,0.0385793
go,3.70482,-0.0981756,-0.0671715,0.165347
use,3.78931,0.0370444,-0.00663264,-0.0304117
great,3.81995,-0.26417,-0.0105866,0.274757
really,3.84835,-0.0621361,-0.0759305,0.138067
thanks,3.80451,-0.247101,0.0132775,0.233823
small,3.81857,0.0966787,0.0972562,-0.193935
time,3.88382,-0.00655857,0.0282272,-0.0216686
worth,3.81684,-0.100991,-0.0462409,0.147232
thank,3.87611,-0.248577,0.0155644,0.233012
sound,4.04977,-0.00894675,0.0137788,-0.00483205
size,3.99806,0.0454446,0.0533278,-0.0987724
products,3.99353,-0.0118533,-0.0314874,0.0433407
amazing,4.01851,-0.256872,-0.0580769,0.314949
installation,4.23723,-0.0102031,-0.0123421,0.0225452
much,4.08338,0.0532059,0.0318001,-0.085006
tv,4.46617,-0.0378821,0.00221664,0.0356654
poor,4.16391,0.313926,-0.035498,-0.278428
superb,4.15084,-0.30095,-0.0351817,0.336132
love,4.1851,-0.233062,-0.0701977,0.303259
well,4.25417,-0.11449,0.00408346,0.110407
using,4.23934,-0.0371992,0.00484389,0.0323553
worst,4.26706,0.348607,-0.116214,-0.232393
range,4.29223,-0.0389523,0.0144455,0.0245068
got,4.31296,0.00734299,-0.0074895,0.000146503
easy,4.31352,-0.150468,-0.0604289,0.210897
satisfied,4.28781,-0.0137597,-0.0272646,0.0410243
water,4.57329,0.0162115,-0.0186107,0.00239926
service,4.41411,0.0375361,-0.0645704,0.0270343
fast,4.33992,-0.112549,0.00679501,0.105754
low,4.35102,0.143605,0.0316726,-0.175278
waste,4.38572,0.341546,-0.138482,-0.203064
better,4.38086,-0.0730999,0.0724072,0.000692716
days,4.43372,0.0961673,-0.0439955,-0.0521718
performance,4.4382,-0.0139322,-0.06067,0.0746022
must,4.42418,-0.298497,0.0426596,0.255838
perfect,4.46025,-0.142685,-0.061312,0.203997
overall,4.44012,-0.108413,0.0872253,0.0211873
m,4.55078,0.00800723,0.0112241,-0.0192313
purchase,4.53582,0.042914,-0.0627241,0.0198102
work,4.56743,0.0618968,-0.0134303,-0.0484665
u,4.67441,-0.0219928,0.0137248,0.00826798
useful,4.62605,-0.13002,-0.0102936,0.140313
battery,4.75297,0.0355427,0.00549026,-0.041033
loved,4.63773,-0.207749,-0.101939,0.309688
looking,4.67279,-0.0305381,0.0319483,-0.00141018
speed,4.80992,-0.0379822,0.038197,-0.000214813
even,4.73641,0.0855033,-0.00648302,-0.0790202
looks,4.70997,-0.0475165,0.0198208,0.0276958
get,4.75385,-0.0255096,0.0333191,-0.00780951
beautiful,4.70326,-0.278159,0.00804404,0.270115
design,4.7125,-0.0354651,0.0158385,0.0196266
little,4.71927,-0.106948,0.0589502,0.0479977
used,4.78149,0.0528318,-0.0186403,-0.0341915
day,4.8595,0.0423971,-0.0255351,-0.0168621
expected,4.75561,0.0328774,0.0411142,-0.0739916
experience,4.80621,0.0301932,-0.044656,0.0144628
fine,4.80435,-0.257819,0.113042,0.144777
machine,4.94945,0.0186846,-0.0435227,0.0248381
light,4.84495,0.0103317,0.0285985,-0.0389302
picture,4.85268,-0.0122587,-0.00539299,0.0176517
look,4.82586,-0.00366486,0.0223016,-0.0186367
material,4.8595,0.0891367,-0.00904406,-0.0800926
laptop,5.10289,-0.0530408,-0.0197025,0.0727433
high,4.88625,0.0315703,0.0561783,-0.0877486
works,4.92306,-0.0277072,-0.0586485,0.0863557
need,4.94518,-0.030032,-0.0114119,0.0414438
months,4.91994,0.0671532,-0.030877,-0.0362762
item,4.93143,0.0196827,-0.00805454,-0.0116281
colour,4.95266,0.0434466,0.0404042,-0.0838508
comfortable,4.89431,-0.0458407,-0.0124831,0.0583237
month,4.94305,0.0644447,-0.000600917,-0.0638438
properly,4.95481,0.083686,0.0343617,-0.118048
first,4.96998,0.00636439,-0.00485078,-0.00151361
watch,5.09296,-0.0264187,0.040827,-0.0144083
bit,4.97107,-0.155717,0.0577505,0.0979661
problem,5.01806,0.0844161,0.0027257,-0.0871418
bought,5.03656,0.0191718,-0.0142286,-0.0049432
average,5.01921,-0.0145227,0.246104,-0.231581
review,5.05898,0.00142815,-0.0198764,0.0184482
less,5.06857,0.0395191,0.0368104,-0.0763295
received,5.08436,0.00609579,0.00361969,-0.00971549
delivered,5.08681,-0.0645513,0.00482639,0.0597249
power,5.16063,0.0190774,-0.0192031,0.000125682
please,5.14491,0.101784,-0.0254141,-0.0763699
camera,5.22755,-0.0292177,0.00347258,0.0257451
budget,5.10414,-0.194134,0.0428461,0.151288
packing,5.11544,-0.0960593,0.0772003,0.018859
bass,5.21911,0.023695,0.00343361,-0.0271286
without,5.11796,-0.0765362,0.0683274,0.00820873
home,5.17527,-0.0422544,-0.00814739,0.0504018
weight,5.1847,-0.0184893,0.0141258,0.00436356
issue,5.2318,0.0529184,-0.0251528,-0.0277656
thing,5.19558,-0.0403082,0.00123673,0.0390715
every,5.20936,0.0245273,-0.0483854,0.0238581
set,5.27825,-0.0834025,0.0534229,0.0299796
phone,5.40144,0.0213643,-0.0256479,0.00428356
recommend,5.20521,0.00783943,-0.0225527,0.0147133
full,5.2679,-0.00843158,-0.0279087,0.0363403
everything,5.26204,-0.0870511,0.00572298,0.0813281
within,5.26058,0.0545038,-0.0228381,-0.0316657
fan,5.47464,0.01747,-0.0383878,0.0209178
gud,5.3223,-0.154879,0.071107,0.0837725
big,5.32075,-0.0124897,0.0120604,0.00042929
done,5.3223,0.000880653,-0.020429,0.0195484
buying,5.28571,0.0270304,-0.052289,0.0252586
hot,5.40312,0.0236859,-0.00275956,-0.0209263
long,5.33637,-0.0202521,0.0312368,-0.0109847
think,5.34269,-0.0422126,0.0536905,-0.0114779
n,5.48008,-0.0310725,0.0393135,-0.00824095
brand,5.40649,0.0423197,-0.0408856,-0.00143408
packaging,5.36351,-0.0968655,0.00147704,0.0953885
mobile,5.49289,0.000329037,0.00490877,-0.0052378
doesn,5.41497,0.0986139,0.00109933,-0.0997133
wonderful,5.36351,-0.235579,-0.0540383,0.289617
nyc,5.3749,-0.226936,0.0533512,0.173585
smart,5.47645,-0.0601691,0.0051212,0.0550479
osm,5.38808,-0.279414,0.0305197,0.248894
mi,5.57539,0.00955984,-0.0222905,0.0127306
wow,5.41157,-0.220205,0.0367265,0.183478
display,5.49473,-0.0327056,0.0498901,-0.0171845
want,5.43389,0.000612302,0.0398182,-0.0404305
give,5.44436,0.0431592,-0.0409588,-0.00220037
heating,5.44261,0.02917,0.0549398,-0.0841098
cheap,5.42869,0.169336,-0.0671372,-0.102199
hours,5.504,-0.0135067,0.0349381,-0.0214313
okay,5.49658,-0.079947,0.188136,-0.108189
shown,5.43563,0.0106533,-0.010465,-0.000188283
build,5.46385,-0.123631,0.0877467,0.0358847
cycle,5.69869,-0.0463705,0.0163744,0.0299961
two,5.49473,0.0482537,-0.0421076,-0.00614605
fantastic,5.45672,-0.20956,-0.0857964,0.295356
dont,5.51901,0.0946419,-0.0189428,-0.0756992
plastic,5.53425,-0.0110949,0.0718747,-0.0607798
charging,5.57739,0.0299757,-0.00568811,-0.0242876
cloth,5.51901,0.0605338,0.0322154,-0.0927492
ever,5.49289,0.0560545,-0.0585428,0.00248826
made,5.5228,0.00509755,-0.00630463,0.00120708
recommended,5.46923,0.0943599,-0.10768,0.0133198
totally,5.49105,0.0646095,-0.0429657,-0.0216438
device,5.68744,0.03809,-0.0255526,-0.0125373
backup,5.5285,-0.0187378,0.0635438,-0.044806
k,5.59152,-0.0116512,0.000399598,0.0112516
box,5.66313,-0.0129841,0.014253,-0.00126892
person,5.57539,-0.02593,0.0145223,0.0114076
noise,5.53617,0.0252091,0.0481105,-0.0733196
otherwise,5.49658,-0.0549534,0.0561088,-0.00115546
wifi,5.72389,0.0534959,-0.0091717,-0.0443242
enough,5.5247,-0.00692647,0.0336868,-0.0267603
make,5.56346,-0.0181724,0.0191605,-0.000988115
flipcart,5.58342,-0.0377501,0.0135206,0.0242295
clean,5.58949,0.0264267,0.0155583,-0.041985
cost,5.54777,0.00315354,0.0310627,-0.0342162
support,5.59355,0.0696143,-0.0284325,-0.0411819
soft,5.54002,-0.0838273,-0.000208923,0.0840362
many,5.55951,0.0223279,-0.00414534,-0.0181826
smooth,5.54777,-0.110873,0.0396165,0.0712566
google,5.73556,-0.00834241,-0.0443536,0.0526961
air,5.71926,0.0998093,-0.050565,-0.0492443
table,5.74499,-0.00248656,0.00846114,-0.00597458
available,5.59559,0.0718024,-0.0500527,-0.0217498
deal,5.60379,-0.0266099,-0.0367688,0.0633787
fabric,5.58544,0.0236087,0.0256563,-0.049265
fit,5.59559,0.0571981,-0.0388989,-0.0182993
company,5.66531,0.0188026,0.00918869,-0.0279913
features,5.62879,-0.0481723,0.0243,0.0238723
customer,5.64153,0.0200033,0.0109911,-0.0309944
liked,5.60173,-0.176441,0.0149006,0.161541
heavy,5.61205,0.0675862,-0.0243742,-0.0432121
hard,5.69417,0.0454246,0.011639,-0.0570636
purchased,5.63302,0.0456141,-0.037761,-0.00785315
quite,5.66095,-0.127379,0.103269,0.0241096
return,5.74262,0.123104,-0.0453168,-0.0777874
free,5.73556,-0.0470575,-0.000158119,0.0472156
see,5.63939,-0.0312576,0.00874647,0.0225111
wash,5.68075,0.0685095,-0.0247704,-0.0437391
usage,5.66531,-0.00771524,0.00200973,0.00570551
color,5.6675,0.0695096,-0.00437166,-0.0651379
star,5.65877,-0.0831272,0.106252,-0.023125
lot,5.66095,0.0218149,0.056303,-0.0781179
still,5.65443,-0.0299852,0.00716138,0.0228238
week,5.63939,0.0890415,-0.0350121,-0.0540294
remote,5.77384,-0.0031959,0.0426987,-0.0395028
condition,5.65011,-0.0172862,0.013335,0.00395122
normal,5.6675,0.00530589,0.0769674,-0.0822733
per,5.6675,-0.0104966,0.0375334,-0.0270368
broken,5.68968,0.157387,0.029212,-0.186599
last,5.69417,-0.00287313,-0.00995359,0.0128267
ball,5.95811,-0.0139691,0.0123196,0.00164949
job,5.6719,-0.131858,-0.012142,0.144
nd,5.77628,0.0111634,-0.0830355,0.0718721
keep,5.72854,-0.0502629,0.0287919,0.021471
disappointed,5.67853,0.15223,0.0148665,-0.167096
heat,5.73556,0.0630002,0.0338282,-0.0968284
router,5.98185,0.00592531,-0.0438646,0.0379393
demo,5.80858,0.00194082,0.0268272,-0.028768
charger,5.86307,0.0374469,-0.0560954,0.0186484
side,5.76413,0.0201728,0.0429945,-0.0631673
strong,5.70322,-0.0499319,0.0165817,0.0333502
connectivity,5.76897,-0.0415804,0.0393047,0.00227574
rs,5.78858,-0.0399761,-0.0239821,0.0639582
family,5.73791,-0.0646065,-0.06598,0.130587
cooler,5.92637,-0.0297392,0.0100159,0.0197232
say,5.73087,-0.0188559,-0.0160708,0.0349267
back,5.74499,0.0356412,-0.0232831,-0.0123581
given,5.73321,-0.00802393,0.0212897,-0.0132657
market,5.71235,-0.117943,0.0368293,0.0811141
feel,5.73556,-0.0194928,-0.0146148,0.0341076
cool,5.72621,-0.125562,-0.00288024,0.128442
take,5.74974,0.0199173,-0.00616772,-0.0137496
damaged,5.75691,0.165805,-0.00822026,-0.157585
fully,5.75213,-0.0800748,-0.0347481,0.114823
slow,5.76655,0.110001,0.0498366,-0.159838
fitting,5.75931,0.0696564,0.00456104,-0.0742174
getting,5.79106,0.0375897,0.0228029,-0.0603926
new,5.81365,0.0295796,-0.0423471,0.0127675
issues,5.78611,0.0548962,-0.0196439,-0.0352523
speaker,5.97289,0.0430065,0.00909819,-0.0521047
always,5.78611,0.029707,-0.0858607,0.0561537
highly,5.76413,-0.0833669,-0.0643522,0.147719
since,5.78858,-0.0400565,-0.0163214,0.0563778
room,5.8551,-0.033794,0.0167293,0.0170647
didn,5.81873,0.0409412,0.0177032,-0.0586444
easily,5.80104,-0.0612103,-0.0139728,0.0751831
damage,5.78118,0.185869,-0.025339,-0.16053
seeds,5.98788,0.0276014,-0.0449139,0.0173126
year,5.82385,0.0111508,0.0123782,-0.023529
original,5.79604,-0.101511,-0.00768839,0.1092
never,5.80858,0.103444,-0.0251676,-0.0782759
cooling,5.86041,-0.0336387,0.0336387,-9.93179e-09
came,5.82642,0.0107295,0.0292881,-0.0400176
giving,5.82642,0.0261576,-0.0566431,0.0304855
far,5.82385,-0.0636488,-0.0188764,0.0825253
skin,6.10982,-0.042649,0.0470552,-0.00440621
worthy,5.80858,0.0381993,-0.108142,0.0699428
times,5.86307,0.0295219,0.0234555,-0.0529775
perfectly,5.8472,-0.119883,0.0188968,0.100986
juicer,6.02795,-0.0141306,0.0270603,-0.0129297
motor,5.91507,0.0585598,0.016361,-0.0749208
bed,5.8472,0.19518,-0.0262097,-0.16897
decent,5.85775,-0.160368,0.0879896,0.0723781
hair,6.25661,-0.0605441,-0.0156337,0.0761778
washing,5.96695,0.00572358,0.0171607,-0.0228843
till,5.88191,-0.0612914,0.00271482,0.0585766
years,5.92637,0.00255484,-0.00168465,-0.000870188
samsung,5.9909,-0.0282891,-0.00316115,0.0314503
screen,5.964,0.000478319,0.0420543,-0.0425326
body,5.91507,0.0056843,0.0277508,-0.0334351
led,5.9909,-0.0387939,-0.00785391,0.0466479
order,5.89835,0.0575871,-0.0421805,-0.0154066
reasonable,5.8792,-0.0829784,-0.0267118,0.10969
thin,5.88191,0.0900616,0.0990531,-0.189115
seller,5.964,0.0212461,-0.0407948,0.0195486
quick,5.91507,-0.0896598,-0.0097575,0.0994173
care,5.93779,0.00121484,0.025079,-0.0262939
type,5.94645,0.021326,0.0214541,-0.0427801
ordered,5.90946,-0.015088,0.0272391,-0.0121511
pretty,5.91507,-0.115216,-0.0452019,0.160418
oil,6.07626,-0.0663899,-0.0164776,0.0828675
rate,5.91226,-0.0602513,0.0697128,-0.00946153
space,5.97587,0.0161155,-0.05346,0.0373445
top,5.964,0.0104319,-0.0120787,0.00164674
things,5.96105,0.00318009,-0.0151772,0.0119971
v,5.99394,-0.0240607,-0.0142286,0.0382894
boy,5.94935,-0.0931504,0.0710219,0.0221285
compared,5.94645,-0.0163463,0.00650959,0.00983669
know,5.94935,-0.0420742,0.057169,-0.0150947
connect,5.98788,0.0747144,-0.0297938,-0.0449206
option,5.99698,-0.0195278,0.0279837,-0.00845589
comes,5.96695,-0.012546,0.0491885,-0.0366425
mind,5.93492,-0.106162,0.044346,0.0618158
cleaning,6.02168,0.031496,-0.0274554,-0.00404061
people,5.98486,0.0112881,-0.0378496,0.0265615
gaming,6.10302,-0.049645,-0.0190843,0.0687294
life,5.99698,-0.0134937,0.00491908,0.0085746
mixer,6.07626,0.0312086,-0.00855273,-0.0226559
almost,5.99394,-0.055189,0.0118228,0.0433661
plates,6.08955,-0.00587638,0.035827,-0.0299507
gives,6.04699,-0.0088908,0.0148535,-0.00596265
mark,5.97886,0.0323546,0.0997039,-0.132058
dinner,6.02795,-0.0319369,-0.00731116,0.0392481
affordable,5.98185,-0.0334357,-0.0563128,0.0897485
around,6.07957,0.0432417,-0.0819981,0.0387564
old,6.0599,0.0755105,0.0329132,-0.108424
cotton,6.02481,0.0445822,-0.0237712,-0.020811
plate,6.09964,-0.00357683,0.0354688,-0.031892
according,6.00925,0.0370763,0.0277199,-0.0647962
proper,6.02795,0.0891939,0.00224987,-0.0914438
simply,6.01856,-0.0614821,0.00974091,0.0517411
charge,6.13051,0.051436,0.0343971,-0.0858331
come,6.06968,0.0168287,0.0414977,-0.0583264
though,6.04699,-0.0214881,-0.0214817,0.0429698
install,6.06968,-0.0439464,0.0195994,0.0243469
handle,6.07297,-0.0192906,0.0335942,-0.0143036
purpose,6.05342,-0.0872408,0.096917,-0.0096762
takes,6.05666,0.0166637,0.0222834,-0.0389472
wise,6.08289,0.0174683,0.0335145,-0.0509828
provided,6.0929,0.0578513,-0.0111308,-0.0467205
makes,6.06968,0.00689857,0.0397583,-0.0466568
class,6.0599,0.0830573,-0.0900412,0.00698396
card,6.14809,0.0177168,-0.0198532,0.00213643
guys,6.08955,0.00224536,-0.0336849,0.0314396
upto,6.09626,-0.0169996,0.0128758,0.00412386
extra,6.14455,-0.0385878,0.0559058,-0.017318
play,6.13751,-0.0218255,-0.0129745,0.0348
bluetooth,6.15164,-0.0279305,0.05182,-0.0238895
football,6.28061,-0.0102546,-0.019912,0.0301666
grinder,6.16238,-0.0291925,-0.000211145,0.0294037
warranty,6.26057,0.0211812,0.0300701,-0.0512513
level,6.15164,-0.039596,0.0188855,0.0207105
cable,6.18788,-0.0317798,0.0308148,0.000964988
sturdy,6.10302,-0.0796294,0.0121856,0.0674439
team,6.19529,0.0353601,0.0323779,-0.067738
date,6.12357,0.0456753,-0.0689492,0.0232739
installed,6.16598,0.025504,-0.0623056,0.0368017
jar,6.29693,0.0329786,0.0167862,-0.0497648
minutes,6.12704,-0.0784936,0.0324848,0.0460088
bajaj,6.2065,-0.0444834,0.0915101,-0.0470267
may,6.15878,-0.00087197,0.0455855,-0.0447135
point,6.14102,-0.059944,0.0413801,0.0185639
stopped,6.14455,0.128077,-0.0415032,-0.0865734
friendly,6.14102,-0.0189118,-0.036821,0.0557327
next,6.13751,-0.0683306,0.00563106,0.0626996
wall,6.31353,8.31132e-05,-0.0267722,0.0266891
mbps,6.52731,0.0571766,-0.098872,0.0416954
model,6.25661,-0.0318783,0.0364003,-0.00452198
apple,6.30106,-0.0851166,-0.0639006,0.149017
built,6.1696,-0.00589629,0.0151523,-0.00925601
suitable,6.16598,0.0551242,0.0113017,-0.0664258
pure,6.1696,-0.0653324,0.0499634,0.015369
coming,6.18052,0.0896603,-0.00933858,-0.0803217
writing,6.15164,-0.00164687,0.0187328,-0.017086
helpful,6.15521,-0.117421,0.0149537,0.102467
gb,6.43341,-0.0380046,0.0346115,0.00339313
gets,6.18788,-0.00844324,0.0230849,-0.0146416
hrs,6.26454,0.0162077,-0.0119755,-0.00423223
expect,6.1696,-0.0120163,0.0893281,-0.0773118
part,6.21784,0.0170802,-0.0128443,-0.00423584
way,6.21405,0.0245444,-0.0178502,-0.00669426
app,6.30106,0.0143293,0.000994898,-0.0153242
food,6.29283,-0.0175841,-0.00666699,0.0242511
short,6.18788,0.050408,0.0833008,-0.133709
video,6.28874,0.0142115,-0.00401397,-0.0101975
connection,6.29283,-0.0171835,0.0171847,-1.1566e-06
update,6.22931,-0.0832119,0.0216388,0.0615732
doubt,6.18788,-0.0404198,-0.0401361,0.080556
second,6.21784,-0.0400933,-0.0191603,0.0592536
stand,6.28061,-0.0186137,0.0622801,-0.0436664
another,6.21405,0.0261588,0.0367756,-0.0629344
fabulous,6.19529,-0.202432,-0.0373612,0.239793
inside,6.22931,0.00596537,0.0200636,-0.026029
daily,6.2065,-0.0481956,-0.0443933,0.0925888
etc,6.24873,-0.0131454,-0.00770602,0.0208514
assemble,6.22165,0.043295,0.0203276,-0.0636227
android,6.33468,-0.0275194,-0.0502815,0.0778009
blowing,6.20275,-0.136334,-0.0460122,0.182346
genuine,6.22931,-0.0983201,-0.105477,0.203797
replacement,6.30936,-0.0384603,0.0744378,-0.0359775
single,6.22931,0.0259823,-0.0215754,-0.0044069
clear,6.25266,0.00700878,-0.0526081,0.0455993
due,6.25661,-0.0508919,0.0457169,0.00517503
juice,6.4287,-0.0503222,-0.0104221,0.0607443
premium,6.24873,-0.10383,-0.0513383,0.155168
smell,6.26454,-0.00273362,0.0519825,-0.0492489
capacity,6.28874,-0.0819231,0.0638161,0.018107
found,6.24873,-0.0271013,-0.00374321,0.0308445
suggest,6.23704,0.0259425,0.00279897,-0.0287415
provide,6.27657,0.0345242,-0.0364,0.0018758
usb,6.47188,0.0291704,-0.0148591,-0.0143113
keyboard,6.46699,0.0099912,-0.0208248,0.0108336
beginners,6.25661,-0.0984063,-0.049958,0.148364
verry,6.38282,0.00288731,-0.0287936,0.0259063
iam,6.30106,-0.018893,-0.00697565,0.0258687
tq,6.29693,-0.109338,0.0446883,0.0646495
try,6.3052,-0.0470098,0.0161282,0.0308816
image,6.30106,0.00762388,0.0489055,-0.0565294
w,6.42402,0.0581492,-0.0661877,0.00803848
items,6.33468,0.0170237,0.00616554,-0.0231892
processor,6.44289,-0.0259621,0.0254053,0.000556797
absolutely,6.29693,-0.0497321,-0.0249216,0.0746537
everyone,6.28874,-0.0965351,0.0169173,0.0796179
finishing,6.28874,0.0135125,0.0515182,-0.0650307
simple,6.31353,-0.0065182,-0.00392272,0.0104409
c,6.39637,0.0156526,0.00622172,-0.0218743
compact,6.29283,-0.0708578,-0.127668,0.198526
powerful,6.30936,-0.0523082,-0.0724175,0.124726
lovely,6.3052,-0.199414,-0.144483,0.343896
face,6.47188,0.0491041,-0.0498941,0.000789945
taste,6.39637,0.0435815,0.000376694,-0.0439582
different,6.3739,0.010112,0.0387412,-0.0488532
cover,6.35192,-0.0334848,0.0887528,-0.055268
flip,6.3739,0.00428457,-0.052166,0.0478814
grinding,6.38282,0.0520798,0.0449189,-0.0969987
utensils,6.58599,-0.0228147,0.00237666,0.020438
bat,6.56425,-0.0147793,0.065433,-0.0506537
choice,6.32194,-0.0641935,0.059609,0.00458454
microwave,6.56964,-0.0146654,-0.0103442,0.0250097
mode,6.54297,-0.00701772,0.0319365,-0.0249187
mentioned,6.3739,0.0615155,-0.021947,-0.0395685
milton,6.36946,-0.103711,-0.0209811,0.124692
system,6.39183,-0.0435582,0.0557336,-0.0121754
useless,6.34758,0.235045,-0.0877099,-0.147335
able,6.38732,0.0268301,0.0390282,-0.0658583
awsome,6.3739,-0.173608,-0.0580792,0.231687
making,6.3739,0.0574686,-0.0130449,-0.0444237
kitchen,6.43341,-0.0127248,0.0193247,-0.00659994
nothing,6.35627,0.105503,-0.0199568,-0.0855466
running,6.38732,0.0508904,-0.0061436,-0.0447468
filter,6.56964,0.0110725,-0.0108174,-0.000255097
rest,6.35627,0.0179921,0.0013715,-0.0193636
technician,6.50173,-0.0372873,0.0428278,-0.0055405
inverter,6.56964,-0.0239076,0.0376869,-0.0137793
th,6.57506,-0.00564063,0.0466211,-0.0409805
change,6.44289,-0.00932879,0.0402803,-0.0309515
needs,6.38282,-0.030257,0.010974,0.0192829
user,6.4101,0.0186987,0.0319413,-0.05064
bedsheet,6.41472,-0.020134,-0.0351091,0.055243
bowl,6.41472,-0.0567689,0.0572651,-0.000496188
tried,6.44766,0.0410733,-0.0613329,0.0202596
clothes,6.45728,0.0438437,-0.00285442,-0.0409893
definitely,6.41472,-0.0246085,0.00824956,0.0163589
completely,6.43341,0.00686611,0.00767911,-0.0145452
seems,6.42402,-0.0229941,0.005871,0.0171231
control,6.45728,0.0191885,-0.0032505,-0.015938
ifb,6.67801,-0.0482441,0.00490247,0.0433416
ipad,6.62521,-0.0307439,-0.0666237,0.0973676
print,6.46699,0.0498527,0.00665037,-0.056503
quantity,6.42402,0.0646565,0.0136288,-0.0782853
right,6.45246,-0.0163163,0.0267832,-0.0104668
however,6.45728,-0.0973168,0.120546,-0.0232292
thought,6.4287,-0.021101,0.0401823,-0.0190814
iron,6.55355,0.0285748,0.00170156,-0.0302764
packed,6.43341,-0.0536418,0.0480397,0.0056021
us,6.49168,-0.00917006,-0.03454,0.0437101
call,6.58051,0.0363757,0.0104698,-0.0468455
data,6.57506,-0.0139835,0.0315324,-0.0175489
house,6.47188,-0.0283614,-0.0807113,0.109073
min,6.5325,-0.0346091,0.0374695,-0.00286034
expectations,6.43341,0.00991091,0.0364506,-0.0463615
seen,6.43814,0.0222322,-0.0190553,-0.00317691
guy,6.517,-0.0700868,0.0603752,0.00971155
missing,6.47188,0.0488284,0.0369056,-0.0857339
online,6.48669,0.0306224,-0.0493541,0.0187318
sometimes,6.5325,-0.0907463,0.105624,-0.0148777
today,6.47188,-0.0448659,0.00531729,0.0395486
car,6.53772,-0.0161927,0.0592618,-0.0430691
cons,6.48669,-0.0624603,0.025045,0.0374153
difficult,6.46699,0.00208985,0.0737212,-0.0758111
music,6.60261,-0.00136633,0.0202588,-0.0188925
bar,6.57506,-0.0118803,-0.0148552,0.0267355
pipe,6.6542,0.00232819,0.0480912,-0.0504194
pros,6.49669,-0.152333,0.104685,0.0476483
took,6.46212,-0.0126026,0.0681243,-0.0555217
r,6.51188,-0.0115313,0.0356173,-0.0240861
rating,6.50679,-0.0147123,0.0184489,-0.00373664
storage,6.50679,-0.0558082,0.0279051,0.0279031
d,6.61385,-0.00072207,0.0142552,-0.0135331
l,6.5915,0.00358705,0.0226243,-0.0262113
tb,6.86274,0.0194635,-0.00416056,-0.0153029
weeks,6.47188,0.000776431,0.0195563,-0.0203327
oven,6.64833,-0.0288637,-0.0204222,0.0492859
voice,6.59704,-0.0249362,0.0488439,-0.0239077
started,6.51188,0.039486,-0.00607265,-0.0334133
sure,6.51188,-0.0421319,0.0328998,0.00923213
going,6.50679,0.0220688,0.0123569,-0.0344257
help,6.52731,-0.0222393,-0.045511,0.0677504
connected,6.56425,0.0821742,-0.0107496,-0.0714247
purifier,6.74657,-0.008037,0.0356375,-0.0276005
yet,6.51188,0.00267638,0.00314819,-0.00582457
thanku,6.50679,-0.157194,0.0744837,0.0827105
wire,6.5915,-0.030796,0.0282411,0.00255491
bottle,6.5915,0.00635961,-0.0102488,0.00388923
dishwasher,6.66603,-0.0425475,-0.0369447,0.0794921
place,6.56425,0.00407669,0.0216024,-0.0256791
open,6.58051,0.0404498,-0.00236888,-0.038081
inch,6.62521,-0.0257796,-0.00384441,0.029624
feels,6.56425,0.00114077,-0.0228036,0.0216628
package,6.55355,-0.0381074,-0.0253991,0.0635065
playing,6.6367,0.0285166,-0.0311825,0.00266586
brands,6.61385,0.0903119,-0.0636273,-0.0266846
feature,6.61951,-0.00402906,-0.019093,0.0231221
study,6.55355,-0.0169158,-0.10091,0.117826
thankyou,6.5915,-0.151503,-0.0315869,0.18309
trust,6.55889,0.0429247,-0.0832943,0.0403696
check,6.61951,-0.0490993,0.0517243,-0.00262498
hour,6.58599,0.0389069,0.00415463,-0.0430615
jars,6.71482,-0.0166231,0.0519262,-0.0353031
offer,6.57506,-0.00642336,0.0083451,-0.00192174
compare,6.57506,-0.0377097,0.0135065,0.0242032
handy,6.55889,-0.0785847,-0.00784376,0.0864284
nic,6.54825,-0.215504,0.0661821,0.149321
required,6.59704,0.00676816,-0.0291272,0.022359
segment,6.57506,-0.0210071,-0.0330353,0.0540424
rice,6.74657,0.0109614,-0.00340401,-0.00755737
hd,6.70859,0.0425672,0.00946245,-0.0520296
start,6.62521,0.0688849,-0.0354612,-0.0334236
amount,6.58051,-0.06739,0.0444228,0.0229671
late,6.57506,0.00688739,0.0417249,-0.0486123
vary,6.6542,0.0867471,-0.162946,0.0761989
else,6.58051,-0.0224949,0.0152989,0.00719605
extremely,6.60261,-0.0191318,0.0231186,-0.00398681
prodect,6.60261,-7.33019e-05,-0.0242257,0.024299
reviews,6.64833,0.012988,-0.0427887,0.0298007
won,6.62521,0.0263932,0.0150298,-0.041423
length,6.61951,-0.0648792,0.081698,-0.0168187
noisy,6.60821,0.00525235,0.0570607,-0.0623131
non,6.62521,0.0443169,-0.0690826,0.0247657
put,6.6601,0.041297,-0.0558073,0.0145103
services,6.63094,0.0177731,0.0131898,-0.0309629
ur,6.67801,0.0302562,-0.0123195,-0.0179368
carry,6.60821,-0.00952664,-0.0405778,0.0501045
durable,6.58599,0.0207141,-0.030649,0.00993485
safe,6.60821,0.0920961,-0.0911149,-0.00098119
except,6.60261,-0.0645738,0.027801,0.0367729
penny,6.5915,-0.158751,-0.0112429,0.169994
volume,6.74014,0.024716,0.0132898,-0.0380058
hand,6.63094,0.0657885,-0.046985,-0.0188034
anything,6.63094,0.0569788,-0.00261508,-0.0543637
clock,6.70859,0.0879172,-0.117001,0.0290841
gd,6.6425,-0.166805,0.0914796,0.0753253
hope,6.62521,-0.0741966,0.0304422,0.0437544
otg,6.70859,0.0188207,-0.0277538,0.00893316
clarity,6.67801,0.0242219,-0.0394451,0.0152232
effective,6.64833,-0.0100812,-0.0438066,0.0538878
smaller,6.62521,-0.0569126,0.0821923,-0.0252797
steel,6.66603,-0.0208304,0.0549137,-0.0340833
books,6.72109,-0.0292444,-0.00586497,0.0351094
process,6.64833,0.0520302,-0.0158464,-0.0361838
quickly,6.63094,-0.024265,-0.0159102,0.0401751
sale,6.6367,0.027495,-0.111495,0.0839997
youtube,6.69013,0.0306512,-0.0704815,0.0398303
parts,6.7274,-0.028374,0.0662868,-0.0379128
wood,6.69625,0.0646961,0.0380829,-0.102779
piece,6.672,0.0490875,0.0184548,-0.0675423
st,6.67801,0.0595992,0.0510002,-0.110599
outstanding,6.66603,-0.181499,-0.115728,0.297227
actually,6.672,-0.00174771,-0.0109405,0.0126882
black,6.7274,-0.00621395,0.0250763,-0.0188623
mop,6.97781,0.0357229,-0.0103872,-0.0253357
switch,6.7274,0.0407961,0.000684009,-0.0414801
kit,6.77272,-0.0961758,0.0422441,0.0539317
run,6.672,0.0378295,-0.0318663,-0.00596317
soundbar,6.79956,0.0156302,-0.0638367,0.0482066
supper,6.66603,-0.204159,0.0244201,0.179739
transfer,6.75304,0.0385111,-0.020186,-0.0183251
apps,6.81326,-0.00793683,0.0428954,-0.0349586
ll,6.70859,0.0901734,-0.0837876,-0.0063858
tablet,6.78605,0.0397795,-0.0849213,0.0451418
blanket,6.77272,-0.0353972,0.0326646,0.00273256
india,6.74014,-0.00890556,-0.105718,0.114624
suction,6.7274,-0.0150375,0.0228796,-0.00784213
internet,6.77936,0.0137891,0.00288892,-0.016678
smoothly,6.68405,-0.174234,0.0132024,0.161031
already,6.69013,0.0168811,0.0314121,-0.0482933
bank,6.74014,-0.0284441,0.0217025,0.00674157
cooking,6.75956,0.0752894,-0.0625302,-0.0127592
pro,6.74014,0.0518058,-0.0795106,0.0277048
stitching,6.73375,0.0437843,0.0373824,-0.0811667
shoes,6.75304,0.0491757,-0.0488408,-0.000334911
tds,7.03641,-0.0447678,-0.0360352,0.080803
worked,6.7024,0.0924865,-0.0430285,-0.049458
dslr,6.78605,-0.0467049,-0.0187776,0.0654825
gift,6.77936,0.0194871,-0.0252234,0.00573631
half,6.78605,0.0591234,-0.0382655,-0.0208579
show,6.74657,0.0572924,-0.00185782,-0.0554346
ink,6.85552,0.0747507,-0.0904214,0.0156707
others,6.70859,-0.044997,0.0337136,0.0112834
vry,6.81326,-0.0270693,-0.0227942,0.0498634
valuable,6.71482,-0.110869,-0.0367774,0.147647
base,6.82715,0.0319579,-0.0326632,0.000705288
bowls,6.77936,-0.11986,0.0564968,0.0633634
find,6.75956,-0.0660499,0.0444151,0.0216348
brightness,6.9148,-0.0481631,0.0430032,0.00515993
ve,6.79278,0.0330878,-0.0122957,-0.0207921
beast,6.74657,-0.16034,-0.037526,0.197866
improve,6.7274,-0.0296634,0.079052,-0.0493885
kind,6.75956,0.00844839,0.0592558,-0.0677042
loud,6.75304,-0.0173283,0.0502319,-0.0329037
pls,6.82715,0.124701,-0.0771732,-0.0475281
kg,6.93018,0.0513248,-0.00226351,-0.0490613
local,6.77272,0.0695785,0.0233865,-0.092965
policy,6.82715,0.0256188,0.0734304,-0.0990491
stars,6.77936,-0.0816164,0.106821,-0.0252045
anyone,6.74657,0.0865884,-0.0442126,-0.0423758
gave,6.75304,0.00140732,0.0405737,-0.041981
kent,6.98598,-0.0141854,0.00980178,0.00438363
pic,6.74657,0.061295,-0.0148379,-0.0464571
baby,6.84835,-0.0332759,0.0290254,0.00425049
bt,6.80639,-0.0597259,0.0703274,-0.0106014
dry,6.82018,-0.0494131,0.0213485,0.0280645
pathetic,6.77936,0.180317,-0.0401977,-0.14012
plus,6.82715,0.0379172,-0.0612074,0.0232902
purchasing,6.76612,0.0915818,-0.0706086,-0.0209733
speakers,6.83417,-0.0886107,0.0226932,0.0659174
timely,6.77272,-0.149386,-0.0248418,0.174228
attractive,6.75956,-0.0771436,-0.0267976,0.103941
chimney,6.93018,-0.0279117,-0.00216732,0.030079
costly,6.77272,0.019709,0.0586967,-0.0784057
main,6.82018,-0.0182203,0.0519673,-0.033747
ro,6.97781,-0.0219219,-0.00841522,0.0303371
automatically,6.79278,0.0743593,-0.0181812,-0.0561781
expensive,6.79956,0.0645525,-0.000214584,-0.0643379
refrigerator,6.89216,-0.0179568,-0.0582898,0.0762466
taking,6.77936,0.012108,0.0220437,-0.0341517
basic,6.84835,-0.0875753,0.119407,-0.0318317
cartridge,7.0025,0.0711417,-0.0382029,-0.0329388
hdmi,7.02782,0.0348921,0.0195461,-0.0544382
setup,6.89216,-0.013072,-0.0773971,0.0904692
ghz,7.31266,0.0315357,-0.00678354,-0.0247522
port,6.93797,0.00532251,-0.000463399,-0.00485911
boat,6.95371,0.0448173,-0.0215292,-0.0232881
exactly,6.79278,-0.0769331,0.00313177,0.0738014
filpkart,6.81326,-0.000472423,-0.0714895,0.071962
mins,6.86274,0.031641,-0.0334407,0.00179967
plz,6.83417,0.0139245,0.0257101,-0.0396346
stylish,6.79956,-0.0794144,-0.0828208,0.162235
white,6.92246,-0.0432639,-0.00427161,0.0475355
accessories,6.84124,-0.0263219,0.011528,0.0147939
cold,6.87734,-0.00983647,0.0239199,-0.0140835
let,6.82018,-0.0356585,0.070737,-0.0350785
said,6.87734,-0.0264691,0.036362,-0.00989289
stick,6.98598,0.0783395,-0.0198612,-0.0584783
cute,6.81326,-0.151824,-0.0131193,0.164943
total,6.82715,-0.0023286,0.0268444,-0.0245158
button,6.87734,0.00555362,0.0312212,-0.0367748
front,6.93797,0.0312946,0.0436229,-0.0749176
instead,6.82715,0.0307451,0.0152671,-0.0460122
complete,6.84124,-0.0432897,0.00806433,0.0352253
cast,6.97781,-0.0317738,0.0689202,-0.0371465
nicely,6.84835,-0.090832,-0.0629915,0.153824
request,6.86274,0.0941623,-0.0340015,-0.0601608
supar,6.83417,-0.160438,-0.0238527,0.184291
warm,6.87002,0.0872289,-0.0937227,0.00649378
finish,6.86274,0.00894708,0.0278117,-0.0367588
g,7.04506,0.0139749,-0.0674212,0.0534463
god,6.84835,-0.0478925,0.00357352,0.044319
kids,6.87002,-0.00620309,-0.0335334,0.0397365
manual,6.87734,-0.0174462,-0.0157287,0.033175
mom,6.85552,-0.0471018,-0.0344358,0.0815375
real,6.85552,0.0475067,-0.0234429,-0.0240638
showing,6.87002,0.0945226,-0.0793628,-0.0151598
defective,6.88472,0.141108,0.0034248,-0.144533
mini,7.01931,6.03333e-05,-0.00464484,0.00458451
results,6.87002,-0.00711671,-0.0205566,0.0276733
sounds,6.87734,0.059128,-0.0620325,0.00290454
fridge,7.0715,-0.00497961,0.0167583,-0.0117787
indian,6.93018,-0.0801228,0.0389323,0.0411906
wastage,6.89216,0.13357,-0.0322211,-0.101349
windows,7.04506,-0.0480326,0.0425289,0.00550363
yes,6.86274,-0.047493,-0.0371655,0.0846584
hold,6.89965,0.0055459,0.0311896,-0.0367355
satisfactory,6.87002,-0.10689,0.094002,0.0128883
audio,6.99421,-0.00228829,0.0110652,-0.00877687
finally,6.88472,-0.0855617,0.00603859,0.0795231
touch,6.89965,0.0471363,-0.0739219,0.0267856
book,6.93797,-0.0894389,0.0602423,0.0291966
impressed,6.87002,-0.0383338,-0.1311,0.169434
kart,6.93797,0.0229436,-0.00902438,-0.0139193
slightly,6.89965,-0.151064,0.0752584,0.0758055
something,6.89965,0.00496604,0.0234097,-0.0283758
sufficient,6.87734,-0.10423,0.108855,-0.00462483
awsm,6.89965,-0.219836,0.00477534,0.21506
office,6.90719,0.0666164,-0.135781,0.0691651
options,6.89216,-0.00294015,0.0340963,-0.0311562
medium,6.88472,-0.0656275,0.103637,-0.03801
unit,7.0025,-0.0113622,-0.0130147,0.0243768
winter,6.95371,0.0386967,-0.0119949,-0.0267018
flask,7.01931,-0.0154499,-0.0322588,0.0477087
floor,7.09865,-0.00693842,-0.00717925,0.0141177
night,6.95371,0.00136739,-0.0173172,0.0159498
operate,6.93018,0.0609377,-0.0787482,0.0178104
regular,6.9148,-0.0231319,0.0488085,-0.0256766
response,6.93018,0.0650674,-0.0594912,-0.00557624
soo,6.93018,-0.0132161,0.00859288,0.00462318
door,7.04506,-0.00774444,0.0460076,-0.0382632
faster,6.93797,0.00295929,-0.0769404,0.0739811
dust,7.03641,-0.00179428,0.0253224,-0.0235281
large,6.93797,0.0161623,-0.00893792,-0.00722442
ram,7.09865,0.0620094,-0.0437433,-0.0182661
re,6.93797,0.093322,-0.109761,0.0164393
three,6.93018,0.0260835,0.00819268,-0.0342762
mivi,7.01087,-0.00574663,-0.0563921,0.0621388
wait,6.94581,-0.0851122,0.0267826,0.0583296
although,6.93797,-0.0979664,0.0932906,0.00467572
hp,7.0538,0.086912,-0.110396,0.0234842
stop,6.93797,0.0873643,0.00692251,-0.0942868
height,7.08047,-0.0224969,0.0372547,-0.0147578
lights,6.98598,0.0239417,-0.0150843,-0.00885747
professional,6.94581,-0.0811565,-0.00769533,0.0888518
band,7.08047,-0.0959101,0.0730641,0.022846
fix,7.01087,-0.0016917,0.0473311,-0.0456394
loving,6.94581,-0.136114,-0.127137,0.263251
name,6.97781,-0.0493803,0.00607163,0.0433087
add,6.96168,-0.0559631,0.0929274,-0.0369643
description,7.04506,0.0100788,-0.00343983,-0.00663899
hai,6.99421,-0.0105386,0.0188854,-0.00834677
higher,6.96971,-0.0810439,0.0464548,0.0345891
plug,7.01931,0.0896797,-0.112153,0.0224729
taken,6.98598,-0.0506451,0.0344588,0.0161863
metal,7.01931,0.0777667,-0.0194649,-0.0583017
problems,6.96971,-0.00224467,0.0348173,-0.0325726
software,7.01087,-0.0207275,0.0654883,-0.0447608
area,7.01931,-0.00361413,0.0266222,-0.023008
im,7.0025,0.0555387,-0.0876509,0.0321121
man,6.99421,-0.0414265,0.0436897,-0.00226316
memory,7.03641,-0.0859551,0.0714587,0.0144964
heated,6.99421,0.0697025,-0.000811699,-0.0688908
keeps,7.01087,-0.060426,0.0529462,0.00747983
pocket,7.03641,-0.0271352,0.0367787,-0.00964347
serum,7.16502,0.0494044,-0.0730371,0.0236328
soon,7.0025,0.0463617,-0.0527499,0.00638822
tab,7.22565,-0.0157951,-0.0180384,0.0338335
blades,7.10787,0.0627553,-0.00700266,-0.0557526
brought,6.99421,0.00195261,-0.0228356,0.020883
connecting,7.03641,0.0627134,-0.0305912,-0.0321222
livpure,7.21529,-0.137368,0.129897,0.00747122
alexa,7.26821,0.0219833,0.0145056,-0.0364889
bottom,7.0715,0.0454209,0.0101269,-0.0555478
h,7.04506,-0.00494107,0.00504104,-9.99772e-05
replaced,7.03641,0.00853887,-0.0190987,0.0105599
students,7.0025,-0.114564,0.0209044,0.0936592
third,7.01931,0.197114,-0.0844129,-0.112701
lid,7.15527,0.015264,0.0346107,-0.0498747
write,7.0538,-0.0937073,0.104248,-0.0105407
deliver,7.02782,0.0151022,-0.0322401,0.017138
devices,7.08952,0.0233054,-0.026305,0.00299956
engineer,7.08047,-0.0310861,0.00885974,0.0222264
providing,7.01931,-0.0533669,0.031227,0.0221399
bigger,7.03641,-0.0629907,0.00525818,0.0577325
gone,7.0538,0.0558714,0.00743151,-0.063303
wear,7.03641,0.000209715,0.0326925,-0.0329022
curtains,7.17488,-0.0315033,-0.0651198,0.0966231
especially,7.02782,-0.0570476,-0.00680342,0.0638511
later,7.03641,-0.0193649,-0.0298296,0.0491945
needed,7.03641,-0.100753,0.0357277,0.0650252
replace,7.06261,0.0583681,-0.00100416,-0.057364
usefull,7.03641,-0.114498,0.0295766,0.0849212
lower,7.0715,0.0507532,0.00956714,-0.0603203
result,7.0715,-0.0258785,0.0151381,0.0107404
signal,7.23612,0.0846221,-0.0508348,-0.0337874
temperature,7.11717,0.0101682,-0.0036203,-0.00654787
videos,7.14561,0.109622,-0.0469902,-0.0626319
watt,7.17488,0.00746203,0.0463312,-0.0537932
whole,7.06261,-0.0304362,0.0290749,0.0013613
comfort,7.0715,-0.135764,0.0539659,0.0817979
games,7.18483,-0.0457317,-0.0130374,0.0587691
loose,7.0538,0.108085,-0.00231781,-0.105767
pad,7.12656,-0.022166,-0.0109671,0.033133
stuff,7.0715,0.0131196,0.0176072,-0.0307268
wd,7.39555,-0.0553339,0.0157528,0.0395811
cleaner,7.13604,-0.023237,-0.0742245,0.0974615
e,7.10787,0.000526808,0.0259836,-0.0265105
impressive,7.06261,-0.139989,0.0648642,0.0751243
thinking,7.0715,-0.00632404,0.0616452,-0.0553211
hdd,7.39555,-0.0752885,0.0420318,0.0332567
settings,7.17488,0.0455684,-0.0105175,-0.0350509
sewing,7.15527,0.0151389,-0.143319,0.12818
shelf,7.18483,0.075691,-0.0937135,0.0180225
weak,7.08952,-0.0254908,0.116059,-0.0905681
function,7.12656,-0.0697683,0.0585032,0.0112651
pack,7.11717,0.0546566,-0.0300483,-0.0246083
rd,7.14561,0.089731,-0.018685,-0.071046
read,7.10787,-0.11124,0.0286406,0.0825991
refund,7.15527,0.0981346,0.00170984,-0.0998445
butterfly,7.18483,0.0436656,-0.0475056,0.00384001
soldering,7.45926,0.00577298,-0.00680607,0.00103308
break,7.14561,0.109685,0.0297153,-0.1394
classy,7.09865,-0.174274,0.0338354,0.140438
gifted,7.09865,-0.0255033,-0.000180617,0.0256839
goes,7.10787,0.05096,-0.0123048,-0.0386552
lg,7.22565,-0.0625996,0.0858215,-0.0232219
multiple,7.14561,0.00273135,-0.0901377,0.0874063
output,7.15527,0.0617506,-0.0209236,-0.040827
period,7.16502,0.0123924,0.036095,-0.0484874
pictures,7.10787,0.0268809,-0.0421444,0.0152635
plan,7.21529,-0.0224402,0.00364168,0.0187985
seed,7.18483,0.0394241,-0.0286637,-0.0107605
billion,7.10787,-0.0400102,-0.0930224,0.133033
broke,7.14561,0.105962,0.0194194,-0.125382
discount,7.12656,-0.0910244,0.0450437,0.0459807
helps,7.11717,-0.1287,-0.033525,0.162225
max,7.17488,0.0331744,-0.0223274,-0.010847
paisa,7.10787,-0.00475457,0.0322409,-0.0274863
twice,7.11717,0.0638502,-0.0804712,0.016621
believe,7.13604,-0.0378503,0.0279046,0.00994579
disk,7.32409,-0.0661446,0.0153193,0.0508253
might,7.14561,-0.0874285,0.0327737,0.0546548
network,7.22565,-0.00901568,0.0435854,-0.0345697
photo,7.16502,0.0613825,-0.0714356,0.0100531
plant,7.20503,0.105149,-0.0419479,-0.0632013
wrost,7.16502,0.232024,-0.0957966,-0.136228
cook,7.22565,0.0346293,-0.00077152,-0.0338577
kept,7.15527,-0.00205059,-0.0461846,0.0482351
prize,7.17488,-0.0748614,0.0538571,0.0210042
tea,7.19488,-0.00834094,0.067793,-0.059452
diet,7.40797,-0.0242098,-0.0218255,0.0460353
heats,7.16502,-0.0375268,0.107656,-0.0701291
curtain,7.19488,0.0535987,-0.108258,0.0546589
feeling,7.15527,-0.0333987,0.0373402,-0.00394149
members,7.16502,-0.000384487,-0.0537439,0.0541284
number,7.16502,-0.0881304,0.106903,-0.018773
pay,7.17488,-0.0720722,0.083764,-0.0116918
tank,7.2467,0.0161777,-0.00142505,-0.0147527
chair,7.2467,-0.0420879,-0.00155668,0.0436445
cushion,7.2574,-0.00549548,0.0165704,-0.0110749
drive,7.40797,-0.0551279,-0.068638,0.123766
load,7.20503,-0.0141819,0.0258778,-0.011696
lots,7.18483,0.055898,0.00418581,-0.0600838
p,7.32409,0.00126083,-0.0419686,0.0407078
casting,7.2574,-0.0800065,0.0567967,0.0232098
fixed,7.18483,-0.00849654,0.0307123,-0.0222157
leakage,7.18483,0.109938,-0.00813775,-0.1018
store,7.20503,-0.100867,0.0776094,0.0232572
become,7.20503,-0.0318594,0.0525714,-0.0207121
difference,7.22565,0.135393,-0.0720375,-0.0633554
earlier,7.22565,-0.094366,0.0588448,0.0355212
geyser,7.34735,0.0478372,-0.017569,-0.0302682
jeeves,7.26821,0.0465651,-0.123521,0.0769563
specially,7.17488,0.0287786,-0.183024,0.154245
called,7.2467,-0.0169206,0.0830595,-0.0661388
friends,7.23612,0.0351127,0.0347552,-0.0698678
pre,7.26821,0.0364447,0.0125354,-0.0489801
sony,7.39555,0.0165215,-0.023786,0.00726445
tight,7.20503,0.0351802,0.0597605,-0.0949408
chromecast,7.35918,0.0300275,-0.0894871,0.0594596
faced,7.20503,-0.0229727,-0.0604434,0.0834162
assistant,7.32409,-0.0345894,0.0376925,-0.00310314
cheaper,7.21529,0.0266892,-0.0597297,0.0330405
end,7.2574,-0.0834838,0.0844462,-0.000962379
lasting,7.21529,0.00129166,-0.0178272,0.0165355
realme,7.33565,-0.00425098,-0.0188962,0.0231472
son,7.20503,-0.101346,0.0526307,0.0487158
along,7.23612,-0.0247294,-0.121973,0.146702
blindly,7.22565,-0.0400047,-0.00658128,0.046586
dishes,7.31266,-0.0207458,0.0322203,-0.0114746
thick,7.2574,-0.0760902,0.0403835,0.0357067
understand,7.22565,0.00556946,0.00723974,-0.0128092
cant,7.2467,0.0301973,0.0198526,-0.0500499
consumption,7.26821,-0.0748802,0.0151532,0.059727
cut,7.31266,0.0510098,-0.0538606,0.00285081
delicate,7.22565,0.0673078,0.0609423,-0.12825
note,7.23612,0.0019283,0.0366735,-0.0386018
outside,7.2574,0.0248577,0.0227277,-0.0475855
paid,7.23612,-0.0608302,0.0787034,-0.0178732
regret,7.23612,0.0393819,-0.0419768,0.0025949
screws,7.39555,0.063981,-0.0435032,-0.0204778
true,7.2467,0.0370182,-0.166182,0.129163
version,7.38328,-0.00735154,0.0728229,-0.0654714
auto,7.31266,0.0583575,-0.0115394,-0.0468181
bright,7.23612,-0.164539,0.118548,0.0459914
case,7.29019,-0.0492198,0.0462248,0.00299497
complaint,7.31266,0.0721602,-0.0866779,0.0145176
flow,7.37116,-0.0889837,0.117866,-0.0288827
functions,7.27914,-0.0502865,0.0343775,0.015909
future,7.2574,-0.0352204,-0.00477713,0.0399975
lag,7.27914,0.0713978,-0.0103978,-0.061
polite,7.2574,-0.0622873,-0.0737897,0.136077
rubber,7.26821,0.0327413,0.000741225,-0.0334825
blue,7.29019,-0.0714396,0.129432,-0.0579922
effect,7.27914,-0.0566787,0.0390937,0.0175851
expectation,7.2467,0.00339559,0.0564999,-0.0598954
horrible,7.26821,0.211247,-0.0994856,-0.111761
improved,7.2574,-0.0619839,-0.025737,0.0877208
pant,7.30136,0.0444346,0.0141912,-0.0586258
sd,7.35918,-0.00479654,-0.0188177,0.0236143
send,7.31266,0.0411412,0.0230167,-0.0641579
waiting,7.2574,0.0235002,0.0777893,-0.10129
away,7.27914,0.0306185,0.00139706,-0.0320155
cart,7.29019,-0.0102264,0.0476786,-0.0374522
charged,7.32409,0.0835019,-0.0518062,-0.0316957
haven,7.26821,0.00767212,-0.0166766,0.00900447
macbook,7.45926,-0.0609379,-0.046919,0.107857
solid,7.30136,-0.0703258,0.0541646,0.0161612
elegant,7.26821,-0.0987662,-0.199581,0.298348
felt,7.29019,-0.00856495,0.00321626,0.00534869
milk,7.43329,0.0382087,-0.0263414,-0.0118672
scratches,7.30136,-0.0179366,0.098677,-0.0807404
additional,7.31266,0.0431785,-0.0535668,0.0103883
branded,7.29019,-0.0331586,0.0516926,-0.018534
close,7.30136,-0.140848,0.043535,0.0973134
important,7.32409,0.0574674,-0.123924,0.0664565
portable,7.29019,-0.0794806,0.0763783,0.00310233
correct,7.32409,0.0904432,-0.0527853,-0.0376579
dish,7.38328,0.02825,-0.0277413,-0.000508731
external,7.33565,-0.0249775,0.00765311,0.0173244
materials,7.29019,0.000671844,-0.00134693,0.000675086
says,7.34735,0.0692117,-0.108452,0.0392401
huge,7.30136,0.0180499,0.0221563,-0.0402062
kettle,7.42055,0.0132518,-0.00473182,-0.00851997
pieces,7.33565,0.0244762,0.0424518,-0.066928
unable,7.35918,0.101333,0.00306444,-0.104397
wasted,7.32409,0.151704,-0.0109392,-0.140765
efficient,7.32409,-0.161113,0.0582132,0.102899
fans,7.48593,-0.0232514,0.0192007,0.00405066
hr,7.39555,0.031825,-0.00506636,-0.0267586
operation,7.35918,-0.0119908,-0.00285225,0.0148431
past,7.32409,-0.0205712,-0.132522,0.153093
tell,7.32409,-0.0959847,0.0633536,0.0326311
facing,7.32409,-0.0159487,0.0306274,-0.0146787
glass,7.38328,-0.0227306,-0.0361968,0.0589274
healthy,7.40797,-0.0955421,0.0790814,0.0164607
means,7.34735,-0.00097576,-0.0331912,0.034167
sofa,7.34735,-0.0823334,0.0585515,0.0237819
wrong,7.33565,-0.00181348,0.0439222,-0.0421087
based,7.38328,-0.00726294,-0.116921,0.124183
changed,7.35918,0.0135329,0.0347622,-0.0482952
electricity,7.37116,0.0184147,-0.0727298,0.0543151
enjoy,7.38328,-0.165193,0.0271836,0.138009
feet,7.48593,0.0752768,-0.0690694,-0.00620741
heater,7.44619,-0.0427207,0.081829,-0.0391083
plants,7.45926,-0.0262472,0.0194653,0.00678194
reason,7.35918,0.0421589,-0.00432722,-0.0378317
shopping,7.40797,0.00194771,-0.122533,0.120585
standard,7.35918,0.150182,-0.127166,-0.0230159
uses,7.34735,0.0277139,-0.0295759,0.00186196
west,7.33565,0.239307,-0.0856452,-0.153662
window,7.44619,-0.0832646,0.0470388,0.0362258
cap,7.42055,0.0656958,0.0839587,-0.149655
cleans,7.40797,-0.0071109,-0.0772587,0.0843696
crompton,7.51333,-0.0136819,-0.010091,0.0237729
detergent,7.57049,0.034307,-0.0629037,0.0285967
negative,7.38328,-0.0959989,0.0895064,0.00649253
nest,7.5415,-0.0242929,0.0321783,-0.00788543
technology,7.42055,-0.102248,0.0848055,0.0174427
turn,7.44619,0.00217439,-0.00102806,-0.00114633
considering,7.37116,-0.0205042,-0.0309235,0.0514277
durability,7.35918,-0.0678709,-0.010423,0.0782939
link,7.51333,0.00215254,-0.00847206,0.00631952
oily,7.47251,0.110925,-0.0477079,-0.0632172
pipes,7.48593,0.0422631,0.0322209,-0.074484
sticky,7.38328,0.0660532,-0.0546737,-0.0113795
wife,7.42055,0.026226,-0.146472,0.120246
ac,7.42055,0.0287763,-0.0172586,-0.0115177
automatic,7.48593,-0.00256588,0.0647177,-0.0621519
behaviour,7.40797,-0.0100779,-0.0159417,0.0260196
colours,7.44619,-0.075392,0.00620719,0.0691849
placed,7.42055,0.0138591,0.00837551,-0.0222346
possible,7.37116,-0.0215752,0.0499056,-0.0283304
screw,7.47251,0.0427619,-0.00305407,-0.0397078
shows,7.40797,0.0503606,0.0208371,-0.0711977
wast,7.39555,0.204825,-0.0567522,-0.148073
watching,7.38328,-0.0509967,-0.0433445,0.0943413
grind,7.44619,0.0722474,0.0151351,-0.0873825
included,7.45926,-0.0197295,0.0458413,-0.0261118
lock,7.43329,0.0439675,0.0336817,-0.0776492
mount,7.57049,-0.0709423,0.0592631,0.0116792
move,7.44619,0.0777606,-0.0578882,-0.0198724
printer,7.49954,0.0470193,-0.00685382,-0.0401654
setting,7.47251,-0.00222739,0.048627,-0.0463996
terms,7.40797,-0.0498748,0.00246744,0.0474074
usual,7.39555,-0.0473824,-0.0509073,0.0982897
drawback,7.39555,-0.0993628,0.0684753,0.0308875
longer,7.39555,-0.0171287,0.0422339,-0.0251051
maximum,7.45926,-0.0259177,0.0293239,-0.00340618
mb,7.69565,-0.0566128,0.0379443,0.0186685
mother,7.43329,0.0286605,-0.155285,0.126625
near,7.43329,0.0145276,0.0043165,-0.0188441
pages,7.55589,0.0705319,-0.0241985,-0.0463333
remove,7.47251,0.0351586,-0.0158659,-0.0192927
strength,7.47251,-0.0588518,0.0714413,-0.0125895
apart,7.40797,-0.0359219,-0.00676197,0.0426838
bucket,7.52732,-0.0117633,0.0282181,-0.0164549
bulb,7.48593,0.113878,-0.0866034,-0.0272746
ekart,7.43329,0.015553,-0.0242613,0.00870831
fragrance,7.43329,0.106662,-0.172785,0.0661232
left,7.44619,0.0152291,0.0480845,-0.0633135
philips,7.45926,0.020626,-0.0705738,0.0499477
produced,7.40797,0.063356,-0.147994,0.0846384
prompt,7.43329,-0.0650167,-0.0817425,0.146759
pump,7.60034,-0.0848724,0.0373359,0.0475366
repair,7.47251,0.0329015,0.0353141,-0.0682157
singer,7.63111,-0.0240178,-0.0795244,0.103542
ahead,7.42055,-0.0655692,0.0146525,0.0509167
blade,7.61561,0.0588581,-0.0404234,-0.0184348
cello,7.45926,-0.0623901,0.0225086,0.0398815
early,7.43329,-0.00173937,0.0960215,-0.0942821
faded,7.42055,0.0788718,0.0480608,-0.126933
minimum,7.43329,-0.0498404,0.0492091,0.00063137
recieved,7.45926,-0.00312093,-0.00360425,0.00672518
reliable,7.43329,-0.0194455,-0.0418532,0.0612987
sheet,7.44619,-0.0936579,0.0222975,0.0713604
atleast,7.45926,-0.0216022,-0.0440068,0.0656091
choose,7.48593,0.0872333,-0.050977,-0.0362563
described,7.47251,0.0065591,-0.028955,0.0223959
outer,7.45926,-0.0150699,0.0503865,-0.0353167
pillow,7.48593,-0.047986,0.0335083,0.0144778
reading,7.43329,0.141208,-0.102668,-0.0385396
save,7.43329,-0.106747,0.0331828,0.073564
seconds,7.47251,0.0349014,-0.0296969,-0.00520444
sharp,7.45926,0.0526632,-0.0135618,-0.0391014
stable,7.51333,-0.00446339,0.0246174,-0.020154
wallet,7.48593,-0.0551901,0.0847763,-0.0295862
bicycle,7.60034,0.0570709,-0.078468,0.0213971
charges,7.48593,0.0573827,-0.0488798,-0.00850289
isn,7.44619,0.0795412,-0.0177913,-0.0617499
middle,7.44619,0.0231606,0.0408752,-0.0640358
panel,7.66286,-0.140114,0.0831292,0.056985
protect,7.45926,-0.0377109,-0.0500109,0.0877218
sent,7.47251,0.125766,-0.151264,0.0254977
silent,7.44619,-0.0608915,-0.0845993,0.145491
tap,7.60034,0.0685309,-0.0531757,-0.0153551
tough,7.47251,-0.188995,0.116672,0.0723237
types,7.48593,0.0724486,-0.143094,0.0706452
feedback,7.49954,-0.0392251,-0.0203229,0.0595479
fi,7.48593,0.00862387,0.076134,-0.0847578
foot,7.57049,-0.0250925,-0.0153231,0.0404156
hang,7.51333,-0.00343526,0.0726785,-0.0692432
holder,7.60034,0.0841467,-0.0544156,-0.0297311
mirroring,7.60034,0.0256591,0.0350875,-0.0607466
prefer,7.47251,-0.101585,0.0166468,0.0849386
summer,7.47251,-0.0415469,-0.0175583,0.0591052
terrific,7.48593,-0.0889914,-0.00664023,0.0956317
ago,7.47251,-0.0487413,0.0293068,0.0194344
asked,7.5415,0.0205592,-0.0213834,0.000824139
cord,7.52732,0.0172098,-0.0130911,-0.00411867
fall,7.49954,0.0485557,-0.00459275,-0.043963
hate,7.47251,0.19462,-0.0644799,-0.130141
keeping,7.49954,-0.0372661,-0.00565698,0.0429231
motorola,7.60034,0.0418772,-0.071166,0.0292888
rod,7.51333,0.0315438,-0.00689653,-0.0246473
rods,7.61561,0.0115279,0.0478308,-0.0593587
starting,7.48593,0.0840857,-0.0057791,-0.0783066
supports,7.57049,-0.0990542,0.0469377,0.0521165
throw,7.52732,-0.0170271,0.0406146,-0.0235875
word,7.48593,-0.00718903,-0.000252794,0.00744182
avarage,7.49954,-0.0188521,0.157142,-0.13829
blazer,7.67912,-0.0877824,0.0545353,0.0332472
complaints,7.49954,-0.0186278,-0.0407935,0.0594213
cream,7.55589,0.0236408,-0.0605107,0.0368699
dark,7.49954,-0.0186764,0.0455755,-0.0268991
hands,7.48593,0.0449574,-0.149816,0.104858
legs,7.5415,0.113864,-0.00847107,-0.105393
regarding,7.55589,0.132116,-0.159557,0.0274408
returned,7.48593,0.123317,-0.0276455,-0.0956716
self,7.51333,0.0459107,-0.0435047,-0.00240605
shirt,7.51333,0.144572,-0.256146,0.111575
someone,7.52732,0.0317441,-0.022919,-0.00882505
actual,7.52732,0.0598658,-0.0463074,-0.0135585
adapter,7.5853,0.00964316,-0.0209058,0.0112626
amezing,7.51333,-0.194661,0.0129814,0.18168
avoid,7.52732,0.0256834,0.0528316,-0.078515
canon,7.60034,9.04356e-05,-0.0977263,0.0976359
chip,7.60034,0.131461,-0.0408074,-0.0906537
cooker,7.64686,0.0301704,-0.00260103,-0.0275694
cushions,7.5415,-0.0232747,-0.0397261,0.0630007
customers,7.51333,0.0248902,-0.0547764,0.0298861
details,7.49954,-0.157961,0.114155,0.0438058
gen,7.64686,-0.0794608,0.0213649,0.0580959
inbuilt,7.55589,-0.00272125,0.0149975,-0.0122763
marq,7.64686,-0.0534822,0.0620986,-0.00861639
users,7.55589,0.0506777,-0.0395274,-0.0111503
fits,7.51333,-0.0331083,-0.206234,0.239342
germinated,7.57049,-0.00103448,0.00528788,-0.0042534
grip,7.5415,-0.0179813,0.0401316,-0.0221503
hence,7.52732,-0.0225456,0.0574086,-0.034863
pixel,7.61561,-0.125985,0.0674041,0.0585808
receive,7.51333,-0.00981115,0.0166367,-0.00682557
runs,7.5853,-0.0412059,0.0245149,0.016691
rupees,7.5415,0.00683884,-0.0415824,0.0347436
shop,7.57049,0.00769037,-0.00701471,-0.000675657
told,7.57049,0.125617,-0.170159,0.044542
went,7.57049,0.0664036,-0.0318898,-0.0345138
words,7.51333,-0.081286,0.0373591,0.0439269
b,7.57049,-0.0115976,0.00969825,0.00189938
couple,7.5415,-0.037192,-0.0451716,0.0823635
ft,7.80101,-0.0617617,0.0658289,-0.00406718
lamp,7.60034,-0.015246,-0.0423926,0.0576386
starts,7.55589,0.0225806,-0.00539597,-0.0171846
stuck,7.55589,0.0989027,0.0222458,-0.121149
supported,7.57049,0.10414,-0.0682277,-0.035912
wanted,7.55589,0.0038518,-0.0414857,0.0376339
wet,7.60034,0.0665542,0.0415375,-0.108092
assembly,7.64686,0.0274844,-0.0497252,0.0222408
bag,7.60034,-0.0234689,0.0570946,-0.0336257
batter,7.63111,-0.0322171,0.0622565,-0.0300394
brilliant,7.5415,-0.167477,-0.0193022,0.186779
checked,7.55589,-0.0201385,0.0125268,0.00761165
completed,7.5853,0.0407421,-0.030074,-0.0106681
dietician,7.8197,-0.0281797,0.000164488,0.0280152
fade,7.5415,0.093513,-0.0385182,-0.0549948
lost,7.57049,0.110979,-0.0329258,-0.0780531
mac,7.72955,-0.132466,0.020204,0.112262
promised,7.57049,-0.0750665,0.000744416,0.0743221
ssd,7.67912,-0.0307372,0.0633446,-0.0326074
surface,7.55589,0.12356,-0.0582081,-0.065352
thnx,7.57049,-0.157415,0.0668531,0.090562
vessels,7.71246,0.0232077,-0.0171685,-0.00603918
width,7.5853,-0.0154156,0.0119872,0.00342842
bbd,7.55589,0.0888766,-0.12994,0.0410635
bosch,7.80101,-0.0104713,0.0283218,-0.0178505
designed,7.57049,0.0410673,-0.0372954,-0.00377191
fresh,7.5853,-0.137964,0.00532649,0.132637
ground,7.64686,-0.0589817,-0.0136373,0.072619
key,7.66286,-0.00232804,0.0787413,-0.0764133
leaking,7.60034,0.100165,0.0037023,-0.103867
photos,7.60034,0.132212,-0.0645763,-0.0676356
protection,7.57049,0.0249641,-0.0786158,0.0536517
provides,7.5853,-0.0404062,0.0211156,0.0192906
satisfaction,7.5853,0.00578468,-0.0512606,0.045476
satisfying,7.55589,-0.026735,0.0135499,0.0131851
toy,7.60034,0.0420541,-0.0327557,-0.00929839
uv,7.69565,-0.0489249,0.0816899,-0.032765
wi,7.5853,0.0591188,0.0252016,-0.0843204
wrist,7.64686,0.0906265,-0.0948726,0.00424611
beginner,7.57049,-0.0853429,-0.136781,0.222124
channels,7.72955,-0.0401798,0.0108292,0.0293506
compatible,7.66286,0.0209683,0.015414,-0.0363823
electric,7.60034,-0.0269711,0.0330525,-0.00608139
exlent,7.60034,-0.157523,-0.160027,0.31755
hanging,7.5853,0.0235162,0.0579281,-0.0814443
initially,7.60034,0.0466012,-0.0357611,-0.0108401
least,7.57049,0.00112009,0.0533839,-0.0545039
prices,7.60034,-0.0694841,0.0301574,0.0393267
sensor,7.5853,-0.00553571,0.0227941,-0.0172584
via,7.63111,0.023469,0.0174329,-0.0409019
board,7.63111,0.00615388,-0.0084278,0.00227392
contact,7.64686,0.100978,-0.0205773,-0.0804012
delay,7.60034,-0.0482228,0.043745,0.0044778
delayed,7.60034,0.00505532,0.0980713,-0.103127
exchange,7.71246,-0.0077955,0.0306394,-0.0228439
f,7.63111,0.020288,-0.0457618,0.0254738
shape,7.61561,0.0866113,-0.000166984,-0.0864443
spend,7.61561,0.0322526,-0.00515171,-0.0271009
trusted,7.60034,-0.0129843,-0.139496,0.15248
vacuum,7.66286,-0.0153149,0.0705046,-0.0551896
appreciate,7.63111,-0.0447949,-0.066436,0.111231
faulty,7.63111,0.142499,-0.023896,-0.118603
friend,7.64686,-0.0319167,-0.0083432,0.0402599
hesitation,7.60034,-0.103265,-0.0399779,0.143243
images,7.64686,0.0406894,-0.0137813,-0.0269081
improvement,7.60034,-0.0153917,0.0716402,-0.0562485
inches,7.71246,-0.0992963,-0.0195739,0.11887
knowledge,7.64686,0.00894837,0.0319657,-0.0409141
pin,7.69565,-0.0665898,0.0288424,0.0377474
prestige,7.71246,0.107074,-0.129887,0.0228131
rack,7.66286,0.0108625,-0.0178144,0.0069519
similar,7.60034,0.103371,-0.0518855,-0.0514853
suggestion,7.60034,0.073387,-0.10366,0.0302729
ultimate,7.60034,-0.154111,-0.14145,0.29556
worse,7.64686,0.145144,-0.0360043,-0.10914
courier,7.72955,0.0656901,-0.0831529,0.0174628
decision,7.64686,-0.0215748,-0.0571123,0.078687
fitted,7.61561,0.0564456,-0.00487359,-0.051572
handling,7.61561,0.0174176,-0.135492,0.118075
hotspot,7.80101,-0.0496772,-0.0390335,0.0887106
lasts,7.63111,-0.15228,-0.0151635,0.167444
lightweight,7.61561,-0.0849645,0.0975817,-0.0126172
photography,7.66286,0.00022344,0.0379678,-0.0381913
previous,7.63111,0.0144587,-0.0563792,0.0419206
prime,7.66286,0.0315221,-0.0211856,-0.0103365
saying,7.63111,-0.0413804,-0.0264889,0.0678693
seeing,7.61561,0.0759637,0.018144,-0.0941077
selling,7.63111,0.0426082,-0.0556354,0.0130272
soil,7.69565,0.149504,-0.108413,-0.0410919
stay,7.66286,0.0674653,-0.0546937,-0.0127715
veri,7.61561,-0.0174055,-0.0368764,0.0542819
disappointing,7.63111,0.109975,-0.0536498,-0.056325
edges,7.64686,0.0133697,0.0383255,-0.0516952
hardly,7.63111,0.152251,-0.053033,-0.0992176
increase,7.63111,0.0422995,-0.101623,0.0593237
live,7.67912,0.0180805,0.0064936,-0.0245741
ml,7.85817,-0.0249399,-0.0853054,0.110245
saving,7.64686,-0.100492,0.0630777,0.0374146
saw,7.64686,-0.0630541,0.0569854,0.00606866
seagate,7.78266,-0.0252746,-0.048069,0.0733436
waist,7.67912,0.137849,-0.00527881,-0.13257
becomes,7.67912,-0.040663,0.00832168,0.0323413
calls,7.76464,0.0379136,-0.0153523,-0.0225613
cleaned,7.67912,-0.0552785,-0.0264497,0.0817282
corners,7.67912,-0.0475893,0.0138232,0.0337661
dead,7.71246,0.146057,-0.0351448,-0.110912
dirty,7.69565,0.0955883,-0.0249531,-0.0706352
osam,7.64686,-0.205694,0.060109,0.145585
personally,7.69565,-0.00709024,0.0453532,-0.038263
reviewing,7.64686,-0.0432531,-0.0930277,0.136281
safely,7.67912,-0.152694,0.0683243,0.0843695
satisfy,7.64686,-0.0512426,0.0830815,-0.0318388
spent,7.64686,-0.0442399,-0.0337934,0.0780333
x,7.8197,-0.0684178,0.0159463,0.0524716
added,7.67912,-0.0154071,-0.10005,0.115457
assembling,7.69565,-0.0493757,0.0286525,0.0207232
expecting,7.66286,0.0179163,0.0629914,-0.0809077
growing,7.67912,-0.0377659,0.0954857,-0.0577199
lens,7.9188,0.0305089,-0.0242232,-0.00628576
liquid,7.74695,0.0128745,-0.0128183,-5.62314e-05
loss,7.71246,0.111487,-0.0177853,-0.0937016
lowest,7.66286,0.116778,-0.0740799,-0.0426983
matter,7.66286,-0.0158025,-0.015744,0.0315465
netflix,7.74695,-0.0392748,0.0568936,-0.0176188
okk,7.67912,-0.115761,0.13945,-0.0236897
red,7.74695,0.0297162,0.00690622,-0.0366224
remains,7.66286,-0.0766096,-0.0292275,0.105837
search,7.69565,0.0364835,-0.0826449,0.0461614
serves,7.67912,-0.102263,0.0201645,0.0820987
slim,7.66286,0.0912464,-0.0429477,-0.0482987
wave,7.78266,0.0773998,-0.0730255,-0.00437425
alot,7.69565,-0.00117211,0.0829557,-0.0817835
cake,7.71246,-0.0537552,0.0306342,0.023121
fastest,7.67912,-0.117019,0.0614294,0.05559
germination,7.71246,0.0369028,-0.0498691,0.0129663
hz,7.76464,-0.0249953,-0.0277411,0.0527364
keys,7.80101,-0.0118524,0.104389,-0.0925369
match,7.72955,-0.00661241,0.0294377,-0.0228253
rough,7.69565,0.0407898,0.0620912,-0.102881
sleek,7.69565,-0.11467,0.0123928,0.102277
streaming,7.85817,0.0680014,-0.0705005,0.00249914
tested,7.71246,-0.0185838,-0.0593949,0.0779787
ask,7.72955,0.0851603,-0.113572,0.0284119
beat,7.69565,-0.0655716,0.0107384,0.0548331
children,7.69565,-0.057038,0.0493994,0.00763865
coverage,7.71246,0.0331867,0.00486827,-0.038055
dual,7.69565,0.0527277,0.0895322,-0.14226
follow,7.71246,-0.0697679,-0.0332718,0.10304
frequently,7.78266,0.000436741,0.0534274,-0.0538642
graphics,7.8197,0.0820537,-0.162469,0.0804151
leg,7.8197,0.0308899,0.0907618,-0.121652
opened,7.74695,0.0366689,-0.0387237,0.00205487
poco,7.8197,-0.00540717,-0.0358065,0.0412137
powder,7.80101,0.0206856,0.000218839,-0.0209044
purification,7.78266,-0.00328695,0.0169599,-0.0136729
test,7.74695,0.0291273,-0.0106548,-0.0184725
wish,7.76464,-0.0599692,0.0339949,0.0259743
aux,7.78266,-0.0280892,-0.0301272,0.0582164
behavior,7.76464,0.0939111,-0.0395192,-0.0543919
fill,7.76464,-0.0573216,0.0476948,0.00962676
frame,7.76464,-0.0671559,0.0259954,0.0411605
immediately,7.74695,0.031867,-0.0415558,0.00968882
iphone,7.8197,0.0292857,-0.120498,0.0912119
laptops,7.8197,-0.0332941,-0.0412406,0.0745347
minute,7.71246,0.0239388,-0.0145255,-0.00941333
notch,7.72955,-0.0952346,-0.090425,0.18566
sometime,7.71246,0.0385392,0.0120046,-0.0505438
special,7.72955,0.110184,-0.0690128,-0.0411711
stitch,7.74695,-0.0040616,0.0733779,-0.0693163
theatre,7.76464,0.000535292,0.0534509,-0.0539862
transparent,7.72955,0.0527689,0.0237847,-0.0765536
whether,7.74695,-0.024176,0.0132386,0.0109374
arrived,7.72955,0.00401119,-0.0502484,0.0462372
burning,7.74695,0.0558986,0.0474151,-0.103314
careful,7.80101,-0.0307538,-0.0306235,0.0613773
charm,7.74695,-0.0564665,-0.0957901,0.152257
continuously,7.72955,0.0278077,0.0420689,-0.0698766
corner,7.72955,0.017747,-0.0210926,0.00334551
current,7.80101,-0.0062255,0.0183714,-0.0121459
directly,7.76464,-0.0617094,0.0372882,0.0244213
everytime,7.74695,0.0310915,-0.00949547,-0.021596
fruits,7.80101,-0.0651054,0.10288,-0.0377749
functioning,7.72955,-0.0310836,0.0508432,-0.0197596
health,7.76464,-0.0153861,0.0287511,-0.013365
hi,7.72955,0.0769834,-0.101821,0.024838
maybe,7.74695,-0.00862485,-0.00928269,0.0179075
mostly,7.72955,-0.0751713,0.00266331,0.072508
ones,7.74695,-0.149969,0.0372702,0.112699
printing,7.80101,0.185001,-0.218525,0.0335241
shoe,7.72955,0.0455741,-0.0305543,-0.0150199
strongly,7.72955,-0.0554457,0.0087945,0.0466512
student,7.72955,-0.0188645,-0.178053,0.196918
thanx,7.76464,-0.125783,0.0429687,0.0828142
china,7.76464,0.10259,0.0134386,-0.116029
concern,7.74695,-0.0840571,-0.0881324,0.17219
delivering,7.74695,0.000526403,0.0202125,-0.0207389
double,7.74695,-0.122854,0.0383081,0.0845461
files,7.8197,0.0450008,-0.00839523,-0.0366056
grill,7.85817,0.0704243,-0.00504166,-0.0653827
inalsa,7.83875,-0.00637281,-0.0571882,0.063561
mirror,7.8197,0.0400449,-0.048807,0.00876203
surely,7.76464,-0.0971619,-0.0269665,0.124128
tvs,7.83875,0.125249,-0.164573,0.0393241
ups,7.9188,-0.0581393,0.0919986,-0.0338593
view,7.78266,-0.0365359,0.025757,0.0107789
adjust,7.8197,0.0474098,0.000470353,-0.0478802
became,7.78266,0.0985795,0.0266206,-0.1252
carefully,7.80101,-0.128,0.0395342,0.0884653
channel,7.85817,-0.0864832,0.0487406,0.0377426
cm,7.98333,0.0497912,-0.0539253,0.00413411
couldn,7.8197,-0.049825,0.0818123,-0.0319873
ice,7.93985,-0.0409346,0.0443677,-0.00343313
modes,7.80101,0.0220587,0.0790907,-0.101149
moving,7.8197,0.0626008,-0.0365759,-0.0260249
pricing,7.80101,-0.135906,0.017771,0.118135
pureit,8.0288,0.0569538,-0.0571345,0.000180774
world,7.76464,0.0723898,-0.135442,0.0630525
colors,7.85817,0.0742146,-0.0779221,0.00370754
convenient,7.78266,-0.145337,0.0860318,0.0593047
decided,7.8197,-0.158031,0.117961,0.0400698
dis,7.8197,0.0630014,-0.155533,0.092532
executive,7.8197,0.0216671,-0.00691673,-0.0147504
eyes,7.78266,0.0843969,-0.189166,0.104769
instalation,7.93985,0.00927106,-0.0269891,0.0177181
lite,7.8197,-0.0818413,0.0922391,-0.0103978
mah,7.98333,0.0145984,0.00487703,-0.0194754
mat,7.78266,-0.00933474,0.0395556,-0.0302209
movie,7.8197,0.0187045,-0.0453009,0.0265964
offers,7.87797,0.126604,-0.081616,-0.0449881
personal,7.78266,0.0432362,-0.0276678,-0.0155684
pics,7.8197,-0.0661047,-0.0352856,0.10139
planning,7.78266,-0.254534,0.140886,0.113648
priced,7.80101,-0.00415587,0.0189519,-0.014796
purposes,7.78266,-0.0174641,-0.13016,0.147624
ready,7.80101,-0.0764351,0.0606541,0.015781
realy,7.8197,-0.0176793,-0.00507536,0.0227546
rooms,7.78266,-0.0257187,-0.0863108,0.11203
sec,7.96136,-0.0401271,0.0204597,0.0196674
vaccum,7.85817,0.0542011,0.0165066,-0.0707077
vegetables,7.8197,0.025609,-0.0479901,0.0223812
wheel,7.83875,0.0016266,0.0388142,-0.0404408
worry,7.80101,-0.130371,-0.141342,0.271713
written,7.8197,0.0940127,-0.0906735,-0.00333915
anywhere,7.80101,-0.01392,0.0127154,0.00120463
bye,7.83875,0.124125,-0.13747,0.0133447
cheapest,7.83875,0.123402,-0.0892852,-0.0341166
comments,7.8197,0.0272793,5.4967e-06,-0.0272848
daughter,7.8197,-0.112885,-0.101983,0.214868
dull,7.80101,0.0244415,0.0880565,-0.112498
fire,7.87797,0.00870514,0.0484902,-0.0571953
fluffy,7.85817,-0.0368874,-0.0292209,0.0661083
glad,7.8197,-0.124064,0.0730741,0.0509902
holes,7.85817,0.10287,-0.0340168,-0.0688536
interface,7.83875,0.028221,0.0113997,-0.0396207
morning,7.8197,-0.0526688,-0.066276,0.118945
movies,7.85817,-0.135243,0.0800241,0.055219
msi,8.07642,0.0503268,-0.0718413,0.0215145
nivia,7.9188,-0.071058,0.0721895,-0.0011315
phones,7.85817,-0.0907522,0.0709924,0.0197598
played,7.8197,-0.1422,0.133308,0.00889236
reach,7.8197,0.0287446,0.0105122,-0.0392568
removed,7.80101,0.0819565,-0.0872694,0.00531288
rich,7.8197,-0.0150282,-0.00265499,0.0176832
shiny,7.83875,-0.100831,0.0264739,0.0743571
specifications,7.8197,0.0686223,-0.0431697,-0.0254525
tp,7.93985,-0.0166398,0.0284762,-0.0118364
tube,7.93985,-0.0445262,0.00542909,0.0390971
washed,7.85817,0.00268369,-0.0182626,0.0155789
worest,7.8197,0.182008,-0.0359161,-0.146091
zero,7.83875,0.0934793,-0.0612016,-0.0322777
attached,7.85817,-0.0127582,0.0311266,-0.0183684
bend,7.87797,0.0151638,0.0225106,-0.0376744
computer,7.9188,0.0602686,-0.13426,0.0739915
covers,7.87797,0.0768729,-0.0816645,0.00479151
green,7.93985,-0.0140983,-0.0123692,0.0264675
happened,7.83875,-0.082308,0.0205734,0.0617346
ideal,7.85817,-0.049639,0.0205559,0.0290831
indicator,7.93985,0.0551467,-0.0372085,-0.0179381
instructions,7.83875,0.0423879,0.036514,-0.0789019
kid,7.8197,0.137059,-0.152454,0.0153955
ltr,8.00581,-0.0753378,0.0328204,0.0425173
meterial,7.83875,0.0140667,0.0308007,-0.0448674
paint,7.87797,-0.0106971,0.0314562,-0.0207591
scrub,8.23465,0.0247447,-0.0756744,0.0509297
supply,7.87797,0.077713,-0.0205406,-0.0571724
truly,7.8197,-0.0524432,-0.144008,0.196451
upgrade,7.85817,-0.0575432,-0.0137568,0.0713
wheels,7.83875,0.0142058,-0.0219758,0.00776999
approx,7.87797,-0.000309267,0.0878815,-0.0875722
beyond,7.83875,-0.0929,0.0121784,0.0807216
center,7.89818,0.0122585,0.00615382,-0.0184123
complain,7.83875,0.0108014,-0.0808434,0.070042
con,7.85817,-0.204629,0.0735908,0.131038
energy,7.83875,0.0445854,-0.09341,0.0488246
explained,7.85817,0.0262359,-0.169594,0.143358
game,7.87797,0.0249177,-0.128787,0.103869
hall,7.83875,0.101176,-0.195405,0.0942291
hassle,7.83875,-0.0622852,-0.0900977,0.152383
installing,7.87797,-0.0198892,0.0165242,0.00336505
maintain,7.87797,0.0691015,-0.0767963,0.00769481
mm,7.93985,0.0169145,0.0398026,-0.0567171
pressure,7.87797,-0.0119941,0.0313473,-0.0193532
ride,7.93985,-0.0455725,-0.0729343,0.118507
thats,7.83875,0.0531256,-0.0763218,0.0231962
upper,7.89818,0.0172111,0.0156072,-0.0328183
ah,8.00581,-0.0886306,0.0472376,0.041393
bcoz,7.87797,0.0073715,0.0184513,-0.0258228
combination,7.89818,0.0755281,0.00976759,-0.0852957
editing,7.96136,-0.104814,0.0799315,0.0248826
flat,7.87797,0.0679602,0.00211305,-0.0700732
hindware,7.96136,-0.00686608,-0.0219416,0.0288077
household,7.85817,-0.140149,-0.0903442,0.230494
inner,7.87797,0.131118,-0.0848587,-0.0462592
mechanical,8.00581,-0.108483,-0.00331326,0.111796
micro,7.9188,-0.0994412,0.0892584,0.0101827
opening,7.87797,-0.00833989,0.0727777,-0.0644378
pc,8.00581,0.0244546,-0.048355,0.0239004
present,7.89818,0.0133787,0.0247061,-0.0380848
press,7.89818,0.024868,-0.0377006,0.0128326
prodact,7.85817,0.016923,0.026589,-0.0435121
qulity,7.89818,0.00763134,-0.00103545,-0.00659589
safety,7.87797,0.137974,-0.155078,0.0171037
seat,8.05233,0.00478727,0.0256429,-0.0304301
shock,7.96136,0.0654086,0.0203859,-0.0857945
treble,7.9188,0.0946134,-0.151087,0.056474
urban,7.89818,-0.0538549,-0.0803557,0.134211
buttons,7.98333,-0.00271717,0.00247258,0.000244584
five,7.87797,3.67461e-05,-0.00315942,0.00312267
gifting,7.9188,-0.0794079,0.0950266,-0.0156186
hear,7.9188,0.0365632,0.0209666,-0.0575298
noice,7.87797,0.00310063,-0.0422207,0.03912
post,7.93985,-0.040651,0.0781333,-0.0374824
rather,7.89818,0.102325,-0.0662759,-0.0360489
spacious,7.87797,0.00880336,-0.172043,0.163239
stitches,7.9188,0.0919368,0.0502808,-0.142218
thread,7.98333,-0.0216479,0.0494191,-0.0277713
unbelievable,7.87797,-0.109437,-0.119809,0.229246
worthless,7.96136,0.197468,-0.0923664,-0.105102
baking,7.98333,0.0127933,-0.0201372,0.00734393
boiling,7.96136,0.064853,-0.0721326,0.00727951
comparison,7.89818,-0.072557,0.0980495,-0.0254925
confused,7.9188,-0.0127053,-0.0889727,0.101678
grow,8.00581,0.0076648,-0.00777176,0.000106962
honest,7.89818,0.0316714,-0.0331099,0.0014385
major,7.93985,-0.00753987,0.069549,-0.0620091
meet,7.89818,-0.0422435,0.0456134,-0.00336992
opinion,7.89818,-0.17909,0.100942,0.0781482
speeds,8.00581,-0.0372068,0.0604935,-0.0232867
suddenly,7.89818,0.0546465,0.0199877,-0.0746342
watts,8.10112,0.0112994,-0.0154299,0.00413049
anyway,7.9188,-0.084905,0.102206,-0.0173013
awasome,7.9188,-0.145552,-0.149658,0.29521
child,7.93985,-0.00174169,-0.0989875,0.100729
digital,7.93985,0.0390937,-0.0718639,0.0327703
drop,7.93985,-0.156295,0.10336,0.0529351
entry,7.93985,0.00300223,-0.042197,0.0391947
fair,7.9188,-0.00374123,0.0278143,-0.0240731
fixing,7.96136,0.144058,0.00741873,-0.151476
guard,7.96136,-0.0180248,-0.0242981,0.0423229
lags,8.00581,0.0784264,-0.0618652,-0.0165611
living,7.9188,-0.0625175,-0.0332588,0.0957763
luminous,8.05233,-0.00794188,-0.0915173,0.0994592
mony,7.9188,0.000227353,-0.0046038,0.00437644
party,7.93985,-0.0506674,0.0485736,0.00209378
persons,7.9188,-0.0524864,0.0381679,0.0143184
remain,7.9188,-0.0888662,0.0952083,-0.00634208
sales,7.96136,0.0122422,-0.0387704,0.0265283
scratch,7.9188,0.0343217,0.0300262,-0.0643479
several,7.9188,-0.0519365,0.107543,-0.0556064
sir,8.00581,-0.0456246,-0.0480581,0.0936827
sooo,7.93985,-0.0260021,-0.0744776,0.10048
talk,7.9188,0.0306007,-0.0779344,0.0473338
timer,7.98333,-0.104858,0.062392,0.0424658
usually,7.93985,-0.101757,0.0330259,0.0687311
wants,7.96136,0.11549,-0.142925,0.0274341
agent,8.05233,0.00719472,-0.0421964,0.0350017
cheating,7.93985,0.220678,-0.14514,-0.0755385
clearly,7.93985,0.0757068,-0.0549212,-0.0207856
distance,8.05233,-0.0233345,0.00392874,0.0194057
enjoying,7.93985,-0.0935555,0.0907056,0.00284995
exact,7.93985,-0.142387,0.134752,0.00763502
fittings,8.0288,-0.0422665,-0.00926037,0.0515269
fps,8.15241,-0.0242778,-0.0602485,0.0845262
helped,7.93985,-0.257609,0.104665,0.152944
including,7.93985,-0.0139616,0.0395513,-0.0255897
maintenance,8.00581,0.0348476,-0.0573116,0.022464
packet,8.0288,0.0280192,0.0414255,-0.0694448
pizza,8.07642,0.103811,-0.160183,0.0563716
proof,7.98333,0.0800731,-0.0373137,-0.0427593
recently,7.93985,0.0216131,0.0658793,-0.0874924
sell,7.93985,0.0532214,0.0262592,-0.0794806
share,7.93985,-0.228246,0.150002,0.0782439
site,7.98333,-0.0293194,-0.00737604,0.0366954
stops,7.93985,0.0159517,0.066739,-0.0826908
thomson,8.00581,-0.0288603,-0.114952,0.143812
tray,8.0288,0.0375221,-0.00168675,-0.0358353
trying,7.96136,-0.0464697,0.0540836,-0.00761386
changing,7.98333,0.0982898,-0.0488828,-0.049407
chrome,8.15241,0.0208167,-0.012731,-0.00808576
contains,8.00581,-0.0198223,0.0650924,-0.0452701
content,8.15241,0.031056,-0.0863901,0.0553341
damages,7.96136,-0.0855442,0.101303,-0.0157592
fm,8.10112,-0.00312862,-0.109122,0.112251
guide,8.07642,0.0296762,-0.0143318,-0.0153443
information,8.10112,-0.0115562,0.0775816,-0.0660255
kindly,7.98333,0.0423922,0.00102562,-0.0434178
latest,8.00581,-0.00515468,-0.0691901,0.0743447
limited,7.98333,-0.0963156,0.089969,0.00634667
neat,7.98333,-0.0272213,-0.133593,0.160814
operating,8.0288,0.0164696,0.0163485,-0.0328181
os,8.0288,-0.13276,0.0505187,0.0822415
reduced,7.96136,0.0235628,-0.0168254,-0.00673732
research,7.96136,-0.0404574,-0.0672719,0.107729
rtx,7.98333,-0.0351513,-0.132327,0.167478
season,7.98333,0.0813317,-0.145694,0.0643626
sizes,7.96136,0.00665184,-0.0253247,0.0186729
songs,8.05233,0.00361119,0.00315049,-0.00676168
spin,8.15241,0.122929,-0.127843,0.00491375
uncomfortable,7.96136,0.0985478,0.0549181,-0.153466
usable,7.96136,0.0414484,-0.141618,0.10017
zip,8.05233,-0.167336,0.131049,0.0362868
access,8.10112,-0.0838052,0.075457,0.00834822
agaro,8.12643,0.180079,-0.152982,-0.0270967
aluminium,7.98333,-0.0021954,0.00325751,-0.00106211
cause,7.98333,0.0143518,-0.0315329,0.017181
depends,8.00581,0.0954362,-0.152952,0.0575156
fitness,8.0288,-0.086028,-0.0334399,0.119468
four,8.0288,-0.0187068,-0.0449957,0.0637025
goog,7.98333,-0.0831756,0.035365,0.0478106
irritating,8.00581,0.114449,-0.034597,-0.0798522
lighting,8.00581,0.0201999,0.0178033,-0.0380032
likes,7.98333,-0.0330195,-0.142653,0.175672
loves,7.98333,-0.188588,0.0933588,0.0952296
maid,8.0288,0.0652994,-0.136692,0.0713928
mid,8.00581,-0.107454,0.0963967,0.0110574
pain,8.00581,-0.0229806,0.0762093,-0.0532287
prise,7.98333,-0.0263375,0.049259,-0.0229215
se,8.05233,0.00807938,-0.127996,0.119917
slowly,8.00581,0.00658094,0.0845539,-0.0911348
theater,8.00581,0.00970087,-0.080872,0.0711711
apply,8.05233,0.00188729,0.0115886,-0.0134758
didnt,8.17908,-0.00328038,0.0108237,-0.00754337
effects,8.0288,0.0510843,-0.0922561,0.0411717
entire,8.00581,0.0913806,-0.11396,0.0225793
hardware,8.10112,0.0923294,-0.0621291,-0.0302004
hole,8.0288,0.0438196,-0.00786968,-0.0359499
juices,8.05233,-0.0177261,-0.152655,0.170381
ordering,8.00581,-0.0160067,-0.102803,0.118809
percent,8.07642,-0.0411882,0.139732,-0.0985442
printed,8.00581,0.00046707,0.0430531,-0.0435202
salt,8.12643,0.0387256,-0.0625522,0.0238266
sides,8.05233,-0.0111229,0.0590886,-0.0479657
stains,8.10112,0.00570332,0.0372282,-0.0429315
supporting,8.0288,0.0126698,0.043652,-0.0563217
terrain,8.05233,0.00131909,-0.0652871,0.063968
threads,8.0288,0.0241519,0.0420987,-0.0662505
tooo,8.00581,0.0736203,-0.0537037,-0.0199166
visible,8.0288,-0.0817944,0.0678881,0.0139063
adaptor,8.17908,0.00526852,0.0170359,-0.0223044
assembled,8.07642,-0.0309556,0.00694751,0.0240081
balloons,8.12643,0.0498583,0.0531771,-0.103035
belt,8.05233,0.0226526,0.0777838,-0.100436
brakes,8.07642,0.0955832,-0.00694599,-0.0886372
coconut,8.17908,-0.0409896,0.0468215,-0.00583192
coffee,8.05233,-0.00464305,0.0423976,-0.0377545
comparing,8.05233,0.0398695,-0.0248055,-0.015064
coz,8.05233,-0.0182132,0.0317702,-0.0135571
crystal,8.0288,-0.0207285,-0.0208715,0.0416
dial,8.15241,-0.0149189,0.00286043,0.0120585
either,8.05233,0.0851765,-0.106043,0.020867
fact,8.0288,-0.0315446,-0.0105341,0.0420788
filling,8.10112,0.0808179,-0.0537246,-0.0270934
gain,8.23465,-0.00469178,-0.123024,0.127715
goood,8.0288,-0.13831,0.0622319,0.0760786
humble,8.0288,-0.0535919,0.0625716,-0.00897966
inlet,8.10112,0.0209726,-0.0817215,0.0607488
jack,8.23465,-0.144297,0.12312,0.021177
line,8.07642,0.0781408,-0.0245462,-0.0535946
mention,8.05233,0.0762234,-0.0261108,-0.0501126
pick,8.10112,0.053862,-0.057993,0.00413098
places,8.0288,-0.0292584,-0.0588257,0.0880841
points,8.15241,-0.0220008,0.0157363,0.00626443
remaining,8.0288,-0.177151,0.067629,0.109522
saves,8.0288,-0.117786,-0.057715,0.175501
seriously,8.05233,0.146877,-0.0109997,-0.135877
wasn,8.0288,-0.0500557,0.120766,-0.0707104
wearing,8.07642,0.0176572,0.0147298,-0.032387
atta,8.12643,-0.0332447,0.0302712,0.00297349
balanced,8.07642,0.137156,-0.160326,0.0231706
casual,8.20648,-0.058904,-0.0077968,0.0667008
chinese,8.10112,0.0497409,-0.00360783,-0.0461331
comment,8.10112,-0.0802517,0.0151928,0.065059
consider,8.05233,-0.149006,0.113728,0.0352778
dent,8.10112,-0.0252205,0.0964955,-0.071275
disconnected,8.10112,0.0282388,-0.0146222,-0.0136166
dnt,8.20648,0.0445908,-0.0467424,0.00215161
download,8.12643,-0.0537691,0.00918563,0.0445835
explain,8.07642,0.00347166,-0.00352991,5.8243e-05
head,8.15241,0.0186907,-0.0484039,0.0297133
lesser,8.07642,-0.0193114,-0.023327,0.0426384
litre,8.20648,0.0397171,-0.0868553,0.0471382
luck,8.05233,-0.00934277,-0.0616123,0.0709551
manufacturer,8.05233,0.121042,-0.085013,-0.0360293
moreover,8.05233,0.0402602,0.00900082,-0.049261
nise,8.05233,-0.104039,-0.0400827,0.144122
parents,8.10112,-0.0397543,0.0864724,-0.0467181
password,8.3888,0.0115829,-0.0304677,0.0188848
ports,8.20648,-0.107482,0.0952039,0.0122784
reduce,8.07642,-0.0613272,0.0733861,-0.0120589
requirement,8.07642,0.0420727,-0.0413368,-0.000735909
unexpected,8.05233,0.0632624,-0.0531638,-0.0100985
various,8.10112,0.00465246,-0.0627525,0.0581
vasool,8.05233,-0.040154,-0.0440518,0.0842059
website,8.12643,-0.018713,0.0263543,-0.00764137
wireless,8.10112,0.103336,-0.0593338,-0.0440022
wont,8.05233,0.0932534,-0.0223691,-0.0708843
bast,8.07642,-0.0263572,-0.0212616,0.0476188
bcz,8.12643,0.0939485,-0.0676542,-0.0262943
birthday,8.07642,-0.109091,0.0686365,0.0404546
boys,8.10112,0.0197578,-0.155099,0.135341
combo,8.07642,-0.0486323,0.0773967,-0.0287644
defect,8.10112,0.131603,-0.120835,-0.0107686
filled,8.07642,-0.0566993,0.112792,-0.0560925
gonna,8.10112,0.0396818,-0.0466861,0.00700421
haier,8.12643,-0.074774,0.0313693,0.0434047
hero,8.17908,-0.0176799,-0.0944521,0.112132
hit,8.10112,0.0907772,-0.103723,0.0129463
husband,8.07642,-0.0904077,-0.000994678,0.0914024
initial,8.07642,-0.00175552,0.030513,-0.0287575
larger,8.07642,0.0234493,0.0333328,-0.0567821
listen,8.07642,-0.0506124,0.0936504,-0.043038
lover,8.12643,-0.0896996,0.052187,0.0375126
mean,8.07642,0.0354785,0.0162863,-0.0517647
mistake,8.07642,0.0525468,0.00922411,-0.0617709
models,8.07642,-0.104887,-0.0145317,0.119419
o,8.10112,0.00341192,0.0121682,-0.0155801
outlet,8.15241,0.0487937,-0.0238172,-0.0249765
partner,8.10112,0.0249454,0.00560926,-0.0305547
pulp,8.20648,-0.00957411,0.0252004,-0.0156263
reached,8.10112,-0.0543511,0.0115957,0.0427554
riding,8.17908,-0.0906144,0.0535689,0.0370455
sad,8.07642,0.133425,-0.0573235,-0.0761011
six,8.17908,-0.102319,0.0492099,0.053109
suits,8.07642,-0.0204021,-0.0235562,0.0439583
surprised,8.07642,0.0571625,-0.0438438,-0.0133187
sweet,8.07642,-0.0275685,-0.175928,0.203496
switching,8.07642,0.0793151,-0.18272,0.103405
tablets,8.23465,0.0432194,-0.112996,0.0697769
turned,8.07642,0.0777198,-0.0164749,-0.0612449
whenever,8.07642,-0.0744809,0.0786674,-0.00418651
advice,8.12643,0.0494255,-0.0339268,-0.0154987
asus,8.15241,0.0855285,-0.0232912,-0.0622373
brake,8.17908,-0.0076415,0.0280745,-0.020433
calling,8.20648,0.0843972,-0.0525855,-0.0318117
chopping,8.17908,0.0286251,-0.013538,-0.0150871
continue,8.12643,0.0386717,-0.0262696,-0.0124021
copy,8.15241,0.0313954,0.00862451,-0.04002
deep,8.15241,-0.0776632,0.0427145,0.0349487
dolby,8.29349,-0.0924719,0.185196,-0.0927241
doubts,8.12643,-0.0540296,-0.0924999,0.14653
everyday,8.15241,-0.0227983,-0.00793522,0.0307335
failed,8.12643,0.140019,-0.128455,-0.0115646
finished,8.15241,0.066918,-0.1447,0.0777819
internal,8.12643,0.072835,0.0309082,-0.103743
lit,8.15241,-0.129317,0.0346322,0.0946849
manage,8.10112,-0.0850955,0.0544899,0.0306056
men,8.10112,0.138168,-0.0960895,-0.0420783
mic,8.20648,0.0431693,0.0135099,-0.0566791
net,8.12643,0.0724391,-0.113011,0.0405719
par,8.10112,0.0564334,-0.00789818,-0.0485352
requested,8.10112,-0.0208692,-0.0178414,0.0387106
require,8.12643,0.0451454,-0.0564366,0.0112912
scheduled,8.12643,0.0922533,-0.082221,-0.0100323
searching,8.10112,-0.0674741,0.0288213,0.0386529
thickness,8.10112,0.000691156,0.0257945,-0.0264857
woofer,8.20648,0.0899376,-0.0390088,-0.0509288
accurate,8.12643,-0.0319411,0.00910366,0.0228374
cargo,8.17908,0.0345967,-0.0573352,0.0227385
category,8.15241,-0.0933116,-0.0557235,0.149035
continuous,8.15241,-0.144399,0.0597688,0.08463
damn,8.15241,0.0226337,-0.11576,0.0931266
diwali,8.12643,-0.0406472,-0.0201316,0.0607789
doesnt,8.23465,0.0887244,-0.025216,-0.0635084
duty,8.12643,-0.019737,-0.137113,0.15685
economical,8.12643,-0.0675311,-0.0642288,0.13176
error,8.15241,0.0822884,-0.0564427,-0.0258457
excited,8.12643,-0.0699551,0.0750617,-0.00510656
file,8.20648,-0.0541028,0.0518004,0.00230241
flexible,8.12643,-0.0044284,-0.0104749,0.0149033
gloves,8.26364,0.0973049,-0.0534933,-0.0438116
goods,8.12643,0.0309327,-0.05167,0.0207373
gym,8.12643,-0.0565143,-0.00902912,0.0655434
hv,8.20648,-0.0429184,0.00749062,0.0354278
instant,8.12643,0.00242834,-0.104973,0.102544
known,8.12643,-0.0809862,0.127514,-0.0465278
media,8.17908,-0.0108659,0.0318787,-0.0210129
motion,8.12643,-0.0729196,-0.0144396,0.0873592
noticed,8.17908,0.0863721,-0.0127561,-0.073616
ordinary,8.15241,0.0999005,0.0212363,-0.121137
performing,8.12643,-0.00906618,-0.105252,0.114318
position,8.20648,-0.147318,0.0195616,0.127756
redmi,8.17908,-0.0953475,0.0334618,0.0618857
requires,8.12643,0.0912519,-0.182468,0.0912163
rgb,8.17908,-0.067759,0.0618518,0.0059072
serving,8.17908,-0.0118455,0.0281653,-0.0163198
shorts,8.23465,-0.0459975,-0.0446274,0.0906249
slot,8.26364,0.0220518,0.0274332,-0.049485
task,8.15241,0.00729115,0.0870999,-0.094391
tiny,8.15241,0.0492701,-0.010756,-0.0385142
voltas,8.23465,-0.0870581,0.0930323,-0.00597423
wide,8.12643,-0.123372,0.0221534,0.101218
yrs,8.17908,-0.190411,0.0710423,0.119369
angle,8.23465,-0.0596646,-0.0226434,0.082308
asking,8.17908,-0.0178144,0.0566927,-0.0388783
brother,8.17908,0.0355512,-0.163008,0.127456
camphor,8.15241,0.0925859,-0.0802683,-0.0123177
carpet,8.23465,0.0984011,-0.093444,-0.00495712
centre,8.29349,0.0406003,0.0439296,-0.0845298
changes,8.17908,0.00189487,0.0409576,-0.0428524
companies,8.23465,0.00794003,0.0325844,-0.0405244
connector,8.23465,-0.000228222,0.0174021,-0.0171739
easier,8.15241,-0.252201,0.0475344,0.204667
extended,8.20648,0.0077601,-0.0224256,0.0146655
faber,8.29349,-0.0806675,-0.146119,0.226786
finger,8.26364,-0.195477,0.121871,0.0736068
freezer,8.3888,0.0516638,-0.00900642,-0.0426574
furniture,8.26364,0.0806075,-0.0773673,-0.00324021
growth,8.15241,0.0524398,-0.0544861,0.00204632
grt,8.20648,-0.16491,0.0616732,0.103237
guess,8.17908,0.0652505,-0.0421009,-0.0231496
lagging,8.15241,-0.0867704,0.138589,-0.0518187
neither,8.20648,0.0936216,-0.114968,0.021346
often,8.17908,0.0236184,0.013783,-0.0374014
page,8.15241,-0.00226503,0.0127927,-0.0105276
round,8.20648,0.0533548,0.055744,-0.109099
sand,8.26364,0.112256,-0.0382719,-0.0739844
shelves,8.29349,0.00392771,0.0345032,-0.038431
somewhat,8.17908,-0.0558265,0.0921496,-0.0363232
switched,8.26364,0.0883443,-0.0362914,-0.0520529
thermosteel,8.15241,0.0612647,-0.0256603,-0.0356044
tnx,8.15241,-0.0846602,-0.128078,0.212738
torn,8.17908,0.123308,0.0192274,-0.142535
toys,8.15241,-0.0147928,-0.0529486,0.0677414
ultra,8.20648,0.0796221,-0.110833,0.031211
arrange,8.17908,-0.07767,-0.00782893,0.085499
biggest,8.17908,0.109394,0.0145205,-0.123915
breaks,8.29349,0.161173,-0.102485,-0.0586882
broadband,8.29349,-0.00841362,0.0470869,-0.0386732
burnt,8.20648,0.0520614,-0.0151739,-0.0368875
cakes,8.17908,0.102992,-0.136292,0.0333009
cheated,8.20648,0.0740237,-0.0102021,-0.0638216
cheep,8.17908,0.176173,-0.0644594,-0.111714
chicken,8.23465,0.0224068,-0.0941639,0.071757
extender,8.32426,-0.112064,0.0682244,0.0438401
eye,8.17908,-0.103178,-0.0400467,0.143225
honestly,8.17908,0.0969485,-0.0265999,-0.0703486
leather,8.23465,0.0896053,0.0581523,-0.147758
manually,8.17908,0.104386,-0.068979,-0.0354073
manufacturing,8.17908,0.0160685,0.108202,-0.12427
minor,8.17908,-0.0649206,0.0953558,-0.0304352
moisturizer,8.23465,0.0177748,-0.0502121,0.0324373
mouse,8.26364,0.00077709,-0.130397,0.12962
multi,8.20648,-0.173394,0.125071,0.0483234
pair,8.17908,0.0270365,-0.0036045,-0.023432
positive,8.17908,0.0375668,0.00639494,-0.0439617
receiving,8.17908,0.068529,-0.0502312,-0.0182978
responding,8.20648,0.0972899,-0.0169763,-0.0803136
smoke,8.35601,0.0367006,0.0104547,-0.0471553
sole,8.20648,0.0849009,0.0113693,-0.0962702
strap,8.29349,0.00303756,0.0184455,-0.0214831
style,8.17908,-0.0713103,0.0347613,0.036549
suggested,8.17908,-0.0812236,0.0216554,0.0595682
thumbs,8.17908,-0.16564,-0.0776354,0.243276
yesterday,8.23465,0.00893896,0.124733,-0.133672
absolute,8.26364,-0.0854656,0.00254249,0.0829231
classic,8.20648,-0.151272,0.0350024,0.11627
compost,8.26364,0.0757466,-0.039223,-0.0365236
convection,8.3888,-0.00795077,0.0412697,-0.0333189
cup,8.32426,-0.100671,0.0544284,0.0462428
detail,8.23465,0.0626616,-0.0876618,0.0250002
drops,8.26364,-0.0206025,0.0683884,-0.047786
fiber,8.23465,0.0812448,-0.1151,0.0338547
functionality,8.20648,0.12881,-0.0141803,-0.11463
hub,8.32426,-0.0649064,0.049744,0.0151624
kneading,8.32426,-0.0478176,0.00942335,0.0383942
literally,8.23465,-0.0452365,0.0895444,-0.0443079
miss,8.23465,0.0424888,0.00722453,-0.0497133
nearly,8.20648,0.126434,-0.185403,0.0589688
offline,8.20648,0.0102927,0.0850797,-0.0953724
perform,8.23465,-0.00798538,0.00787827,0.000107115
placing,8.26364,-0.0731384,0.0913124,-0.018174
produce,8.29349,0.0340583,-0.0406045,0.00654614
putting,8.23465,0.121799,-0.160577,0.0387789
resolution,8.3888,-0.00554694,0.0172798,-0.0117328
restart,8.20648,0.0572607,-0.0348014,-0.0224593
ryzen,8.26364,-0.125788,0.047552,0.0782361
sending,8.23465,0.159628,-0.113986,-0.045642
sister,8.23465,-0.0360997,0.0814701,-0.0453705
sit,8.20648,-0.0187606,0.00710739,0.0116532
smells,8.20648,-0.00475217,0.0147444,-0.00999223
tag,8.20648,0.160464,-0.170727,0.0102629
technical,8.20648,0.0293827,-0.0264117,-0.00297103
ventilation,8.35601,0.0519547,-0.112352,0.0603976
visit,8.23465,0.0963583,-0.0489793,-0.047379
weast,8.26364,0.134723,-0.018984,-0.115739
wonder,8.20648,-0.132707,0.0550924,0.0776141
wooden,8.20648,0.0716776,-0.00832106,-0.0633565
yeah,8.20648,-0.0519219,0.146946,-0.0950243
annoying,8.23465,-0.0261461,0.0522483,-0.0261022
beauty,8.26364,0.124048,-0.294818,0.17077
bill,8.29349,0.100176,-0.154086,0.0539102
checking,8.23465,-0.00477339,0.0284526,-0.0236792
consultation,8.3888,-0.0109914,0.0286734,-0.017682
cutting,8.32426,0.0174873,0.00132703,-0.0188143
default,8.26364,0.089655,-0.0117548,-0.0779002
electronic,8.32426,0.0291842,-0.0942037,0.0650195
firstly,8.23465,-0.0864184,0.00137593,0.0850424
fk,8.32426,0.0944744,-0.0024056,-0.0920688
flower,8.29349,0.0136543,-0.0183311,0.00467679
fruit,8.23465,0.0273397,-0.0395593,0.0122196
happen,8.23465,-0.0228748,-0.00584592,0.0287208
hotstar,8.26364,-0.109959,0.106355,0.00360394
jan,8.6545,0.0026521,-0.0374163,0.0347642
jio,8.49416,-0.00652306,-0.0890402,0.0955632
king,8.23465,-0.170425,0.0999035,0.070521
learn,8.23465,-0.0584895,0.0721104,-0.013621
medicine,8.49416,0.058029,-0.144972,0.0869425
mine,8.23465,0.0259875,-0.00931246,-0.0166751
ms,8.35601,0.0775552,-0.0487368,-0.0288184
natural,8.23465,-0.0241349,-0.0702297,0.0943646
notice,8.23465,-0.0444282,0.0712696,-0.0268414
paper,8.23465,0.129869,-0.164286,0.0344168
pockets,8.32426,-0.0536223,0.0327461,0.0208763
powerbank,8.4227,0.042578,-0.0314068,-0.0111712
quiet,8.26364,-0.0292632,0.0464881,-0.0172249
rinse,8.29349,0.0142883,-0.00458916,-0.00969912
saver,8.26364,0.00209294,-0.142812,0.140719
select,8.23465,-0.10623,0.0227163,0.0835134
shaking,8.23465,0.165445,-0.0901771,-0.0752679
thx,8.29349,-0.138097,0.0530865,0.0850103
tools,8.23465,0.1132,-0.11566,0.00245983
trouble,8.29349,-0.0833728,0.132834,-0.0494616
advantage,8.32426,-0.0875859,0.0543074,0.0332786
attachments,8.29349,0.022573,0.0198061,-0.0423792
cloths,8.4227,0.0126911,-0.0183304,0.00563937
decoration,8.26364,-0.0160776,0.0471216,-0.031044
defected,8.29349,0.213596,-0.14076,-0.072836
essential,8.29349,-0.0198797,-0.118364,0.138243
exellent,8.32426,-0.138424,-0.0996055,0.23803
fastly,8.26364,-0.113173,0.0795413,0.0336313
form,8.26364,0.091568,-0.135314,0.0437462
fr,8.32426,-0.0542058,-0.00833449,0.0625403
germinate,8.32426,0.0334153,0.0395124,-0.0729277
grade,8.26364,0.0542462,-0.0135738,-0.0406724
helpfull,8.26364,-0.214212,0.107389,0.106822
layer,8.26364,0.11932,-0.0729641,-0.0463563
lets,8.26364,-0.147577,0.035362,0.112215
member,8.26364,0.0678826,-0.0741776,0.00629495
mix,8.29349,0.00728799,0.0285996,-0.0358876
mr,8.26364,0.0940665,-0.168861,0.0747944
okey,8.29349,-0.00874233,0.132391,-0.123649
pants,8.32426,-0.0815502,0.100713,-0.0191628
prints,8.32426,-0.012367,0.0793969,-0.06703
probably,8.26364,-0.0631719,-0.0805816,0.143753
sine,8.32426,0.0114429,0.0363322,-0.0477751
slight,8.26364,0.0519645,-0.0982081,0.0462435
song,8.35601,-0.0674221,0.0396698,0.0277523
stabilizer,8.32426,-0.108314,0.0140469,0.0942675
staff,8.29349,-0.0715013,0.026926,0.0445752
stainless,8.26364,0.103558,-0.215332,0.111774
stock,8.29349,-0.227367,0.13419,0.0931765
suit,8.26364,0.0654765,-0.0653273,-0.000149199
ui,8.35601,0.0301056,-0.0614473,0.0313418
variant,8.32426,0.0439682,-0.115293,0.0713252
action,8.35601,0.172208,-0.109176,-0.0630324
age,8.29349,0.0292117,-0.0652757,0.036064
alarm,8.29349,-0.0299848,0.0339879,-0.00400305
applied,8.32426,0.0643847,-0.0530609,-0.0113238
aspects,8.29349,-0.179148,0.105718,0.0734305
clogs,8.45779,-0.0243788,-0.0491385,0.0735173
configuration,8.3888,-0.12555,0.0275262,0.0980237
contacted,8.35601,-0.0415306,0.0104997,0.0310309
desk,8.4227,-0.00720072,0.0134163,-0.00621559
detailed,8.35601,-0.00684825,0.078423,-0.0715748
direct,8.32426,0.00294455,0.000422713,-0.00336726
dough,8.4227,-0.10095,0.0615501,0.0393997
edit,8.32426,-0.0588776,0.00264081,0.0562368
fake,8.32426,0.150411,-0.0833728,-0.0670386
force,8.32426,-0.0513029,0.0497781,0.00152484
format,8.4227,0.123895,-0.153907,0.0300124
glow,8.35601,-0.00290998,-0.0132056,0.0161155
gorgeous,8.29349,-0.128065,-0.12664,0.254705
increased,8.29349,-0.150706,0.125317,0.025389
jst,8.35601,-0.00294614,0.0658518,-0.0629056
lan,8.45779,-0.0963863,0.0602165,0.0361698
lose,8.32426,0.14261,-0.0573125,-0.0852973
nt,8.32426,0.0908743,0.0187778,-0.109652
observed,8.29349,0.0151234,-0.0781928,0.0630694
pimples,8.35601,0.0880291,0.00539223,-0.0934214
pm,8.49416,-0.0907053,0.0787454,0.0119599
powerfull,8.32426,0.020769,-0.0419246,0.0211556
producti,8.29349,0.035544,-0.155065,0.119521
program,8.4227,-0.102959,0.0408427,0.0621163
raised,8.32426,0.0269877,0.0241965,-0.0511842
related,8.35601,0.00992936,0.0567238,-0.0666531
separate,8.29349,0.0214465,0.0807567,-0.102203
separately,8.29349,0.00352639,-0.111681,0.108155
shine,8.32426,-0.00202753,-0.149419,0.151447
solve,8.29349,0.0276343,-0.0117387,-0.0158956
solved,8.32426,-0.050305,0.0187195,0.0315855
stays,8.35601,0.031856,-0.0867574,0.0549014
superior,8.29349,-0.173707,0.0825926,0.0911144
supplied,8.32426,-0.0386929,-0.0224624,0.0611553
tasks,8.32426,-0.0854397,0.0302982,0.0551416
thnks,8.35601,-0.0769125,0.188493,-0.111581
together,8.29349,-0.0500135,0.0922782,-0.0422647
updates,8.29349,-0.0908764,0.0909559,-7.95748e-05
vibration,8.29349,0.041296,-0.0168238,-0.0244722
voltage,8.32426,-0.0228639,-0.0446183,0.0674822
xiaomi,8.35601,0.0764273,-0.0570349,-0.0193924
adjustable,8.32426,0.02151,-0.0117353,-0.00977469
boil,8.3888,-0.109112,0.138697,-0.0295855
carrot,8.4227,-0.0774739,0.0529689,0.024505
chain,8.4227,0.0431523,-0.0295368,-0.0136155
coding,8.4227,0.0495257,-0.128436,0.0789105
connects,8.3888,-0.119943,0.0449828,0.0749606
cricket,8.32426,0.0883614,-0.04157,-0.0467914
disc,8.57112,0.0311071,-0.0535711,0.022464
entertainment,8.32426,-0.139214,-0.0249347,0.164149
experienced,8.32426,0.0129319,0.0261953,-0.0391272
gap,8.35601,-0.0201055,-0.00986868,0.0299742
generation,8.32426,-0.0176413,-0.111928,0.129569
input,8.3888,0.0341026,-0.0353489,0.00124629
insulation,8.32426,0.0230655,-0.0605963,0.0375308
leak,8.35601,0.00165127,0.10075,-0.102401
marks,8.4227,0.0522891,-0.167329,0.11504
meter,8.3888,0.0873402,-0.128724,0.0413839
mild,8.35601,0.00310158,-0.0481593,0.0450577
monitor,8.35601,-0.139225,0.0645137,0.0747109
overpriced,8.32426,0.0377329,0.0150704,-0.0528033
previously,8.32426,0.128185,-0.0849506,-0.0432348
remember,8.35601,-0.146329,0.0986701,0.0476586
removing,8.32426,0.0811945,0.0160503,-0.0972448
repaired,8.3888,0.0671449,-0.0229273,-0.0442177
requirements,8.32426,0.055661,-0.0396369,-0.016024
resolved,8.35601,0.167669,-0.0506864,-0.116983
sleep,8.32426,0.0206742,-0.0472162,0.0265419
solo,8.4227,-0.116762,0.0108673,0.105895
spending,8.4227,-0.0146409,-0.0325438,0.0471847
stiching,8.3888,-0.0690808,0.106065,-0.0369838
supr,8.32426,-0.212324,0.131854,0.0804696
timing,8.32426,-0.1029,0.0582255,0.0446744
uf,8.32426,0.16047,-0.0513635,-0.109107
updated,8.35601,-0.0429179,-0.0669613,0.109879
wonderfull,8.32426,-0.0746034,-0.043803,0.118406
worried,8.32426,0.0478247,-0.156399,0.108574
acne,8.45779,0.113259,-0.0998717,-0.0133872
aspect,8.35601,0.0523859,-0.153935,0.10155
bhk,8.35601,-0.0637971,0.0601514,0.00364571
burn,8.35601,0.0744919,0.0154024,-0.0898944
carpenter,8.3888,-0.0124109,0.0517823,-0.0393714
chance,8.35601,-0.104016,-0.120254,0.22427
closed,8.3888,0.108748,-0.109384,0.000636452
competitive,8.35601,-0.0779756,0.0946783,-0.0167027
configure,8.3888,-0.0963768,-0.00786228,0.104239
costs,8.4227,-0.19197,0.213777,-0.0218072
crack,8.3888,0.0822686,0.0145708,-0.0968395
drain,8.4227,0.0232555,0.107235,-0.13049
drinking,8.45779,0.0398749,-0.136773,0.096898
dth,8.45779,0.0852659,-0.0968782,0.0116123
empty,8.3888,-0.0183037,0.0779636,-0.0596599
exllent,8.35601,-0.147568,-0.141855,0.289422
febric,8.35601,-0.0336258,0.079831,-0.0462052
fell,8.3888,0.185894,-0.131556,-0.0543381
gadget,8.35601,-0.0787651,-0.121442,0.200208
grey,8.5319,-0.111149,-0.0395005,0.150649
hesitate,8.35601,-0.143437,-0.125172,0.268608
holding,8.35601,0.0331363,-0.0309532,-0.0021831
impression,8.3888,0.000292544,-0.026393,0.0261004
looked,8.3888,0.0490198,0.0345262,-0.083546
machines,8.3888,-0.0258551,0.0138162,0.0120389
moderate,8.35601,-0.0247853,0.132335,-0.10755
obviously,8.35601,0.059513,-0.141276,0.0817634
oct,8.57112,0.0728116,-0.105094,0.0322826
pads,8.3888,-0.159482,0.0734556,0.0860265
paying,8.35601,-0.160184,0.164553,-0.00436936
project,8.35601,0.0449155,0.00228945,-0.047205
quility,8.35601,-0.0843285,0.0407892,0.0435393
reset,8.49416,-0.0400756,0.0869282,-0.0468526
respond,8.4227,0.0613591,-0.0327947,-0.0285644
serve,8.35601,-0.056146,-0.0176286,0.0737747
solution,8.4227,0.0693668,-0.134858,0.0654915
stands,8.3888,0.113887,-0.163016,0.0491286
steam,8.4227,-0.0442178,-0.000320523,0.0445383
step,8.5319,-0.0715419,0.037665,0.0338769
thnk,8.35601,-0.11618,0.0727985,0.0433816
track,8.3888,0.0139027,0.0458726,-0.0597754
unhappy,8.3888,0.129458,0.0191752,-0.148633
unique,8.35601,0.0951987,-0.181432,0.0862335
ya,8.35601,0.0128616,0.0702228,-0.0830844
acceptable,8.3888,0.0382464,0.0568379,-0.0950843
addition,8.3888,-0.0165475,0.0807295,-0.064182
application,8.3888,0.0937273,-0.100885,0.00715723
arc,8.5319,-0.0346323,-0.00509792,0.0397302
areas,8.4227,0.047984,-0.103697,0.0557135
backlit,8.5319,-0.00043306,0.0933768,-0.0929438
bro,8.3888,0.037958,-0.118159,0.0802012
city,8.3888,0.067398,-0.119259,0.0518605
coolers,8.57112,0.0701368,-0.0387086,-0.0314283
cools,8.3888,-0.0466648,-0.0752966,0.121961
covered,8.3888,0.051184,-0.00283481,-0.0483492
crisp,8.3888,-0.173566,-0.0438037,0.21737
desert,8.5319,-0.0284012,-0.10006,0.128461
ease,8.3888,-0.0866308,-0.0977952,0.184426
expert,8.45779,-0.0314268,-0.00560628,0.037033
extension,8.3888,-0.0382153,-0.0120704,0.0502858
extraordinary,8.3888,-0.124187,-0.103487,0.227674
facility,8.3888,-0.0242168,0.0158525,0.00836436
gyser,8.74547,0.0332423,-0.056245,0.0230027
hight,8.3888,0.029568,0.0244608,-0.0540288
invest,8.3888,-0.0144872,-0.0605169,0.0750041
ios,8.4227,-0.112592,0.0829075,0.029684
lil,8.3888,-0.0854635,-0.0229684,0.108432
location,8.4227,0.0792295,-0.0807971,0.00156757
lockdown,8.3888,-0.0908869,-0.0968401,0.187727
locking,8.45779,-0.0130809,-0.0244091,0.03749
modern,8.3888,-0.24314,0.108154,0.134986
needle,8.45779,-0.0240916,0.0113746,0.0127169
paste,8.49416,0.13198,-0.0734276,-0.0585526
player,8.57112,0.0431225,-0.077609,0.0344865
qualities,8.3888,0.070091,-0.0226746,-0.0474164
recognition,8.57112,-0.00332395,0.0397824,-0.0364585
rude,8.45779,0.0325852,0.0334652,-0.0660504
schedule,8.3888,0.0954983,-0.114595,0.0190966
semi,8.3888,-0.0498957,-0.0475271,0.0974228
session,8.49416,0.123555,-0.100758,-0.0227973
shipping,8.4227,-0.0733815,-0.159367,0.232748
sim,8.61194,0.124781,-0.111726,-0.0130553
sized,8.49416,-0.185499,0.00165181,0.183847
socket,8.3888,0.00448442,0.0697763,-0.0742608
specs,8.3888,-0.0289931,-0.0638343,0.0928273
superfast,8.45779,-0.0882096,-0.0931838,0.181393
washes,8.3888,-0.0415646,0.0775882,-0.0360235
wasool,8.3888,-0.107479,-0.145395,0.252875
adding,8.4227,-0.0123114,-0.0568933,0.0692047
appreciated,8.45779,-0.0576792,-0.0369016,0.0945809
arranged,8.45779,-0.0143513,-0.0608164,0.0751678
august,8.69895,-0.0592732,0.107881,-0.0486074
browsing,8.45779,0.100175,-0.0289329,-0.0712417
cancelled,8.4227,0.0720026,-0.0285711,-0.0434315
common,8.45779,0.0104483,-0.100852,0.0904039
communication,8.4227,-0.0553237,0.115013,-0.0596895
conditions,8.49416,0.0596969,-0.0193522,-0.0403447
consume,8.49416,-0.0406998,-0.0109228,0.0516226
currently,8.4227,-0.0412931,-0.160286,0.201579
delevery,8.4227,0.152048,-0.192794,0.0407462
despite,8.49416,0.131517,-0.0530747,-0.0784424
disappoint,8.4227,0.170974,-0.146094,-0.02488
driver,8.57112,0.0643978,-0.037072,-0.0273257
duper,8.4227,-0.0953853,0.0566341,0.0387512
electrical,8.45779,0.0184029,-0.00540082,-0.0130021
feb,8.69895,-0.00492397,-0.00393311,0.00885708
filipkart,8.45779,-0.0713357,0.0641551,0.00718064
flowers,8.45779,0.0499128,-0.0636475,0.0137347
fool,8.4227,0.191127,-0.127755,-0.0633726
fort,8.45779,-0.0588274,0.0174901,0.0413373
fragile,8.4227,0.0536374,0.054784,-0.108421
hated,8.4227,0.24635,-0.14998,-0.0963705
hitting,8.4227,0.0714622,-0.0477138,-0.0237483
holds,8.4227,0.0834965,-0.181652,0.0981557
lack,8.45779,0.130463,-0.0415649,-0.0888983
listening,8.4227,-0.022013,0.0458867,-0.0238738
litres,8.5319,-0.0426809,-0.164188,0.206869
lovers,8.4227,-0.00366211,-0.000243547,0.00390566
mixing,8.4227,-0.0249091,0.0619501,-0.037041
mounted,8.4227,0.060547,-0.178083,0.117536
performs,8.4227,-0.426198,0.299207,0.126991
pillows,8.45779,-0.0234162,-0.106781,0.130197
proud,8.4227,0.00659588,-0.160413,0.153817
ratings,8.4227,-0.0971412,0.0440353,0.053106
refresh,8.4227,-0.0538177,-0.12451,0.178328
returning,8.4227,0.0957463,-0.0694096,-0.0263367
section,8.5319,-0.0387521,0.0435868,-0.00483469
sensitive,8.4227,-0.00409071,0.0596157,-0.0555249
series,8.49416,-0.0138998,0.0891017,-0.0752019
source,8.49416,0.0195825,0.074223,-0.0938055
standing,8.4227,-0.0959945,-0.060726,0.156721
sticker,8.45779,0.0129835,0.0435595,-0.056543
stunning,8.4227,-0.0793832,-0.119089,0.198473
swing,8.4227,0.0653555,-0.100188,0.0348324
television,8.57112,-0.0763004,0.00259024,0.0737102
texture,8.4227,0.0143771,-0.107435,0.0930579
transferring,8.49416,0.00599903,0.0299586,-0.0359576
unlike,8.4227,0.00641267,0.0798586,-0.0862713
unsatisfied,8.4227,0.0590715,0.0352436,-0.0943151
washer,8.61194,0.0789885,-0.157075,0.0780861
y,8.5319,0.0930956,-0.0688328,-0.0242628
yr,8.4227,-0.022414,0.0173147,0.00509929
accept,8.49416,0.148396,-0.0798804,-0.0685159
across,8.45779,-0.197997,0.131903,0.066094
anybody,8.45779,0.145572,0.000669075,-0.146241
applying,8.45779,0.135368,-0.082354,-0.0530143
avg,8.49416,0.0461707,0.0727009,-0.118872
batteries,8.61194,-0.00119474,0.0843559,-0.0831611
bedroom,8.57112,-0.0666056,0.0509556,0.01565
beginning,8.49416,0.104844,-0.0114147,-0.0934296
click,8.5319,0.0140705,-0.0713631,0.0572925
closing,8.45779,-0.0449999,0.0339147,0.0110852
cooked,8.49416,-0.108599,0.0460347,0.0625646
course,8.45779,0.00672781,-0.132946,0.126218
disappointment,8.45779,0.23396,-0.180445,-0.0535154
drying,8.49416,-0.159896,0.0587881,0.101108
efficiently,8.45779,-0.125052,-0.090307,0.215359
equipment,8.45779,0.0217836,0.0114731,-0.0332567
filters,8.49416,0.164548,-0.0680185,-0.0965295
fir,8.49416,0.0136214,0.0358807,-0.0495021
fiting,8.45779,0.0359106,-0.0121925,-0.0237181
focus,8.61194,0.0280358,-0.0134905,-0.0145454
goodbut,8.45779,-0.100129,0.0792,0.020929
gpu,8.57112,-0.0307819,-0.0537484,0.0845303
gta,8.45779,0.00771983,-0.0318037,0.0240838
inr,8.6545,-0.0565631,-0.0850875,0.141651
knowledgeable,8.57112,-0.0312603,-0.0744698,0.10573
learning,8.45779,-0.049196,-0.11623,0.165426
mixie,8.61194,0.00457149,0.0029306,-0.00750209
orange,8.49416,-0.171746,0.0768833,0.0948626
quilty,8.45779,0.170592,-0.161673,-0.00891895
rated,8.45779,0.00161414,0.076611,-0.0782252
rotating,8.45779,0.0489298,-0.0406943,-0.0082354
security,8.45779,0.0499747,-0.162969,0.112995
seem,8.49416,-0.119814,0.0841977,0.035616
subscription,8.5319,0.0643771,0.02491,-0.089287
tastes,8.45779,0.0169316,-0.116641,0.0997098
tree,8.49416,0.0965134,-0.155876,0.0593627
valu,8.45779,-0.139784,-0.135114,0.274898
vibrant,8.45779,-0.259351,0.00818213,0.251168
appliances,8.49416,-0.00509751,0.0834266,-0.0783291
applications,8.49416,0.0912734,-0.113602,0.0223283
assured,8.49416,-0.0495617,0.00023683,0.0493249
basis,8.49416,-0.0881706,-0.00901674,0.0971873
behind,8.49416,0.138253,-0.0986378,-0.0396155
breaking,8.49416,0.0645256,0.0411235,-0.105649
classes,8.49416,0.105418,-0.11469,0.00927278
clothe,8.49416,0.0981933,-0.00866306,-0.0895303
collection,8.49416,-0.0602747,-0.137424,0.197699
covering,8.5319,0.144052,-0.184786,0.0407345
disadvantage,8.49416,-0.0118903,-0.0615628,0.073453
drum,8.6545,0.0201711,0.0533396,-0.0735107
eating,8.49416,-0.0417203,0.0519303,-0.0102099
effort,8.49416,0.0781207,-0.0501872,-0.0279335
exhaust,8.69895,-0.0131406,0.0378733,-0.0247327
figure,8.49416,0.0349887,0.0314786,-0.0664673
flipcard,8.49416,0.0369137,0.0173336,-0.0542473
happening,8.49416,0.138913,-0.11576,-0.0231528
investment,8.5319,-0.0233976,-0.142066,0.165464
khub,8.79426,-0.0151366,0.0463153,-0.0311787
liter,8.61194,0.0509718,0.0341456,-0.0851174
mixed,8.49416,-0.0205744,0.0961129,-0.0755385
owsm,8.49416,-0.20685,0.0540408,0.152809
patchwall,8.5319,-0.0616269,-0.0962271,0.157854
pleasant,8.49416,0.113876,-0.115171,0.00129524
provider,8.49416,-0.139082,0.0722669,0.0668149
regularly,8.49416,0.100627,-0.153447,0.0528207
resolve,8.5319,0.120282,-0.194654,0.0743728
routine,8.49416,-0.0736064,-0.12383,0.197436
sealed,8.5319,0.0219686,-0.0972212,0.0752526
sense,8.5319,0.0769304,-0.123064,0.0461338
served,8.49416,-0.0111388,0.00428762,0.00685121
spoon,8.57112,-0.121602,-0.0127229,0.134325
spr,8.49416,-0.202027,0.0412817,0.160746
surprise,8.49416,-0.110107,-0.0153076,0.125415
terrible,8.49416,0.100236,0.0120501,-0.112286
upon,8.49416,0.0977832,-0.122941,0.0251576
upset,8.5319,0.100656,-0.0274062,-0.0732497
viewing,8.49416,-0.0541366,0.0858016,-0.031665
wasting,8.49416,0.0889029,-0.0106813,-0.0782216
weighted,8.49416,0.0715762,-0.00138561,-0.0701906
adequate,8.61194,-0.0059107,-0.032647,0.0385577
appears,8.5319,-0.0190887,0.0375528,-0.018464
bucks,8.57112,-0.0969907,0.0573512,0.0396396
buyers,8.5319,-0.0898296,0.115204,-0.0253742
chutney,8.61194,-0.0619933,0.114796,-0.0528024
claim,8.61194,0.00713503,0.0813566,-0.0884916
cocoa,8.69895,-0.0791525,-0.102944,0.182097
command,8.57112,0.0351185,-0.0545243,0.0194058
controller,8.61194,-0.0818281,0.100813,-0.0189846
create,8.57112,-0.0817981,-0.00971223,0.0915103
designs,8.5319,0.0349493,-0.0703091,0.0353598
dream,8.57112,-0.0654772,-0.0812714,0.146749
eco,8.5319,0.148288,-0.147234,-0.00105396
effectively,8.5319,-0.199036,0.166882,0.0321537
fly,8.69895,0.106967,0.0300535,-0.137021
gentle,8.5319,-0.0162275,-0.10042,0.116647
group,8.6545,0.134155,-0.125209,-0.00894582
hairs,8.61194,-0.357602,0.147866,0.209736
helicopter,8.6545,-0.0498586,0.0186081,0.0312506
hoping,8.5319,-0.109386,0.170895,-0.0615081
idea,8.57112,0.104203,-0.0853048,-0.0188978
incredible,8.5319,-0.0820709,-0.0103932,0.0924641
informed,8.5319,0.0422289,-0.0557817,0.0135528
interested,8.5319,-0.107687,0.0647406,0.0429463
leaves,8.57112,-0.000396975,0.0313573,-0.0309603
mainly,8.5319,-0.0730095,-0.0487316,0.121741
march,8.79426,0.0452283,-0.00804336,-0.0371849
matching,8.5319,0.0714443,-0.0705114,-0.000932973
news,8.57112,-0.0230228,0.0629519,-0.0399291
peace,8.57112,0.116588,-0.114672,-0.00191589
pendrive,8.5319,0.158156,-0.146161,-0.0119947
pigeon,8.5319,-0.0388654,0.0323389,0.00652654
plugged,8.5319,-0.0439931,0.079106,-0.0351129
routers,8.6545,-0.0563859,0.0587859,-0.00240001
showed,8.5319,-0.0704619,-0.128972,0.199434
spot,8.5319,0.020796,-0.00291995,-0.017876
stability,8.5319,0.0436164,-0.00727083,-0.0363455
stich,8.5319,0.170242,-0.115442,-0.0548002
subwoofer,8.69895,-0.117934,0.131344,-0.0134101
thanq,8.57112,-0.0993867,0.0943,0.00508671
tool,8.5319,-0.0965172,-0.00502968,0.101547
tubicast,8.57112,0.0442759,-0.00277613,-0.0414998
turning,8.61194,0.0520222,0.0296739,-0.0816961
upgraded,8.5319,0.0173113,-0.0713854,0.0540741
va,8.74547,0.0121458,-0.132665,0.120519
weather,8.6545,0.0187907,0.0681805,-0.0869712
yellow,8.57112,-0.062352,0.076967,-0.014615
aroma,8.57112,-0.0458477,-0.0674509,0.113299
baked,8.6545,0.146298,-0.0680097,-0.0782884
bike,8.74547,0.0228088,-0.0908772,0.0680684
brown,8.74547,0.087227,-0.0788879,-0.00833909
cam,8.69895,-0.0161576,-0.170772,0.18693
cardboard,8.69895,0.0196719,0.0129035,-0.0325753
clearity,8.61194,-0.0410172,0.151163,-0.110146
constant,8.61194,-0.00371225,-0.196641,0.200353
covid,8.57112,-0.130864,-0.118503,0.249367
cpu,8.6545,0.151828,-0.0596106,-0.0922176
cross,8.6545,-0.116336,0.108986,0.0073504
degree,8.69895,-0.00359521,0.112981,-0.109386
disgusting,8.61194,0.20625,-0.125122,-0.0811287
diy,8.6545,-0.100893,0.027321,0.0735716
drink,8.61194,-0.0702016,0.0480214,0.0221802
edge,8.74547,-0.0657996,0.113557,-0.0477571
equal,8.61194,0.155869,-0.11589,-0.0399787
extract,8.61194,-0.0670766,0.130604,-0.0635273
filpcart,8.61194,0.0196619,-0.129109,0.109447
formal,8.57112,0.0400572,-0.185163,0.145106
gear,8.6545,0.0659196,-0.0778095,0.01189
harddisk,8.74547,0.0247776,-0.145923,0.121145
hindi,8.61194,-0.050412,0.0364659,0.013946
include,8.57112,0.0288518,0.00759824,-0.03645
intel,8.69895,-0.0974858,-0.03379,0.131276
itz,8.74547,0.0644535,0.00337205,-0.0678255
july,8.74547,0.137895,-0.148064,0.0101685
knows,8.57112,0.0410169,0.075685,-0.116702
livepure,8.74547,-0.149372,0.146052,0.00332018
management,8.61194,0.00398538,0.0187842,-0.0227696
message,8.61194,-0.0573912,0.132022,-0.0746306
met,8.61194,0.0928514,-0.138268,0.0454167
microfiber,8.74547,0.0530065,-0.0624067,0.00940026
optical,8.74547,-0.111423,0.100283,0.0111402
patience,8.57112,0.032541,-0.170985,0.138444
processing,8.57112,-0.101623,0.100457,0.00116636
sediment,8.69895,0.0165157,-0.0774542,0.0609385
situation,8.57112,-0.138877,0.112243,0.0266345
somehow,8.57112,0.00841472,0.0150019,-0.0234166
sorry,8.57112,0.165615,-0.144837,-0.0207777
specification,8.6545,0.133128,-0.0938083,-0.0393202
suprb,8.57112,-0.205511,0.0948527,0.110658
talking,8.57112,-0.0289472,0.062031,-0.0330838
tasty,8.57112,-0.145016,0.10082,0.0441959
telling,8.57112,-0.0182763,0.15735,-0.139073
typing,8.57112,0.06963,-0.0354057,-0.0342243
undoubtedly,8.57112,-0.0999368,-0.0894636,0.1894
utility,8.57112,-0.0498103,-0.0470844,0.0968947
vermicompost,8.57112,0.119701,-0.0396717,-0.0800298
vitamin,8.61194,-0.0292584,0.0941668,-0.0649085
afford,8.61194,-0.0946253,0.0266745,0.0679508
amazed,8.61194,-0.114219,-0.0877274,0.201947
among,8.61194,-0.0344855,-0.0808584,0.115344
appliance,8.6545,-0.0434335,-0.105559,0.148993
attach,8.6545,0.0368943,0.0615618,-0.0984561
badly,8.61194,0.133462,-0.049965,-0.0834971
bgmi,8.69895,-0.104546,-0.0638351,0.168382
coating,8.69895,0.0276807,0.00191431,-0.029595
code,8.6545,0.0950465,-0.085238,-0.00980851
consuming,8.6545,0.0261807,0.0014692,-0.0276499
cult,8.61194,-0.00730238,-0.00675736,0.0140597
dec,8.69895,0.126391,-0.0594547,-0.0669359
delivers,8.61194,0.00353408,-0.104461,0.100927
dirt,8.61194,0.0256209,0.00388422,-0.0295051
disconnect,8.61194,0.0335562,0.016062,-0.0496181
dress,8.6545,-0.00217377,-0.021788,0.0239618
fab,8.6545,-0.109322,-0.11977,0.229091
following,8.61194,-0.0771857,0.00128576,0.0759
forward,8.61194,0.0345519,-0.0111688,-0.0233831
frequent,8.6545,0.0211717,0.0633987,-0.0845704
garden,8.6545,-0.158679,0.129706,0.0289731
grilling,8.69895,-0.00571627,-0.014808,0.0205242
helping,8.61194,-0.0403043,-0.0236175,0.0639218
infinix,8.6545,-3.52087e-05,0.00232644,-0.00229123
itam,8.61194,0.0753941,-0.0314557,-0.0439384
joints,8.61194,-0.0300399,0.0430282,-0.0129884
june,8.74547,0.126766,-0.0350146,-0.0917513
kudos,8.61194,-0.0593095,-0.102645,0.161954
lacks,8.61194,0.0280897,-0.0122272,-0.0158625
leaks,8.61194,0.10402,0.054955,-0.158975
lucky,8.61194,-0.222282,0.102795,0.119486
mechanism,8.6545,0.0146671,0.065064,-0.0797311
microtek,8.6545,0.0904441,-0.188093,0.0976487
mixture,8.6545,-0.0239922,0.0283232,-0.00433101
mp,8.84556,-0.154694,0.123175,0.0315189
nature,8.61194,0.141467,-0.19893,0.057463
nc,8.61194,-0.202301,0.040757,0.161544
nearby,8.6545,0.14415,-0.144794,0.000644073
necessary,8.61194,-0.112404,0.103371,0.00903272
nobody,8.6545,0.0552313,0.0198672,-0.0750986
notification,8.69895,0.12608,-0.0650381,-0.0610422
offered,8.61194,0.187638,-0.185181,-0.00245694
pickup,8.69895,0.0349866,0.0462993,-0.0812859
pot,8.74547,-0.168316,0.160605,0.00771145
prepared,8.6545,0.0756381,-0.0845904,0.00895228
programming,8.79426,0.0858721,0.00138699,-0.0872591
programs,8.61194,0.0161836,-0.0135152,-0.0026684
quarter,8.61194,0.0230905,-0.068212,0.0451215
qwality,8.61194,0.10441,-0.0397884,-0.0646219
refill,8.74547,-0.0316921,0.0808229,-0.0491308
rupee,8.61194,-0.114619,0.10593,0.00868913
school,8.6545,0.10228,-0.128609,0.0263297
secure,8.61194,-0.0481446,-0.118336,0.166481
shops,8.61194,0.0936373,-0.0716382,-0.021999
smartphone,8.61194,0.0873093,-0.187813,0.100504
spare,8.6545,-0.0709479,-0.0348448,0.105793
studying,8.61194,-0.0808921,-0.0564194,0.137312
sun,8.61194,0.0967215,-0.0983268,0.00160529
supposed,8.61194,0.0122878,0.0140965,-0.0263843
tennis,8.6545,0.0370125,0.00361352,-0.0406261
thus,8.61194,-0.186241,0.097105,0.089136
tip,8.6545,-0.151152,0.0762892,0.074863
unfortunately,8.61194,0.0102627,0.0273121,-0.0375748
valve,8.6545,0.00635532,-0.044102,0.0377467
vasul,8.61194,-0.0232968,-0.0900333,0.11333
web,8.74547,-0.00783029,-0.0630948,0.0709251
winters,8.6545,0.0831946,-0.102088,0.0188931
advance,8.6545,-0.0557179,0.0407882,0.0149296
appearance,8.6545,-0.0486638,0.0708467,-0.022183
attitude,8.6545,-0.0325505,-0.0659635,0.098514
availability,8.69895,-0.0248698,-0.00853365,0.0334034
bachelors,8.6545,-0.0484548,0.00402957,0.0444252
bake,8.69895,-0.0473539,0.108177,-0.0608235
balance,8.69895,-0.0514247,0.0750618,-0.0236372
booked,8.6545,0.122505,-0.0774985,-0.0450065
boot,8.69895,-0.0773379,0.0879687,-0.0106308
butter,8.6545,0.0321949,0.0235582,-0.0557531
buyer,8.6545,-0.0231301,-0.0289001,0.0520301
capable,8.6545,0.0380991,-0.0397768,0.00167764
claims,8.6545,-0.202903,0.176166,0.0267371
comfy,8.6545,-0.107416,-0.0674134,0.174829
copying,8.6545,0.0178092,-0.0802678,0.0624586
descent,8.6545,-0.110011,0.0462023,0.0638089
desktop,8.69895,-0.0796461,0.0234502,0.0561959
difficulty,8.6545,-0.0502896,-0.00117723,0.0514668
dimensions,8.6545,-0.0953202,0.106366,-0.0110463
distortion,8.74547,0.0400782,-0.105735,0.0656566
dlink,8.84556,0.0204967,0.0535173,-0.074014
efficiency,8.69895,-0.0503049,-0.0029275,0.0532324
exilent,8.6545,-0.200703,0.038676,0.162027
father,8.6545,-0.176174,-0.0202092,0.196384
favourite,8.6545,-0.122715,-0.127947,0.250661
happens,8.69895,-0.136952,0.137076,-0.000124354
indeed,8.6545,-0.102531,-0.0808134,0.183344
knob,8.74547,0.108615,-0.0250616,-0.0835537
lids,8.6545,-0.031959,-0.0323362,0.0642952
logo,8.79426,0.0869063,-0.111752,0.0248457
manner,8.6545,-0.101919,0.0473214,0.0545976
marvelous,8.6545,-0.128247,-0.120967,0.249215
mast,8.6545,-0.0847113,0.089688,-0.00497664
membrane,8.79426,0.0487971,0.00851105,-0.0573082
mrp,8.69895,0.082762,-0.0069889,-0.0757731
multipurpose,8.6545,-0.122465,-0.0425247,0.16499
nov,8.95678,0.00603965,-0.0173752,0.0113355
plzz,8.69895,-0.0241721,0.0659936,-0.0418216
prefilter,8.84556,-0.0860811,0.169716,-0.083635
produces,8.6545,0.0917101,-0.0650392,-0.0266709
productthanks,8.6545,-0.116664,0.0463766,0.0702874
q,8.6545,0.136188,-0.215832,0.0796437
road,8.6545,-0.0416974,0.0587784,-0.017081
sexy,8.6545,-0.143756,0.0315429,0.112214
sharing,8.6545,-0.0814785,0.0705942,0.0108844
shining,8.6545,0.0188439,-0.0871603,0.0683164
steal,8.69895,-0.052983,0.0464985,0.00648447
surprisingly,8.6545,-0.0985589,0.0894959,0.00906296
tha,8.69895,-0.0221932,0.0963545,-0.0741613
thnku,8.6545,-0.103588,-0.108714,0.212302
timex,8.84556,0.0682216,-0.124694,0.0564726
usha,8.6545,0.00155906,0.0891643,-0.0907233
variety,8.74547,-0.0555648,0.0283348,0.0272301
vera,8.6545,-0.0791301,-0.115931,0.195061
vu,8.89962,0.00531,-0.0530429,0.0477329
wardrobe,8.74547,0.0819831,-0.169984,0.0880006
wouldn,8.6545,-0.0132039,-0.0641007,0.0773047
accepted,8.69895,0.11432,0.0227295,-0.137049
anyways,8.69895,-0.165085,0.0541623,0.110922
assistance,8.74547,-0.0580662,0.033408,0.0246582
attachment,8.74547,-0.0394607,0.0613267,-0.021866
beautifully,8.69895,-0.127543,-0.113503,0.241045
bedsheets,8.69895,0.0599289,-0.208878,0.148949
bulky,8.69895,0.0467624,0.0211421,-0.0679045
circuit,8.84556,0.116046,-0.111124,-0.00492155
commands,8.79426,-0.0264324,0.0108064,0.015626
competitors,8.74547,-0.0189126,-0.148964,0.167877
contain,8.74547,-0.0505105,0.0138163,0.0366942
controls,8.79426,0.0115115,-0.0129773,0.00146581
copper,8.74547,-0.0180022,0.0434312,-0.025429
dad,8.74547,-0.107296,0.07781,0.0294864
dear,8.69895,0.0705897,-0.065555,-0.00503479
demonstration,8.79426,-0.0209959,0.0337371,-0.0127412
detected,8.69895,0.147564,-0.0814798,-0.0660845
dissatisfied,8.69895,0.162369,-0.0987019,-0.063667
downside,8.69895,-0.115263,-0.165325,0.280588
earth,8.74547,0.0183703,0.0566009,-0.0749712
eat,8.74547,0.161682,-0.0793126,-0.0823692
electronics,8.79426,0.0509121,-0.0673903,0.0164782
enjoyed,8.69895,-0.0129382,-0.144387,0.157326
ensure,8.69895,-0.0684225,-0.00574864,0.0741711
fault,8.74547,0.0784889,-0.0376215,-0.0408674
fibre,8.69895,0.207243,-0.052448,-0.154796
flying,8.74547,0.0446704,0.0256328,-0.0703032
fraud,8.74547,0.176202,-0.113632,-0.0625705
fulfill,8.69895,0.0120556,-0.00653232,-0.00552327
general,8.74547,-0.127517,0.0431883,0.0843283
gr,8.69895,-0.162343,-0.075061,0.237404
honey,8.74547,0.0246297,-0.062393,0.0377633
inferior,8.69895,0.145457,-0.0858046,-0.0596524
intact,8.69895,-0.0628058,-0.00586803,0.0686738
ips,8.79426,-0.116817,0.067747,0.0490695
lcd,8.79426,-0.0284719,-0.0576036,0.0860755
moter,8.74547,0.0281115,0.077538,-0.105649
mounting,8.79426,0.0960222,-0.0057959,-0.0902263
multitasking,8.74547,-0.345476,0.307049,0.0384276
operations,8.79426,0.0993289,-0.0431932,-0.0561357
particular,8.69895,0.0911737,-0.128563,0.0373891
plays,8.69895,0.00329677,-0.00623287,0.00293609
ply,8.79426,0.0138635,0.00597571,-0.0198392
portion,8.79426,-0.0089697,0.0581206,-0.0491509
prepare,8.74547,-0.0147407,0.0433016,-0.0285609
produc,8.69895,0.0992075,-0.196081,0.0968733
produt,8.69895,0.180023,-0.172524,-0.00749932
prouduct,8.69895,0.109575,-0.192599,0.0830247
push,8.74547,0.0441755,-0.0028465,-0.041329
registered,8.79426,-0.0983344,0.0945393,0.00379507
reheating,8.84556,0.116318,-0.0775405,-0.0387772
speedy,8.74547,-0.0664742,-0.141629,0.208103
strip,8.84556,0.00841879,-0.00141068,-0.00700811
tnq,8.69895,-0.100668,-0.140494,0.241162
totaly,8.69895,0.0638345,-0.11506,0.0512253
trained,8.74547,-0.0132885,0.204115,-0.190826
varry,8.89962,-0.0467889,0.0111546,0.0356344
vest,8.69895,0.235446,-0.136368,-0.0990777
adjusted,8.74547,-0.16884,0.0506968,0.118143
aid,8.74547,0.00323489,0.118943,-0.122178
anti,8.74547,0.137863,-0.1263,-0.0115629
basically,8.74547,0.0170155,-0.0512225,0.034207
blinking,8.79426,0.00361014,0.0293799,-0.0329901
bottles,8.79426,-0.0693379,-0.032224,0.101562
bracket,8.84556,0.0299438,0.0543263,-0.0842701
bring,8.79426,-0.0174262,-0.0950529,0.112479
brush,8.79426,-0.0350482,0.0331526,0.00189563
cameras,8.84556,-0.1079,0.117399,-0.00949874
cards,8.84556,0.05139,-0.0130873,-0.0383028
ceiling,8.79426,-0.16004,0.0155186,0.144521
certain,8.84556,-0.0547402,-0.0255949,0.0803351
chamber,8.79426,-0.0836183,-0.0839714,0.16759
comparable,8.79426,-0.0734668,0.00275887,0.0707079
comparatively,8.74547,-0.128159,0.102642,0.0255177
correctly,8.74547,0.14552,-0.157759,0.0122394
cracked,8.74547,0.0988232,-0.000482469,-0.0983407
doors,8.74547,0.0507956,-0.0812366,0.0304411
dot,9.08195,0.00414139,0.00972221,-0.0138636
existing,8.79426,0.0238063,-0.0581346,0.0343282
final,8.74547,0.0652571,-0.0857949,0.0205378
firmware,8.95678,-0.129768,0.0967671,0.0330013
flash,8.74547,0.102098,-0.149799,0.047701
foldable,8.84556,0.0871147,-0.106545,0.0194304
gas,8.89962,0.105798,-0.0864453,-0.0193527
glowing,8.74547,0.179295,-0.0953935,-0.0839013
greasy,8.89962,-0.00203602,-0.0435903,0.0456264
handled,8.74547,-0.136473,-0.0596013,0.196074
heart,8.79426,-0.0805707,-0.00181669,0.0823874
humming,8.84556,0.0376252,-0.157519,0.119893
hurry,8.74547,-0.108806,0.0179277,0.0908787
hurt,8.74547,0.14645,-0.0448648,-0.101585
instruction,8.79426,-0.125668,-0.0130856,0.138753
joint,8.79426,-0.0593275,0.0587216,0.000605903
juicing,8.95678,0.0878469,-0.0114894,-0.0763575
knee,8.89962,0.0496288,-0.179619,0.12999
loaded,8.74547,0.0354348,0.0561742,-0.091609
lookwise,8.74547,0.00341727,0.0767523,-0.0801695
louder,8.79426,-0.0357657,0.0664875,-0.0307218
midea,8.84556,0.0481203,-0.0712434,0.0231231
mobiles,8.74547,-0.12864,0.114507,0.0141329
modem,8.89962,-0.0448776,0.0519588,-0.00708122
movement,8.74547,0.107668,-0.177253,0.0695854
normally,8.79426,0.0049425,-0.0969862,0.0920437
owsome,8.74547,-0.138079,-0.137621,0.2757
physical,8.74547,0.128209,-0.159719,0.03151
popular,8.89962,-0.0291619,0.0811553,-0.0519934
questions,8.79426,-0.0902796,-0.204932,0.295212
recived,8.74547,0.107706,-0.0984594,-0.00924707
record,8.84556,0.0840237,-0.0622959,-0.0217279
recording,9.08195,-0.0364751,0.0349269,0.00154821
replacing,8.74547,-0.00891883,0.0583286,-0.0494098
responsive,8.74547,-0.00168518,0.0712069,-0.0695218
rubbish,8.74547,0.225508,-0.120462,-0.105046
shopsy,8.74547,0.0627703,0.0564573,-0.119228
slots,8.84556,-0.00940865,-0.0554648,0.0648734
soooo,8.79426,0.0350806,-0.140094,0.105014
starter,8.79426,0.0990946,-0.115888,0.0167933
steps,8.79426,-0.00945498,0.0160976,-0.00664261
stored,8.79426,-0.00165082,-0.106122,0.107773
stuffs,8.79426,-0.0130976,-0.067748,0.0808455
training,8.74547,-0.148419,0.105941,0.0424778
tub,8.84556,0.0737119,0.00135929,-0.0750712
vegetable,8.79426,0.115111,0.0903829,-0.205494
vey,8.74547,-0.0840811,0.0302203,0.0538607
visited,8.74547,-0.0609036,0.18356,-0.122656
whatever,8.74547,0.042215,-0.0301841,-0.0120309
adjustment,8.79426,0.0672607,-0.0056747,-0.061586
advertised,8.79426,0.0399711,-0.00417491,-0.0357962
airtel,8.84556,0.0399755,-0.0233625,-0.016613
amazon,8.79426,0.0320788,0.0315501,-0.0636289
appropriate,8.84556,-0.00116101,0.063188,-0.062027
authentic,8.79426,-0.11786,0.0565836,0.061276
backlight,8.79426,0.0146387,-0.123822,0.109183
bathroom,8.89962,0.182984,-0.152021,-0.0309631
bear,8.79426,-0.00651232,0.076056,-0.0695436
bearing,8.84556,-0.0604326,0.0634136,-0.00298097
bending,8.84556,0.17019,-0.145389,-0.0248012
boost,8.79426,-0.206842,0.166024,0.0408178
breeze,8.84556,-0.0767431,-0.135713,0.212456
carrying,8.79426,-0.00626931,-0.0331265,0.0393958
cloud,8.84556,-0.0886742,0.117065,-0.0283906
container,8.79426,-0.0383722,0.0346583,0.00371387
december,8.95678,-0.012724,0.0329052,-0.0201812
direction,8.84556,-0.00607808,0.0719859,-0.0659078
drains,8.79426,-0.0760386,0.093512,-0.0174733
factory,9.01741,-0.0226061,0.00988904,0.0127171
fading,8.79426,-0.027409,0.072048,-0.044639
failure,8.84556,0.181328,-0.119443,-0.0618845
false,8.79426,0.106135,-0.130773,0.0246376
ful,8.79426,-0.0438981,-0.00455567,0.0484537
goodi,8.79426,0.0553347,-0.287371,0.232036
grown,8.79426,0.118837,-0.0851537,-0.0336833
headphone,8.84556,0.0587205,-0.12424,0.0655198
hello,8.79426,0.0886598,-0.1262,0.0375398
homes,8.79426,-0.184253,0.103894,0.080359
hopefully,8.79426,-0.0461777,-0.00149803,0.0476758
humidity,8.89962,0.0218485,0.042298,-0.0641465
ia,8.79426,0.191754,-0.200416,0.00866157
importantly,8.79426,-0.0731553,0.138774,-0.0656182
jeans,8.79426,-0.131188,0.177267,-0.0460794
killer,8.84556,-0.0550308,-0.076486,0.131517
levels,8.79426,0.10565,-0.110202,0.00455184
lighter,8.79426,0.0943564,-0.183532,0.0891756
list,8.79426,0.0814078,-0.0329145,-0.0484933
maker,8.79426,-0.10533,0.111841,-0.00651096
mcaffeine,8.79426,-0.0577096,0.0255731,0.0321365
meets,8.79426,-0.184142,-0.111941,0.296083
missed,8.79426,0.00497274,0.0412445,-0.0462172
mixi,8.84556,0.0716071,-0.0327785,-0.0388286
mob,8.95678,0.0282512,-0.0138983,-0.0143529
nicee,8.79426,-0.206913,0.126896,0.0800167
noiseless,8.79426,-0.103117,-0.13001,0.233127
offering,8.79426,-0.0366947,0.024298,0.0123967
ossum,8.84556,-0.120505,-0.11503,0.235535
pen,8.84556,-0.0119964,0.0447262,-0.0327298
pooja,8.95678,-0.0219453,-0.0464597,0.068405
practice,8.79426,-0.00168344,-0.00355794,0.00524138
prdct,8.79426,-0.0106763,0.0307651,-0.0200888
pubg,8.84556,0.0364148,-0.149601,0.113186
purified,8.89962,0.111881,-0.116709,0.00482812
respect,8.79426,-0.00676061,0.0946411,-0.0878804
robust,8.79426,-0.0214179,-0.114986,0.136404
silky,8.79426,0.157892,-0.165039,0.00714685
sitting,8.84556,-0.0155394,-0.055024,0.0705634
slippery,8.79426,0.0689799,0.0259048,-0.0948848
sparkling,8.84556,-0.14548,-0.0439485,0.189429
speak,8.84556,-0.0305841,0.0219207,0.00866334
stones,8.84556,-0.00589567,0.00504427,0.000851405
tracking,8.84556,-0.119984,0.149372,-0.0293885
trainer,8.89962,-0.0375538,-0.109335,0.146889
understanding,8.79426,-0.0453187,0.00566244,0.0396563
valorant,8.79426,-0.0260802,-0.0596737,0.085754
walls,8.89962,-0.00121066,-0.120457,0.121668
wanna,8.79426,-0.0836321,0.0163293,0.0673028
wfh,8.84556,-0.0771574,-0.123303,0.200461
worthable,8.79426,0.00623596,0.0666911,-0.0729271
abt,8.95678,0.0419381,-0.144668,0.10273
activity,8.84556,-0.00451237,-0.0589556,0.063468
amd,8.89962,-0.132237,0.176225,-0.043988
angles,8.84556,0.0537903,0.00741574,-0.061206
anymore,8.84556,0.083512,-0.033644,-0.049868
approximately,8.84556,-0.0707346,0.119187,-0.0484527
ballons,9.15094,-0.0816755,0.0879899,-0.00631448
bouncy,8.84556,-0.155356,0.0592642,0.0960918
bugs,8.84556,0.110215,0.0619166,-0.172132
cars,8.89962,0.0266267,-0.00299693,-0.0236298
compromise,8.84556,-0.0452726,-0.0535886,0.0988612
controlling,8.89962,0.1345,-0.0828335,-0.0516661
copies,9.30509,0.030309,-0.0514749,0.0211659
core,8.89962,-0.201698,0.189812,0.0118858
cutter,8.84556,-0.162891,0.166311,-0.00342014
darun,8.84556,-0.138983,-0.14646,0.285442
dealer,8.95678,0.0370271,-0.110068,0.0730411
designing,8.84556,-0.0520591,-0.0681852,0.120244
detect,8.84556,0.102284,-0.0902345,-0.0120493
duration,8.84556,-0.0562241,0.0322958,0.0239282
echo,9.30509,-0.0512883,0.074286,-0.0229978
elastic,8.89962,0.101959,-0.112363,0.0104034
engineering,8.84556,0.0766549,-0.036047,-0.0406078
exceptional,8.84556,0.0273888,0.107978,-0.135367
flipkard,8.95678,0.00285777,0.0708719,-0.0737296
fun,8.84556,-0.00177858,0.0619255,-0.0601469
gamer,8.84556,0.106297,-0.0179394,-0.0883576
gamers,8.84556,0.118118,-0.143841,0.025723
goof,8.84556,-0.19963,0.0534396,0.14619
graphic,8.84556,-0.0392926,0.0657682,-0.0264756
grinds,8.89962,-0.0796117,-0.000703342,0.0803151
hardness,9.22505,-0.0235482,-0.0453532,0.0689015
headphones,8.89962,0.00430907,0.00474101,-0.00905007
hostel,8.84556,0.0598829,-0.0933711,0.0334882
ignore,8.84556,0.0936452,0.0322622,-0.125907
indoor,8.84556,0.0129776,-0.155814,0.142837
kapoor,9.08195,-0.0597876,-0.0254631,0.0852507
kinda,8.84556,-0.0978684,0.0892135,0.00865495
leaving,8.84556,0.110321,0.0428545,-0.153176
lenovo,8.95678,-0.0508132,0.0800103,-0.0291971
liberty,9.01741,-0.0111887,-0.112313,0.123502
logistics,8.89962,-0.0461884,0.00910136,0.0370871
maharaja,8.84556,-0.0354044,-0.114164,0.149568
matches,8.95678,0.0983232,-0.0825195,-0.0158036
neatly,8.84556,0.0493921,-0.171375,0.121983
official,8.84556,-0.00796374,-0.154519,0.162482
owesome,8.84556,-0.119311,-0.154323,0.273635
peoples,8.89962,-0.0839346,-0.141139,0.225073
platform,8.89962,0.102135,0.0085904,-0.110725
pots,8.84556,0.0958237,-0.228469,0.132645
ppm,9.15094,-0.016836,-0.0507513,0.0675873
practical,8.84556,0.0912419,0.0059491,-0.097191
productbut,8.84556,-0.105676,0.0630856,0.0425905
ps,8.84556,-0.138975,0.0187053,0.12027
raise,8.84556,-0.00437169,0.0514658,-0.0470941
rejected,8.89962,0.0576316,0.0364373,-0.0940689
removal,8.89962,-0.0325702,0.00795424,0.0246159
reputed,8.84556,0.0553883,-0.0756694,0.020281
rock,8.84556,0.0845525,0.0206008,-0.105153
rust,9.01741,0.0933698,-0.0685531,-0.0248167
seal,8.89962,0.100201,-0.071809,-0.028392
shift,8.84556,0.0796687,-0.221569,0.141901
silver,8.95678,-0.13644,0.085528,0.0509117
sticking,8.84556,-0.0554066,-0.00235919,0.0577657
stone,8.84556,0.0594951,-0.065096,0.00560089
straight,8.84556,-0.0219469,-0.0134415,0.0353884
suparb,8.84556,-0.135924,-0.139881,0.275805
tear,8.84556,0.0225275,0.0321984,-0.0547259
technicians,8.84556,0.132838,-0.162241,0.0294028
tension,8.89962,0.0771027,-0.15298,0.0758773
thoughts,8.84556,-0.0730205,-0.136569,0.20959
travel,8.84556,0.152711,-0.247165,0.0944536
turns,8.84556,0.17567,-0.218385,0.0427146
vocals,8.84556,-0.0363777,-0.000347687,0.0367254
women,8.84556,-0.20186,0.0932932,0.108566
address,8.89962,0.0396476,-0.128913,0.0892652
advanced,8.89962,-0.299813,0.168353,0.13146
amazingly,8.89962,-0.107418,-0.084989,0.192407
april,8.89962,-0.0938677,0.0403633,0.0535043
aspected,8.89962,-0.00650692,0.0529203,-0.0464134
atomberg,9.01741,-0.0292383,-0.0749637,0.104202
attended,8.95678,0.090862,-0.0731055,-0.0177565
basketball,9.08195,0.000768877,0.0889679,-0.0897368
carton,9.08195,0.0285695,-0.0830815,0.054512
cash,8.89962,0.0073716,-0.0760839,0.0687123
cell,8.89962,0.0662441,0.0717921,-0.138036
ceramic,8.89962,-0.382338,0.120204,0.262134
co,8.89962,0.153813,-0.163138,0.00932535
comb,8.95678,-0.0593372,0.0656739,-0.00633664
consumer,8.89962,-0.0699509,0.129103,-0.0591526
continues,8.89962,0.0302903,-0.0593553,0.0290651
crocs,9.15094,0.0519199,0.0718588,-0.123779
cups,8.95678,-0.0958323,0.0808857,0.0149466
deserve,8.89962,0.170809,-0.181237,0.0104274
dettol,8.89962,0.0671168,-0.0136729,-0.0534439
dietitian,8.95678,0.198767,-0.059274,-0.139493
domestic,8.89962,-0.0771786,-0.126117,0.203296
downloading,8.95678,0.0278447,-0.186361,0.158516
drilling,8.95678,-0.0524406,0.0658236,-0.013383
efforts,8.95678,-0.0972612,0.128406,-0.0311443
estimated,8.89962,0.0238593,-0.151671,0.127812
everywhere,8.95678,-0.0220984,0.10215,-0.0800519
exercise,8.95678,-0.104416,0.0798573,0.0245588
express,8.89962,-0.0372411,0.0793692,-0.0421281
extreme,8.95678,-0.14242,0.123458,0.0189622
families,8.89962,-0.0840311,-0.126205,0.210236
favorite,8.89962,-0.137018,-0.105935,0.242953
flawlessly,8.89962,0.00613755,-0.10558,0.099442
fo,8.89962,-0.0131048,-0.0486501,0.0617548
generally,8.89962,0.00174551,0.116221,-0.117966
grass,8.89962,-0.107257,0.0171585,0.0900983
held,8.95678,0.0447952,-0.0585622,0.013767
juicers,8.89962,-0.0271588,-0.125158,0.152317
language,8.89962,-0.0150189,0.0318566,-0.0168377
lastly,8.89962,0.0263718,-0.177501,0.151129
luv,8.89962,-0.108142,-0.110503,0.218644
manageable,8.89962,-0.222594,0.139094,0.0835006
managed,8.89962,0.121555,-0.176819,0.055264
manufacturers,8.89962,0.0510756,-0.0871232,0.0360476
notes,8.89962,0.0283845,-0.050097,0.0217125
oky,8.95678,-0.0664051,0.153882,-0.087477
older,8.89962,-0.0594177,-0.0797102,0.139128
orginal,8.95678,-0.0574174,0.02406,0.0333575
ossam,8.89962,-0.190063,0.0673621,0.122701
parfect,8.89962,0.0604693,-0.197841,0.137372
particles,8.89962,-0.0804125,0.0203351,0.0600774
pcs,9.15094,-0.0171148,0.0964732,-0.0793584
phillips,8.89962,0.01543,-0.103619,0.0881892
polyester,8.89962,0.0637051,0.0221825,-0.0858876
productdon,8.95678,0.109004,-0.103782,-0.00522229
productgood,8.89962,-0.0580755,-0.142895,0.20097
qubo,8.95678,-0.0212093,-0.0287814,0.0499907
radio,8.95678,0.174696,-0.193018,0.0183216
rapid,8.89962,-0.183218,0.132868,0.0503497
reasons,8.95678,0.0191926,-0.0131888,-0.00600374
reduces,8.89962,-0.0660649,0.0381963,0.0278686
repairs,8.89962,0.04314,0.0974805,-0.140621
risk,8.89962,0.0440345,-0.0602268,0.0161924
rpm,8.89962,0.0599307,-0.104018,0.0440878
saved,8.89962,0.00898427,-0.0717655,0.0627812
selected,8.89962,-0.101728,0.187462,-0.0857343
sensors,8.89962,-0.0147787,0.00447731,0.0103014
servicing,8.95678,0.0241919,-0.0683982,0.0442064
shakes,8.89962,-0.00839555,0.135786,-0.127391
shocked,8.89962,0.00514629,-0.065112,0.0599657
smelling,8.95678,0.0223701,0.0910161,-0.113386
stage,8.95678,0.033963,-0.0815297,0.0475667
steady,8.89962,-0.125356,0.101716,0.0236396
stores,8.89962,0.068819,-0.0594092,-0.00940978
sub,8.95678,-0.188155,0.160827,0.0273286
sunlight,8.89962,0.0630132,0.0665524,-0.129566
supportive,8.89962,-0.0956399,0.069723,0.0259168
switches,8.95678,-0.239721,0.107799,0.131922
symphony,9.15094,-0.12409,0.134152,-0.0100613
tech,8.95678,0.0473119,-0.0795611,0.0322493
temporary,8.89962,-0.0109092,0.0485976,-0.0376884
tester,8.89962,0.00336446,-0.023113,0.0197485
thise,8.95678,0.178215,-0.145765,-0.0324499
throughout,8.89962,-0.103614,0.0132804,0.0903336
towards,8.95678,-0.00415499,0.0144567,-0.0103017
trouser,8.89962,0.030426,0.0662512,-0.0966772
unboxing,8.89962,0.0532796,-0.154178,0.100899
unless,8.89962,-0.0521096,-0.01403,0.0661397
wake,8.89962,0.100097,-0.0368994,-0.0631979
warking,8.89962,0.0951573,-0.00333104,-0.0918263
weird,8.89962,0.0177786,-0.0152137,-0.00256489
workout,8.89962,-0.0413648,-0.162704,0.204069
wrap,8.89962,-0.129686,-0.00553671,0.135222
zoom,9.08195,0.0528933,-0.0759839,0.0230906
accordingly,8.95678,0.00572809,0.105301,-0.111029
act,9.01741,-0.0213349,0.217079,-0.195744
advise,8.95678,0.0502549,0.0608039,-0.111059
alone,8.95678,-0.0116537,-0.0654802,0.077134
aluminum,9.01741,0.114741,-0.119508,0.00476726
answer,9.01741,-0.147455,0.264213,-0.116758
asome,9.01741,-0.117825,-0.124043,0.241867
bakwas,8.95678,0.17354,-0.0174556,-0.156085
beautifull,8.95678,-0.035601,-0.0135805,0.0491815
becoz,9.01741,-0.0354474,0.0450123,-0.0095649
blower,9.08195,0.0201654,-0.00362666,-0.0165388
brings,8.95678,0.0845288,-0.106217,0.0216878
burned,8.95678,0.166069,-0.108264,-0.0578046
catch,8.95678,-0.0431469,0.0449782,-0.0018313
competition,8.95678,-0.0249525,-0.0943429,0.119295
concerned,8.95678,-0.0740342,0.171946,-0.0979113
conclusion,8.95678,0.167419,0.0228646,-0.190283
confusion,8.95678,-0.108662,0.0545202,0.0541418
consumes,8.95678,0.0445436,-0.0321005,-0.012443
costlier,8.95678,0.0191824,-0.0307837,0.0116013
creating,8.95678,0.121434,-0.173638,0.0522039
credit,8.95678,0.0945694,-0.181073,0.0865041
cultsport,9.22505,-0.0128264,-0.0968264,0.109653
decrease,8.95678,-0.06155,0.036508,0.025042
decreased,8.95678,-0.0177434,0.0674068,-0.0496634
defects,8.95678,0.079973,-0.023198,-0.0567751
desired,8.95678,-0.094762,0.105054,-0.0102924
dim,8.95678,0.113872,-0.0632919,-0.0505801
disappoints,8.95678,0.111275,-0.137415,0.0261394
discounted,8.95678,0.000691602,-0.045704,0.0450124
displayed,8.95678,0.0607845,0.0157667,-0.0765511
draining,9.08195,-0.0288895,0.0811936,-0.0523041
evening,9.01741,-0.0309424,0.0187679,0.0121745
excelent,8.95678,0.0344628,-0.190122,0.155659
exchanged,9.01741,0.0195403,0.0168267,-0.036367
exelent,8.95678,-0.187175,0.0736975,0.113478
extracts,9.01741,-0.0544147,-0.115163,0.169578
factor,8.95678,0.0232253,-0.152448,0.129222
filtration,8.95678,0.0544334,-0.0519658,-0.00246754
goid,8.95678,-0.106082,0.102902,0.00317986
grab,8.95678,-0.126099,0.161313,-0.0352139
gx,9.08195,0.00975866,-0.0943096,0.0845509
handel,9.08195,0.158866,-0.0916121,-0.0672537
handles,9.01741,-0.070256,-0.0410846,0.111341
hangers,9.15094,0.0162309,-0.0438457,0.0276148
havells,9.22505,-0.123903,0.0422704,0.0816321
heard,8.95678,-0.15556,0.0380332,0.117527
impress,8.95678,-0.0888931,-0.0903055,0.179199
installations,9.01741,0.0611019,-0.115428,0.0543261
instantly,8.95678,0.127483,-0.145488,0.0180052
kumar,8.95678,0.042972,-0.0116498,-0.0313221
law,8.95678,0.119911,0.0679338,-0.187844
lead,9.01741,-0.0637706,0.0674909,-0.00372028
leave,8.95678,-0.0345957,-0.0346972,0.0692929
likely,8.95678,-0.118299,0.0579011,0.0603981
ma,9.01741,0.0849651,-0.126119,0.0411534
manufactured,8.95678,0.0484661,0.0882943,-0.13676
marvellous,8.95678,-0.116343,-0.114088,0.230431
meant,8.95678,0.181409,-0.106019,-0.0753903
menu,9.08195,0.0447188,-0.0778685,0.0331498
minimal,8.95678,0.164598,-0.186682,0.022084
moment,8.95678,-0.0639499,0.235097,-0.171147
moon,9.01741,-0.0890868,-0.108839,0.197926
october,9.01741,0.0120122,-0.0275066,0.0154944
operated,8.95678,0.0572013,-0.0149973,-0.042204
ott,9.01741,-0.0519445,0.122085,-0.0701408
paking,8.95678,0.122856,-0.0229431,-0.0999125
panasonic,9.15094,-0.0205812,0.0839135,-0.0633323
parcel,9.08195,0.02099,-0.0457388,0.0247489
pass,8.95678,0.0197711,0.0293434,-0.0491144
passport,9.48741,-0.00645971,-0.0760019,0.0824616
pencil,8.95678,0.0986557,-0.0570834,-0.0415723
personnel,9.08195,0.00709683,-0.0440189,0.0369221
pl,8.95678,-0.014072,0.0341697,-0.0200977
pomegranate,8.95678,-0.0926025,0.144234,-0.0516312
preety,8.95678,-0.151219,0.125357,0.0258623
priduct,8.95678,-0.12239,0.0969684,0.0254219
producing,8.95678,0.0366653,0.0272795,-0.0639448
proved,8.95678,0.203958,-0.132052,-0.0719061
removes,8.95678,-0.0905721,0.0446084,0.0459638
representative,9.01741,-0.00478467,0.0215599,-0.0167753
retail,9.01741,-0.10424,-0.0933167,0.197557
rotation,8.95678,-0.19614,0.170313,0.025827
sceptical,8.95678,-0.043941,-0.0925874,0.136528
shade,8.95678,0.051302,-0.0531907,0.00188874
shared,8.95678,-0.000623604,-0.0107577,0.0113813
shirts,9.01741,0.0778522,-0.15037,0.0725177
shut,8.95678,0.0845717,-0.112273,0.0277009
skeptical,8.95678,-0.129193,-0.0623671,0.19156
slicing,8.95678,-0.140566,0.0795914,0.0609744
softwares,8.95678,-0.0198747,-0.084126,0.104001
spaces,9.15094,0.0844079,-0.121695,0.0372868
sponge,8.95678,-0.0224365,-0.0941819,0.116618
spots,9.01741,-0.0581435,0.0180689,0.0400746
spray,9.01741,-0.011479,0.0588,-0.047321
sq,9.01741,0.0547665,0.0337693,-0.0885358
storing,8.95678,-0.0274338,-0.0132424,0.0406761
storm,9.01741,0.0567922,-0.145263,0.0884709
stream,8.95678,0.148123,-0.0994319,-0.0486913
suggestions,8.95678,-0.0943524,0.196977,-0.102625
suited,8.95678,-0.0577702,-0.018111,0.0758811
superbb,8.95678,-0.139179,-0.135823,0.275003
tabs,9.08195,-0.0381159,-0.125488,0.163604
temp,8.95678,0.134952,-0.077627,-0.0573247
term,8.95678,0.0230233,0.0139759,-0.0369992
testing,8.95678,-0.0616876,0.0116102,0.0500774
thermals,9.01741,-0.0259685,0.0393499,-0.0133813
tips,9.01741,0.0338146,-0.112715,0.0789008
transit,8.95678,-0.155466,0.223607,-0.0681413
transportation,9.01741,-0.109001,0.124133,-0.0151324
trousers,8.95678,-0.0293428,-0.0200086,0.0493514
tym,9.08195,-0.00505775,-0.11675,0.121807
tyre,9.01741,0.0552455,-0.065503,0.0102575
veg,9.01741,-0.0656215,0.0730541,-0.00743259
velvet,8.95678,0.0703914,0.0720883,-0.14248
vision,8.95678,0.0859174,-0.0360987,-0.0498186
whereas,8.95678,0.0859657,-0.00349222,-0.0824735
wires,8.95678,0.155257,-0.172021,0.016764
wowww,8.95678,-0.115449,-0.132592,0.24804
adorable,9.01741,-0.098085,-0.141404,0.239489
airflow,9.15094,0.0968182,-0.0650647,-0.0317536
al,9.01741,-0.00871909,-0.107573,0.116292
alignment,9.08195,0.0925045,-0.135493,0.0429886
antenna,9.01741,-0.0829148,0.0321791,0.0507358
appreciable,9.01741,-0.095392,-0.225682,0.321074
aslo,9.08195,-0.0130909,-0.0117176,0.0248084
background,9.08195,0.0672093,-0.284502,0.217292
bath,9.01741,0.075226,-0.103472,0.0282458
beetroot,9.08195,0.105285,0.117132,-0.222417
behaved,9.01741,-0.0548226,-0.0988345,0.153657
bleeding,9.08195,0.0798095,-0.0818884,0.00207883
bulbs,9.01741,0.109952,-0.111321,0.00136896
business,9.01741,-0.105154,0.043267,0.0618874
busy,9.01741,0.0804006,-0.119616,0.039215
buyed,9.08195,-0.0475073,0.0357398,0.0117675
certainly,9.08195,-0.0886393,0.00288946,0.0857498
chart,9.01741,-0.04943,0.0707164,-0.0212864
cheat,9.01741,0.0159012,0.0378733,-0.0537745
chief,9.01741,0.135972,-0.0350189,-0.100953
chocolate,9.3921,-0.0439113,-0.0743258,0.118237
chosen,9.01741,0.14119,-0.169735,0.028545
citrus,9.01741,-0.123457,0.097735,0.0257219
coil,9.01741,-0.0712488,0.131628,-0.060379
complicated,9.01741,0.0187305,-0.0533785,0.034648
country,9.22505,-0.00786372,-0.00993871,0.0178024
cycles,9.08195,-0.0555696,-0.121939,0.177509
cycling,9.01741,0.0379395,-0.182978,0.145039
dedicated,9.15094,-0.0626139,0.141577,-0.0789633
degrees,9.15094,-0.0765756,0.0255292,0.0510463
delhi,9.08195,-0.091567,0.0239489,0.0676181
delighted,9.01741,-0.0845076,-0.108291,0.192799
delightful,9.01741,-0.173574,0.0882969,0.085277
delivary,9.08195,-0.0753498,-0.0974135,0.172763
demand,9.01741,0.00274647,0.0848572,-0.0876037
dents,9.01741,-0.0128978,0.0348662,-0.0219684
deserves,9.01741,-0.0190063,-0.112552,0.131558
dosa,9.01741,0.125084,-0.0733813,-0.0517024
dropped,9.01741,0.161314,-0.123371,-0.0379432
duplicate,9.08195,0.0493834,0.0525267,-0.10191
dynamic,9.01741,-0.114675,-0.122592,0.237267
elements,9.08195,0.21989,-0.172651,-0.0472395
example,9.01741,-0.213575,0.0800718,0.133503
fades,9.01741,0.0354284,-0.0233612,-0.0120672
fail,9.01741,0.0770014,0.0211653,-0.0981667
fat,9.3921,-0.0444941,-0.0212836,0.0657778
flawless,9.01741,-0.098031,0.145581,-0.0475501
forget,9.01741,0.142094,-0.114969,-0.027125
golden,9.01741,0.201175,-0.00973826,-0.191437
grinders,9.08195,-0.125005,0.0834983,0.0415063
heavily,9.08195,0.00203894,0.0349792,-0.0370182
highest,9.01741,-0.138106,0.126254,0.0118519
honeycomb,9.01741,-0.074535,0.00152339,0.0730116
increasing,9.08195,0.00222594,0.000891945,-0.00311788
indication,9.15094,0.13726,-0.146823,0.00956335
invoice,9.22505,0.0247501,-0.0511089,0.0263588
km,9.01741,-0.0228676,-0.0906599,0.113528
ladies,9.08195,-0.0231891,0.122395,-0.0992058
lasted,9.01741,0.0777989,-0.0219146,-0.0558843
leader,9.08195,-0.00724649,0.0646906,-0.0574441
lengthy,9.01741,-0.132606,0.0910539,0.0415525
linux,9.22505,0.129885,-0.118401,-0.0114835
liv,9.15094,0.0324466,-0.165483,0.133036
maintained,9.01741,0.0789086,-0.173099,0.0941908
mtr,9.22505,0.166859,-0.200481,0.0336221
multimedia,9.08195,0.0513091,-0.102223,0.0509141
naic,9.01741,-0.203086,0.0616615,0.141424
omg,9.01741,0.0178025,-0.140307,0.122505
opt,9.08195,0.071266,0.0368892,-0.108155
overheating,9.08195,-0.0021885,0.0527533,-0.0505648
posting,9.01741,0.0340638,0.0497608,-0.0838246
prior,9.08195,0.123557,-0.163394,0.0398366
productand,9.01741,-0.0532927,-0.0300616,0.0833543
protected,9.08195,0.0448977,-0.0348187,-0.010079
purple,9.08195,-0.0581429,-0.00411604,0.062259
purse,9.08195,-0.156198,0.111356,0.0448424
raw,9.01741,0.0957889,-0.122263,0.0264739
rear,9.01741,0.0532971,-0.0462444,-0.00705264
recipe,9.15094,-0.0761012,-0.120455,0.196556
reducing,9.01741,0.00767062,0.0631022,-0.0707728
relief,9.01741,-0.153717,0.0350043,0.118712
seamlessly,9.01741,-0.130559,0.0956814,0.0348781
september,9.08195,-0.026174,-0.0293235,0.0554975
serious,9.01741,-0.0401587,0.0736016,-0.0334429
shake,9.08195,-0.0351383,0.160295,-0.125157
shoot,9.01741,-0.00839468,0.0744962,-0.0661015
shots,9.01741,-0.0752084,-0.0502544,0.125463
shredding,9.30509,-0.00216442,0.00526328,-0.00309886
sites,9.01741,0.104029,0.0199549,-0.123984
skills,9.01741,-0.0347299,0.200205,-0.165475
sold,9.01741,0.00418196,-0.116457,0.112275
solder,9.15094,-0.0103871,0.119244,-0.108857
soothing,9.01741,-0.128526,-0.0893304,0.217856
spinning,9.08195,0.104065,-0.0712863,-0.0327782
spoiled,9.01741,0.198705,-0.127791,-0.0709144
stronger,9.01741,-0.128213,0.0344274,0.0937856
tape,9.08195,-0.0733042,0.15785,-0.084546
thermal,9.01741,0.08775,0.0123819,-0.100132
tshirt,9.01741,0.0238725,-0.147526,0.123653
tyres,9.08195,-0.0218667,-0.00299155,0.0248583
un,9.01741,0.0655931,0.0303694,-0.0959626
uneven,9.08195,0.140271,-0.0760187,-0.0642526
upc,9.22505,0.124977,0.0294715,-0.154448
vare,9.22505,0.0560913,-0.15672,0.100629
varient,9.08195,0.0846456,-0.103541,0.0188953
vessel,9.08195,0.116381,-0.088199,-0.0281823
warrenty,9.08195,0.0659203,-0.125491,0.0595707
ways,9.08195,-0.0921753,-0.226733,0.318909
zee,9.22505,0.0576426,0.00888844,-0.066531
aa,9.08195,-0.0715153,-0.0498882,0.121403
ability,9.08195,-0.135588,0.0754487,0.0601394
active,9.08195,-0.0172889,-0.0618854,0.0791743
ad,9.08195,-0.0169885,0.0485105,-0.0315221
aloe,9.08195,-0.00482934,-0.061757,0.0665863
arrangement,9.15094,-0.137112,0.190265,-0.0531524
aware,9.08195,-0.103705,0.0939361,0.00976853
awosome,9.15094,-0.117581,-0.112401,0.229983
balls,9.15094,0.146804,-0.0689107,-0.077893
basket,9.15094,-0.0686724,0.00605884,0.0626136
bay,9.08195,0.140126,-0.131028,-0.00909725
beware,9.15094,0.00385333,0.00680359,-0.0106569
camara,9.08195,0.179675,-0.183772,0.00409662
catching,9.08195,-0.0407975,-0.0226975,0.063495
catvision,9.08195,-0.0161742,-0.107367,0.123541
causing,9.08195,0.0192717,0.00697124,-0.026243
chargers,9.22505,0.145528,-0.134932,-0.0105964
components,9.08195,0.03959,-0.226606,0.187016
confusing,9.08195,0.0607352,-0.188547,0.127812
contrast,9.08195,-0.0943671,0.14015,-0.0457829
controlled,9.08195,0.142179,-0.0779769,-0.0642025
convertible,9.22505,-0.0203117,-0.0399242,0.0602358
cooperative,9.08195,-0.102902,0.0764796,0.0264221
creates,9.08195,-0.0478212,-0.0199445,0.0677657
dani,9.30509,-0.0744094,-0.0253618,0.0997711
delicious,9.08195,-0.0967082,-0.0959987,0.192707
deliverd,9.22505,-0.119997,-0.119357,0.239354
demage,9.08195,0.127383,-0.00191261,-0.12547
deskjet,9.08195,-0.0498424,0.0214802,0.0283621
diameter,9.08195,-0.0409786,-0.00827871,0.0492573
dilivery,9.08195,-0.220657,0.129582,0.0910755
dint,9.08195,0.0364596,-0.0532001,0.0167404
ecom,9.08195,-0.0617273,0.00778996,0.0539374
engineered,9.08195,0.103679,0.0294275,-0.133106
enhancer,9.08195,-0.0358877,-0.134482,0.170369
facilities,9.08195,-0.152574,0.113617,0.0389572
falling,9.08195,0.119011,-0.0664371,-0.0525743
faltu,9.15094,0.23062,-0.103634,-0.126985
fav,9.08195,-0.112289,-0.117127,0.229417
finest,9.08195,-0.117295,-0.123538,0.240832
flimsy,9.08195,0.137604,0.0351791,-0.172783
fortune,9.3921,-0.0195474,-0.029701,0.0492484
fulfilled,9.08195,0.006849,0.0228645,-0.0297135
functionalities,9.08195,0.0148205,-0.0438318,0.0290112
galaxy,9.08195,-0.0695374,-0.0100651,0.0796025
gardening,9.08195,-0.138656,-0.107928,0.246584
germinating,9.08195,0.132246,-0.13277,0.000524503
gigabit,9.22505,-0.0772431,0.107949,-0.0307054
goo,9.08195,-0.0193061,-0.0208837,0.0401899
guidance,9.08195,0.0401115,-0.136373,0.0962614
ha,9.3921,-0.00686273,-0.00744837,0.0143111
hanged,9.08195,-0.120529,0.169746,-0.0492168
horizontal,9.08195,0.127046,-0.0543284,-0.0727177
hygienic,9.08195,-0.182943,0.0998446,0.0830983
id,9.22505,-0.0348513,-0.127767,0.162618
impossible,9.08195,0.160759,-0.151049,-0.00970926
impressions,9.08195,-0.0414675,-0.10635,0.147817
inform,9.08195,-0.0961813,0.0675765,0.0286047
intensive,9.22505,-0.073195,-0.0611344,0.134329
laggy,9.08195,0.0257114,0.060475,-0.0861865
laminated,9.15094,-0.0198616,-0.0780933,0.0979549
lappy,9.15094,-0.0586278,-0.094178,0.152806
lazy,9.08195,-0.0570162,0.0486591,0.00835712
lift,9.08195,0.0540189,-0.0654894,0.0114705
liking,9.08195,0.0886776,-0.185592,0.0969143
loading,9.15094,0.189111,-0.244699,0.0555873
magic,9.08195,-0.0702744,-0.0850905,0.155365
meters,9.22505,-0.391792,0.217387,0.174405
moto,9.08195,0.0750488,-0.0109561,-0.0640927
moulded,9.08195,-0.00442599,0.048495,-0.044069
mouth,9.08195,0.0452195,-0.0194345,-0.025785
outdoor,9.08195,0.0385997,-0.0239334,-0.0146663
paired,9.08195,-0.102484,0.0145648,0.0879187
picked,9.08195,0.00502424,-0.0595619,0.0545377
prblm,9.08195,0.0481167,-0.0341519,-0.0139648
problematic,9.08195,0.0330062,0.0844869,-0.117493
productvery,9.08195,0.0267396,-0.117947,0.0912075
property,9.08195,-0.0942878,0.0783527,0.015935
proudect,9.08195,0.0843856,-0.0450849,-0.0393006
rang,9.08195,0.00552318,0.0626661,-0.0681893
rates,9.08195,-0.0757625,0.111533,-0.035771
reaches,9.08195,0.120123,-0.0250074,-0.0951161
recomended,9.08195,0.104372,-0.056752,-0.0476197
repeater,9.22505,-0.0343939,0.0622164,-0.0278225
responsible,9.08195,-0.105872,-0.00247274,0.108344
restarting,9.15094,0.191239,-0.0961294,-0.09511
scam,9.15094,0.0813017,-0.0424428,-0.0388589
secondly,9.08195,0.0476923,0.163222,-0.210915
sellers,9.08195,0.146739,-0.152312,0.00557311
sets,9.08195,0.0483893,-0.170641,0.122252
shaky,9.08195,0.0413513,0.0741539,-0.115505
sleeve,9.22505,-0.055545,-0.0632595,0.118804
slip,9.08195,0.168029,-0.125783,-0.0422458
soap,9.30509,-0.0977388,-0.0055169,0.103256
span,9.08195,0.0210108,-0.120859,0.099848
specific,9.08195,0.0125717,-0.0129006,0.000328937
spoons,9.15094,-0.0614198,-0.121634,0.183054
spread,9.08195,0.237447,-0.163984,-0.0734638
staying,9.08195,0.132862,-0.108163,-0.024699
stereo,9.22505,-0.0289971,-0.0109794,0.0399765
stitched,9.08195,0.0251154,0.0718459,-0.0969613
stoped,9.08195,0.015678,0.0457707,-0.0614486
stumps,9.30509,-0.0749254,0.0214923,0.0534331
sturdiness,9.15094,-0.0407081,-0.131432,0.17214
superbly,9.08195,-0.148581,-0.0632872,0.211868
survive,9.15094,0.0860705,-0.0756368,-0.0104336
tata,9.22505,0.0338208,-0.0857201,0.0518993
thankful,9.08195,-0.0688532,-0.092706,0.161559
trustable,9.08195,-0.107654,-0.108225,0.215879
ty,9.08195,-0.0830801,-0.102127,0.185208
uh,9.3921,-0.0471229,-0.080395,0.127518
unstable,9.08195,0.136148,-0.0038329,-0.132315
updating,9.08195,-0.0681969,0.0402502,0.0279467
upload,9.08195,0.164601,-0.168781,0.00417973
utensil,9.15094,0.0965299,-0.118515,0.0219847
valo,9.22505,-0.00540548,-0.0145346,0.0199401
vendor,9.15094,-0.125148,0.0522673,0.0728804
ver,9.08195,-0.00797682,-0.109966,0.117943
verygood,9.08195,-0.13103,-0.133536,0.264566
wasul,9.08195,-0.0738204,-0.174806,0.248627
wipe,9.08195,-0.110246,-0.0297748,0.140021
worsted,9.08195,0.238015,-0.135397,-0.102618
worthful,9.08195,0.0086722,-0.0274664,0.0187942
xl,9.08195,0.0349517,0.0300134,-0.0649651
absorb,9.15094,0.00647152,-0.0217203,0.0152488
ace,9.22505,-0.0458457,0.00380046,0.0420453
activities,9.15094,-0.0992039,0.0749127,0.0242913
affect,9.15094,0.0998547,-0.13879,0.0389349
allow,9.22505,-0.0265009,0.0533256,-0.0268247
answers,9.30509,0.135637,-0.143831,0.00819386
assigned,9.22505,0.0416097,0.0615136,-0.103123
av,9.15094,-0.076725,-0.0285999,0.105325
backside,9.15094,0.0177381,0.0637398,-0.0814779
bangalore,9.15094,0.112971,-0.0819306,-0.0310406
besides,9.15094,-0.0562856,0.0938027,-0.0375171
bladder,9.15094,-0.136145,0.112908,0.0232372
bookshelf,9.15094,-0.0231598,-0.131082,0.154242
booting,9.15094,0.0964009,-0.191772,0.0953712
boss,9.15094,-0.0814224,-0.117273,0.198695
bravia,9.15094,0.0305798,0.0343032,-0.064883
building,9.22505,-0.00648871,-0.135593,0.142082
cartridges,9.15094,0.0680633,-0.0794137,0.0113504
cinematic,9.15094,-0.0337637,-0.0355062,0.0692699
claimed,9.15094,0.0624824,-0.0132958,-0.0491866
collect,9.22505,-0.0176773,-0.00522412,0.0229015
colling,9.15094,0.197597,-0.29673,0.0991336
com,9.30509,-0.188673,0.152615,0.0360584
complaining,9.15094,0.0893809,-0.0971924,0.00781145
containers,9.22505,-0.0676747,-0.0310664,0.0987411
contents,9.22505,0.00600076,-0.139414,0.133413
corrupted,9.22505,0.148475,-0.0912097,-0.0572657
darkening,9.3921,-0.00369479,0.0481654,-0.0444707
depend,9.15094,-0.0956439,0.00866104,0.0869828
depending,9.15094,0.248293,-0.0822541,-0.166039
dilevery,9.22505,-0.0205037,0.162188,-0.141684
dining,9.15094,-0.0490931,0.0421653,0.00692784
drawer,9.15094,0.176337,-0.24059,0.0642525
dried,9.15094,0.0510977,0.0400093,-0.091107
dumb,9.15094,0.182361,-0.221735,0.0393748
engineers,9.15094,-0.0946989,0.0750195,0.0196794
english,9.15094,-0.0659075,0.0878666,-0.0219591
falls,9.15094,0.132127,-0.112605,-0.0195218
fear,9.15094,-0.0649074,0.0121658,0.0527416
fed,9.15094,0.206579,-0.134204,-0.0723752
filip,9.15094,-0.097115,0.0213543,0.0757607
firmly,9.22505,0.10138,-0.0446213,-0.0567591
flour,9.15094,0.136483,-0.0479895,-0.0884937
freeze,9.22505,-0.0364641,-0.124347,0.160811
fx,9.3921,-0.0330772,0.061078,-0.0280008
gaana,9.15094,0.0722365,0.0875931,-0.15983
gesture,9.15094,-0.118254,0.117173,0.00108153
gtx,9.15094,-0.053139,0.148917,-0.0957778
headache,9.15094,0.137184,-0.105108,-0.0320762
hell,9.15094,0.173608,-0.0464785,-0.12713
hook,9.22505,0.0490088,-0.0561163,0.00710751
hopeless,9.15094,0.150905,-0.0832742,-0.0676311
hubby,9.15094,-0.102619,0.0642625,0.0383561
hundred,9.15094,0.0444693,-0.137599,0.0931294
imagine,9.15094,-0.0450246,0.105472,-0.0604472
interior,9.15094,0.161016,-0.201616,0.0406002
kwality,9.15094,-0.0168215,0.0460126,-0.0291911
la,9.15094,0.090222,-0.150782,0.0605599
lap,9.30509,0.139789,-0.139632,-0.000156608
leds,9.22505,-0.106149,0.0337996,0.0723491
lense,9.3921,0.229517,-0.18914,-0.0403774
lightning,9.15094,-0.0785942,0.0802354,-0.00164113
limit,9.15094,-0.0924882,0.163207,-0.0707189
luckily,9.15094,-0.00665945,-0.0759447,0.0826042
maintains,9.15094,-0.110992,-0.0527857,0.163778
matters,9.15094,0.0671217,-0.0338808,-0.0332409
measurements,9.15094,0.0249813,-0.129548,0.104567
metallic,9.15094,0.0589219,0.00861971,-0.0675416
microphone,9.15094,0.0931729,-0.0275563,-0.0656166
mineral,9.15094,0.17207,-0.118547,-0.0535232
mint,9.15094,0.0223963,-0.0144266,-0.00796966
mixy,9.15094,0.0534952,-0.0975931,0.0440979
moneyi,9.15094,0.0220337,-0.0788789,0.0568452
monster,9.15094,-0.106656,-0.108075,0.214731
mst,9.15094,-0.160991,-0.137242,0.298234
nce,9.22505,-0.116588,-0.115287,0.231875
nicr,9.15094,-0.201216,0.0680139,0.133202
nit,9.22505,0.0893302,-0.0171938,-0.0721364
nova,9.30509,-0.118356,0.098126,0.0202305
nvidia,9.30509,-0.00172387,-0.0225781,0.024302
nys,9.15094,-0.145283,-0.141218,0.286501
ofcourse,9.15094,-0.0592221,0.029104,0.0301181
okayish,9.15094,-0.0106146,0.0675836,-0.0569689
ot,9.15094,0.14894,-0.204416,0.0554756
overload,9.22505,0.0648592,-0.0647546,-0.000104623
packaged,9.15094,0.0287543,-0.113805,0.0850503
panels,9.15094,0.0387273,-0.237372,0.198644
pattern,9.15094,0.0429122,0.109046,-0.151959
pink,9.22505,0.00837897,-0.0309929,0.0226139
preferred,9.15094,-0.0751242,-0.0290374,0.104162
prevent,9.15094,-0.114541,0.0809799,0.0335609
productbest,9.15094,-0.0775629,-0.132112,0.209675
purifiers,9.22505,-0.0483435,-0.0991472,0.147491
pvc,9.15094,0.0448459,-0.0927552,0.0479092
queries,9.15094,-0.0579264,0.0535438,0.00438259
question,9.15094,-0.0236683,0.200831,-0.177162
ratio,9.15094,-0.0384819,0.0152787,0.0232032
reality,9.15094,-0.0451513,0.134255,-0.0891032
recent,9.15094,0.151352,-0.167922,0.01657
recommendable,9.15094,0.185166,-0.176441,-0.00872449
recommending,9.15094,0.0156732,-0.0626939,0.0470207
relatives,9.15094,-0.0256377,-0.0897684,0.115406
repairing,9.15094,-0.0187072,0.100136,-0.081429
repeated,9.15094,-0.102888,0.127001,-0.0241132
returns,9.3921,-0.00672392,0.0349846,-0.0282607
reviewed,9.15094,-0.0242729,-0.0635964,0.0878693
rid,9.15094,0.106568,-0.106665,9.62024e-05
sandal,9.15094,0.0514944,-0.0764104,0.024916
selection,9.15094,-0.0195989,-0.136859,0.156458
slower,9.15094,0.110265,-0.192422,0.0821564
sort,9.15094,0.119336,-0.138642,0.0193061
soundless,9.15094,-0.0295901,0.0569643,-0.0273742
specifically,9.22505,-0.0158827,0.129677,-0.113795
sqft,9.15094,-0.0892466,-0.166185,0.255431
stain,9.15094,-0.0747664,0.0774281,-0.00266171
sticks,9.15094,0.0393058,-0.0137223,-0.0255835
stiff,9.15094,0.176332,-0.0704732,-0.105859
stretchable,9.15094,0.00783385,0.0263333,-0.0341672
struggle,9.15094,0.0608387,0.0898113,-0.15065
studio,9.30509,0.0417568,-0.086557,0.0448003
sudden,9.15094,0.0822873,0.0124002,-0.0946875
suggesting,9.15094,0.090482,-0.0994286,0.00894654
summers,9.3921,0.00649192,-0.170899,0.164407
sup,9.15094,-0.199257,0.0716102,0.127647
tall,9.15094,-0.203174,0.136303,0.0668707
thermos,9.22505,-0.054556,0.0923033,-0.0377473
toooo,9.15094,-0.105032,0.0782992,0.0267328
touchpad,9.15094,0.0404234,-0.140387,0.0999636
tubes,9.22505,-0.00727881,0.028293,-0.0210142
upgrading,9.15094,-0.120233,0.0630168,0.0572161
velue,9.15094,-0.14601,0.0949477,0.0510626
vermi,9.15094,0.0249454,-0.0496358,0.0246904
vfm,9.15094,-0.0800887,-0.0797919,0.159881
washable,9.15094,0.0525517,-0.152468,0.0999166
watches,9.15094,0.00353699,-0.170235,0.166698
wery,9.22505,0.0629726,-0.162573,0.0996004
wind,9.22505,-0.0169663,-0.0698538,0.0868201
wired,9.15094,0.106241,-0.0331185,-0.0731223
absence,9.22505,-0.0211356,0.0869961,-0.0658606
accessory,9.22505,-0.0971451,0.073723,0.0234221
adds,9.22505,-0.0901222,0.130776,-0.0406534
agree,9.22505,-0.0833931,0.0230957,0.0602973
allover,9.3921,-0.0381316,-0.11923,0.157362
ar,9.22505,0.0226352,0.0313394,-0.0539747
aren,9.22505,0.0511539,-0.0503631,-0.000790832
arm,9.30509,-0.102207,0.0693787,0.0328278
aug,9.3921,-0.00554821,0.0711417,-0.0655935
babies,9.48741,-0.0959841,0.042305,0.0536791
bahut,9.22505,0.021346,0.00531731,-0.0266633
ballon,9.30509,0.107488,-0.0815651,-0.0259233
bang,9.22505,-0.103168,-0.119293,0.222461
beko,9.3921,0.0164255,-0.0672911,0.0508656
bell,9.30509,0.00711341,-0.0768614,0.069748
benefits,9.22505,-0.112001,-0.0802518,0.192253
bent,9.22505,-0.0365189,0.131053,-0.0945343
bhavna,9.22505,-0.0278229,0.0406068,-0.0127838
boots,9.30509,0.0632888,-0.00136644,-0.0619223
btw,9.22505,-0.102425,-0.144235,0.24666
bubble,9.22505,0.261877,-0.186722,-0.0751542
bug,9.22505,-0.223512,0.182599,0.0409129
calm,9.22505,-0.0203909,0.237501,-0.21711
challenge,9.22505,0.0364189,0.0876979,-0.124117
chennai,9.30509,-0.0260098,-0.238116,0.264126
clip,9.22505,0.0940518,-0.149376,0.0553245
clog,9.59277,-0.0254625,-0.0410995,0.066562
comfortably,9.22505,-0.271243,0.0810962,0.190147
compartment,9.3921,-0.143327,0.101018,0.0423094
convenience,9.22505,-0.0461336,-0.00535934,0.051493
convert,9.22505,0.0501182,-0.129163,0.0790449
costumer,9.22505,-0.0444223,-0.0266664,0.0710886
cuts,9.30509,0.102717,-0.0730578,-0.0296593
deals,9.22505,-0.0414132,0.054036,-0.0126228
decreasing,9.22505,-0.0377004,-0.0407334,0.0784339
definately,9.22505,-0.0745128,0.0427053,0.0318075
diffuser,9.22505,-0.0339356,-0.0584495,0.0923851
discription,9.30509,0.121684,-0.104651,-0.0170331
duct,9.30509,0.0758865,-0.0993636,0.0234771
ecosystem,9.22505,-0.0617033,0.0437353,0.017968
emi,9.30509,-0.0556573,-0.0405357,0.0961931
ended,9.22505,-0.0506542,0.0997706,-0.0491164
enhances,9.22505,-0.0263911,-0.16355,0.189941
eureka,9.22505,0.0289694,-0.0460251,0.0170557
everybody,9.22505,-0.0280717,-0.131192,0.159264
excellence,9.22505,-0.109931,-0.14446,0.254391
extend,9.22505,0.122134,0.0635286,-0.185663
fingerprint,9.30509,-0.0245944,-0.186859,0.211453
fingers,9.3921,0.0349077,-0.0274211,-0.00748668
flifkart,9.22505,-0.0439119,0.0502828,-0.00637094
flipkar,9.22505,0.0508167,-0.138767,0.0879502
flux,9.30509,-0.0135677,-0.149187,0.162755
frequency,9.22505,0.154381,-0.0327133,-0.121668
frost,9.30509,0.107988,-0.0911111,-0.0168768
functional,9.22505,0.113182,0.0356984,-0.148881
fuse,9.30509,0.0750977,0.0542828,-0.12938
garbage,9.22505,0.10176,-0.052009,-0.0497509
genuinely,9.22505,-0.0532673,-0.0952147,0.148482
glasses,9.22505,-0.00829485,-0.177118,0.185413
gold,9.30509,-0.0649914,0.0245199,0.0404715
happiness,9.22505,0.0035348,-0.1655,0.161965
hats,9.22505,-0.0401472,-0.0946291,0.134776
hey,9.22505,0.176338,-0.206904,0.030566
humid,9.48741,-0.0255141,0.132937,-0.107423
inspite,9.22505,0.0790774,-0.165929,0.086852
installtion,9.30509,0.0237897,-0.122027,0.0982375
ji,9.22505,-0.0652755,-0.168294,0.23357
kick,9.22505,-0.0700712,0.114841,-0.0447694
launch,9.22505,-0.0735901,0.0366282,0.0369619
leaked,9.22505,0.0543246,0.0934297,-0.147754
liters,9.3921,0.0918501,-0.106349,0.0144986
maintaining,9.22505,-0.079276,0.0619022,0.0173737
mechine,9.30509,0.0429564,0.0212008,-0.0641572
miracast,9.22505,-0.0682708,0.134326,-0.0660552
misleading,9.22505,0.0892932,0.0415543,-0.130848
mud,9.22505,0.0600565,0.0919523,-0.152009
mute,9.3921,-0.0936296,0.0774839,0.0161457
narrow,9.22505,-0.043709,0.030297,0.0134121
needles,9.30509,-0.0269797,0.0284995,-0.00151975
nivea,9.22505,-0.118471,-0.0607367,0.179208
nos,9.30509,0.0376773,-0.161596,0.123919
objects,9.22505,0.0819338,-0.0321868,-0.049747
occurred,9.22505,0.0186327,-0.0937839,0.0751511
opalware,9.22505,-0.0819608,-0.127986,0.209947
origin,9.3921,0.00239915,-0.0600426,0.0576434
osum,9.22505,-0.115342,-0.151449,0.266791
ozone,9.30509,-0.0201102,-0.0496996,0.0698099
packets,9.30509,0.103927,-0.0428871,-0.0610397
painting,9.22505,0.0851645,-0.0983226,0.013158
percentage,9.30509,-0.129414,0.0481899,0.0812244
pet,9.22505,0.000531944,0.0578547,-0.0583866
pico,9.22505,-0.0198983,0.0903452,-0.0704469
plastics,9.22505,0.0925996,0.0588718,-0.151471
playstore,9.3921,0.0248584,0.0728779,-0.0977363
pleased,9.22505,-0.117608,0.121463,-0.00385444
plumber,9.48741,-0.0756544,-0.00120666,0.0768611
plumbing,9.48741,0.0255134,-0.0904157,0.0649022
pour,9.22505,0.166159,-0.123629,-0.0425304
procedure,9.22505,-0.0217021,-0.0665553,0.0882575
prodct,9.22505,0.0381337,-0.172447,0.134313
productivity,9.22505,-0.0341278,-0.106326,0.140453
productnice,9.22505,-0.129502,0.117763,0.0117391
productthank,9.22505,-0.0739853,-0.13291,0.206896
punctured,9.3921,0.0861175,-0.0068851,-0.0792323
purely,9.22505,0.0288952,-0.107503,0.0786079
quit,9.30509,0.0337919,-0.117663,0.0838708
rain,9.22505,-0.0563726,0.0578095,-0.00143697
ran,9.22505,0.11394,-0.237172,0.123232
rapidly,9.30509,-0.152051,0.0976407,0.0544108
reboot,9.22505,-0.020063,0.128432,-0.108369
recipes,9.3921,0.115677,-0.14849,0.0328131
recomend,9.22505,0.00462104,-0.129914,0.125293
refilling,9.22505,0.103591,-0.11747,0.013879
rocks,9.22505,-0.0484528,-0.0747701,0.123223
roughly,9.22505,0.050599,-0.150073,0.0994736
royal,9.22505,-0.0310203,-0.149286,0.180306
sep,9.3921,0.0048609,-0.00094959,-0.00391131
shame,9.22505,0.200657,-0.134982,-0.0656749
smallest,9.22505,0.116837,-0.184674,0.0678373
smile,9.22505,-0.125782,0.0717966,0.0539854
soiled,9.30509,-0.00535651,-0.0254958,0.0308523
speaking,9.30509,0.0874312,-0.165124,0.0776928
spices,9.30509,0.0597052,-0.124131,0.0644263
spinner,9.30509,0.0836522,-0.0257303,-0.057922
square,9.3921,0.0221199,0.0277017,-0.0498216
structure,9.22505,-0.0583555,-0.0141328,0.0724883
superbbb,9.22505,-0.139832,-0.139089,0.278921
superrr,9.22505,-0.136226,-0.135842,0.272069
swift,9.30509,-0.120173,-0.0617357,0.181908
tandoori,9.22505,-0.0681694,-0.0809986,0.149168
tat,9.3921,0.212363,-0.17098,-0.0413832
thi,9.22505,0.180295,-0.198175,0.0178799
tire,9.48741,-0.144497,0.159486,-0.0149896
touching,9.22505,-0.0447749,0.222778,-0.178003
trash,9.22505,0.173652,-0.0956721,-0.0779801
traveling,9.22505,-0.110895,-0.121431,0.232326
trial,9.22505,-0.174003,0.166852,0.00715085
tricky,9.22505,-0.135795,0.0141619,0.121633
tubular,9.3921,-0.11238,0.0706296,0.0417505
vs,9.22505,-0.0898856,0.101194,-0.0113089
win,9.30509,-0.127526,-0.0325494,0.160076
woow,9.22505,-0.127619,0.073447,0.054172
woww,9.22505,-0.102139,-0.152151,0.25429
z,9.71055,-0.0251384,0.0237216,0.00141687
zone,9.30509,0.00518966,0.00715944,-0.0123491
absorbs,9.30509,0.0383681,-0.101045,0.0626766
acha,9.30509,0.025081,-0.192852,0.167771
ai,9.30509,-0.0602735,-0.0557032,0.115977
alternative,9.30509,-0.0742359,-0.0363927,0.110629
amc,9.30509,0.120204,-0.113549,-0.00665453
ample,9.30509,-0.032616,-0.0775846,0.110201
anytime,9.30509,0.0880347,-0.112316,0.0242812
arrival,9.30509,-0.0173877,0.0341934,-0.0168057
art,9.30509,-0.0419344,-0.141854,0.183789
baad,9.30509,0.170844,-0.140874,-0.02997
badsheet,9.3921,-0.112915,-0.0367948,0.14971
balloon,9.30509,-0.0303804,0.0618556,-0.0314752
barely,9.3921,0.164814,-0.108644,-0.0561694
bet,9.3921,-0.0817474,0.101823,-0.0200756
bhalo,9.30509,-0.162269,0.112973,0.0492967
bitter,9.30509,-0.0183556,0.0978001,-0.0794445
bounce,9.3921,-0.0377387,-0.077724,0.115463
browser,9.30509,-0.0226766,-0.11652,0.139196
buttery,9.30509,0.0682512,-0.16315,0.0948989
cabinet,9.3921,0.136326,-0.217082,0.0807561
cancel,9.30509,-0.0546877,0.0556891,-0.00100139
capability,9.3921,0.0783586,-0.132467,0.054108
chala,9.30509,0.10329,-0.168747,0.0654568
cherry,9.30509,-0.0764855,-0.0489889,0.125474
chord,9.30509,0.0707268,-0.228519,0.157792
chose,9.48741,0.0217993,-0.0490372,0.0272379
cod,9.30509,-0.0014247,-0.0764965,0.0779212
coins,9.3921,-0.087739,-0.043077,0.130816
colourful,9.30509,-0.040921,-0.121557,0.162478
complained,9.30509,0.0482146,-0.10195,0.0537351
connections,9.30509,-0.115645,0.0872627,0.0283818
connectors,9.30509,0.130522,-0.1285,-0.00202172
consistent,9.30509,0.162489,-0.204038,0.0415494
cotten,9.30509,-0.150236,0.0621476,0.0880881
cracks,9.30509,0.0307877,0.00571036,-0.036498
crockery,9.3921,-0.0673538,-0.0169001,0.0842539
custom,9.30509,-0.0250296,0.0567063,-0.0316766
decide,9.30509,0.116994,-0.128662,0.0116683
decor,9.30509,-0.00926433,-0.0585269,0.0677912
delhivery,9.30509,0.0477181,-0.104194,0.0564757
describe,9.30509,0.0221911,-0.143901,0.12171
detection,9.3921,0.133889,-0.0669182,-0.0669711
development,9.48741,-0.0488219,-0.0697711,0.118593
disconnecting,9.30509,0.165778,-0.0879489,-0.0778294
discounts,9.30509,-0.00553424,-0.0487503,0.0542846
donot,9.3921,0.0603235,0.058632,-0.118955
dose,9.30509,0.155559,-0.131388,-0.0241712
dought,9.30509,-0.0429084,-0.140778,0.183686
drainage,9.30509,0.00614405,0.0247556,-0.0308996
drawbacks,9.30509,0.270963,-0.1717,-0.0992633
duo,9.3921,0.161627,-0.003248,-0.158379
dusting,9.30509,-0.0581348,0.087907,-0.0297722
economic,9.30509,-0.103587,-0.000825544,0.104412
element,9.48741,0.0250813,-0.113913,0.0888321
ethernet,9.48741,-0.0351415,0.0601944,-0.0250529
extent,9.30509,-0.144553,-0.108516,0.253069
feeting,9.30509,-0.0458676,0.0700781,-0.0242104
firm,9.30509,0.0543762,-0.0618801,0.00750393
followed,9.30509,0.0684104,-0.114828,0.0464179
fourth,9.30509,-0.0888493,0.0746253,0.014224
frm,9.30509,-0.221642,0.0686873,0.152955
frustrated,9.30509,0.112681,-0.123008,0.0103276
girl,9.30509,0.0534224,-0.171174,0.117751
gm,9.30509,0.12202,-0.190749,0.0687288
godd,9.30509,-0.191171,0.137768,0.0534031
goodvalue,9.30509,-0.140888,-0.159087,0.299975
heavier,9.30509,-0.0110307,0.0391747,-0.028144
hide,9.30509,-0.0287828,0.112336,-0.0835536
ho,9.30509,0.0207394,-0.10028,0.0795405
incomplete,9.30509,0.0880464,0.0211103,-0.109157
installer,9.30509,-0.122551,-0.109425,0.231976
interesting,9.30509,0.0410296,-0.0342434,-0.00678614
ironing,9.30509,0.225858,-0.167551,-0.058307
ive,9.30509,-0.0339758,-0.123384,0.157359
kadai,9.3921,-0.125589,0.223598,-0.098009
kgs,9.3921,0.0076111,0.0449705,-0.0525816
kurta,9.30509,-0.0661498,-0.105525,0.171674
letters,9.30509,0.177044,-0.18747,0.0104265
lifestyle,9.30509,-0.120642,-0.0553368,0.175979
lightly,9.30509,-0.0382316,0.0461928,-0.00796115
loudness,9.30509,0.248089,-0.166637,-0.0814519
lt,9.30509,0.177865,-0.18044,0.00257476
ltrs,9.30509,0.0381598,-0.135253,0.0970931
maids,9.48741,-0.0111174,-0.0233579,0.0344752
mask,9.30509,-0.0586356,-0.0377292,0.0963648
massive,9.30509,-0.0526255,0.122401,-0.0697751
mats,9.30509,0.045987,-0.105792,0.0598045
meal,9.30509,-0.0409981,0.0858004,-0.0448024
mechanic,9.3921,0.0500318,0.0499514,-0.0999832
melt,9.30509,0.115047,-0.0146838,-0.100363
mesh,9.3921,0.0072595,-0.0300386,0.0227791
mess,9.30509,0.0504527,0.0433243,-0.093777
mops,9.3921,-0.0664158,-0.00182835,0.0682442
neo,9.30509,0.11479,-0.175322,0.0605322
ness,9.30509,-0.139898,0.125108,0.01479
november,9.48741,-0.00342712,0.0249366,-0.0215095
nuce,9.30509,-0.195504,0.0809485,0.114555
oh,9.30509,0.00112513,0.186045,-0.18717
op,9.30509,-0.100514,-0.112841,0.213354
optimal,9.30509,-0.0733925,-0.182448,0.255841
originally,9.30509,-0.0096449,0.0992062,-0.0895613
outdated,9.3921,0.131318,-0.106863,-0.0244546
plans,9.30509,-0.143673,-0.0252658,0.168939
plenty,9.30509,0.104819,-0.137955,0.0331356
pricey,9.30509,0.0425187,-0.115796,0.0732775
processors,9.48741,-0.0570877,0.00999123,0.0470964
prod,9.30509,-0.147517,0.119979,0.0275384
production,9.30509,0.104053,-0.232638,0.128584
projector,9.3921,0.0619067,-0.160124,0.0982169
prone,9.30509,0.0299542,-0.0589866,0.0290325
queen,9.3921,0.0676993,-0.0897136,0.0220143
rare,9.30509,0.12424,-0.104414,-0.0198257
refreshing,9.30509,-0.0691262,-0.0971039,0.16623
regretting,9.30509,0.116414,-0.0218346,-0.0945792
rely,9.30509,0.0886306,-0.128708,0.0400772
responded,9.30509,-0.00138842,-0.0822876,0.083676
retain,9.30509,0.0921972,-0.231237,0.13904
risky,9.30509,-0.0295616,0.0927959,-0.0632343
sandisk,9.59277,0.205959,-0.2595,0.0535407
sarvice,9.30509,-0.0823413,-0.00121176,0.083553
scrapper,9.3921,0.0448367,-0.166422,0.121585
seamless,9.30509,-0.137567,0.0962598,0.041307
secured,9.30509,-0.265801,0.167657,0.0981447
shorter,9.3921,0.0960207,-0.0337281,-0.0622926
showpiece,9.30509,0.0711786,0.00123372,-0.0724123
sign,9.30509,0.0118868,-0.151435,0.139548
signals,9.30509,0.0244676,0.0512306,-0.0756982
silently,9.30509,-0.158194,0.0824846,0.0757091
sleeves,9.3921,-0.090293,0.0464477,0.0438453
sooooo,9.30509,0.0262739,-0.13471,0.108436
sport,9.30509,0.0710164,-0.132631,0.0616144
spotify,9.30509,-0.0549107,0.0554911,-0.000580356
status,9.30509,0.044602,-0.0275443,-0.0170577
stickers,9.30509,0.00274986,0.0527005,-0.0554504
stopping,9.30509,0.0427525,-0.113942,0.07119
successfully,9.30509,-0.102492,-0.130414,0.232905
sucks,9.30509,0.0446022,-0.0543095,0.00970727
supb,9.30509,-0.142894,-0.142756,0.28565
supplier,9.30509,-0.0583441,-0.00621319,0.0645573
surfing,9.30509,-0.0384409,0.0607959,-0.022355
thik,9.30509,-0.0579258,0.0300535,0.0278724
thoroughly,9.30509,0.00957865,-0.0875469,0.0779682
tone,9.30509,0.0387504,-0.117999,0.0792483
traditional,9.48741,-0.0741617,-0.00334431,0.077506
transferred,9.30509,0.037826,-0.106915,0.0690885
ultimately,9.30509,-0.0233858,-0.0162669,0.0396526
units,9.48741,0.0211704,-0.0659515,0.0447811
unnecessary,9.30509,0.14776,-0.184476,0.0367153
uper,9.30509,0.2539,-0.136079,-0.117821
valid,9.3921,0.0269752,-0.0978272,0.0708521
veery,9.30509,-0.144727,0.0462748,0.0984521
veey,9.30509,-0.0397609,0.0352003,0.00456066
veggies,9.30509,-0.0258078,-0.090536,0.116344
waited,9.30509,0.141832,-0.15441,0.0125775
wid,9.30509,-0.0992278,-0.154433,0.253661
withstand,9.30509,-0.0329816,-0.0449753,0.0779569
worrest,9.30509,0.209472,-0.105524,-0.103948
worthfull,9.59277,0.0150025,0.000769671,-0.0157722
xxl,9.3921,-0.039325,0.0455708,-0.00624578
yaar,9.30509,-0.0556307,-0.120457,0.176087
account,9.59277,0.0786941,-0.0231013,-0.0555928
afraid,9.3921,-0.0981579,-0.12283,0.220987
afterall,9.3921,-0.161097,0.120511,0.040586
aftr,9.3921,-0.0793572,0.0832918,-0.00393459
alright,9.3921,-0.111399,0.0943513,0.017048
antiseptic,9.3921,-0.0829544,-0.0893248,0.172279
apt,9.3921,0.0289819,-0.0506893,0.0217074
archer,9.3921,-0.0858906,0.14106,-0.0551696
aswm,9.48741,-0.109074,0.0654577,0.0436161
atmos,9.59277,-0.0186866,-0.0580942,0.0767809
attend,9.3921,-0.0246869,0.0100965,0.0145904
bands,9.3921,0.0529822,-0.0754251,0.0224428
bandwidth,9.59277,-0.0170419,0.0362454,-0.0192035
bettery,9.48741,0.157886,-0.101204,-0.0566823
bldc,9.59277,-0.0631666,-0.0370288,0.100195
blending,9.3921,0.298409,-0.238314,-0.0600948
boiled,9.48741,-0.0592048,0.0478374,0.0113674
booklet,9.3921,-0.0575915,0.043196,0.0143955
bore,9.48741,-0.0451139,-0.0247852,0.0698991
bother,9.3921,-0.0634493,0.122529,-0.0590798
boxes,9.59277,-0.0426661,-0.0780551,0.120721
bread,9.48741,-0.0346227,-0.10685,0.141473
breakable,9.3921,0.14638,-0.00728854,-0.139091
broadcast,9.71055,-0.0212292,0.0295658,-0.0083366
broked,9.48741,0.0834536,0.0240412,-0.107495
burns,9.3921,0.0230887,0.0429135,-0.0660022
camra,9.3921,0.171651,-0.221319,0.0496679
caps,9.48741,-0.164271,0.182447,-0.0181762
cardio,9.59277,-0.00481429,-0.171688,0.176502
carried,9.3921,-0.0243657,-0.111618,0.135984
catridge,9.3921,0.0740037,-0.0818109,0.00780716
caused,9.3921,0.0904831,-0.0236796,-0.0668036
chemicals,9.3921,-0.00801538,-0.102257,0.110272
chilled,9.3921,-0.0816003,0.0127547,0.0688456
choosing,9.3921,0.178215,-0.157555,-0.0206599
chopper,9.71055,-0.0713845,0.070288,0.00109643
clearing,9.48741,0.0401958,0.061689,-0.101885
clothing,9.3921,0.143528,-0.0759995,-0.0675283
cms,9.84409,0.115293,-0.108638,-0.00665501
college,9.3921,-0.0277049,-0.123445,0.151149
committed,9.3921,0.0706521,-0.0486039,-0.0220482
considered,9.3921,-0.0232113,-0.105715,0.128926
constantly,9.3921,0.0985955,-0.227628,0.129032
cookies,9.3921,-0.123115,0.209688,-0.0865726
cos,9.48741,-0.000606543,0.094321,-0.0937144
crusty,9.3921,-0.100761,0.114023,-0.0132619
decreases,9.3921,0.026691,-0.0467039,0.0200129
deducted,9.3921,0.0250335,-0.0201839,-0.0048496
desing,9.3921,-0.171214,0.047324,0.12389
difficulties,9.3921,-0.0613916,0.121958,-0.060566
dir,9.71055,-0.0599488,0.0549136,0.00503524
discharge,9.48741,0.0887347,-0.0234297,-0.065305
dishwashers,9.3921,-0.0876551,-0.0750413,0.162696
dissapointed,9.59277,0.052384,-0.00692597,-0.0454581
documents,9.3921,0.00797865,-0.0322413,0.0242627
drawing,9.3921,-0.164987,0.0763973,0.0885896
drill,9.3921,0.000229331,0.100962,-0.101192
drivers,9.59277,0.0122581,-0.0473648,0.0351067
dropping,9.3921,-0.114036,0.175793,-0.0617573
electrician,9.59277,-0.0815927,0.101014,-0.019421
enable,9.3921,-0.0587482,-0.0570388,0.115787
engine,9.3921,-0.0853176,-0.0249947,0.110312
everage,9.3921,-0.0467821,0.158876,-0.112094
evo,9.48741,-0.0823193,0.0895759,-0.00725659
excellant,9.3921,-0.145934,0.0830649,0.0628694
exceptionally,9.3921,-0.0183414,-0.237933,0.256274
exclusive,9.3921,-0.105248,-0.00186084,0.107109
expired,9.3921,-0.0028691,0.0347003,-0.0318312
explanation,9.3921,0.122751,-0.181162,0.0584116
explore,9.3921,-0.0250025,-0.127063,0.152066
fails,9.3921,-0.108372,0.112868,-0.00449653
fancy,9.3921,-0.0631736,0.260713,-0.197539
finding,9.3921,-0.0487714,-0.0866304,0.135402
flaw,9.3921,0.0429702,-0.0873177,0.0443475
foam,9.3921,-0.00769262,-0.0169368,0.0246294
foil,9.3921,0.0741505,-0.0442568,-0.0298937
folded,9.3921,0.219388,-0.142747,-0.0766402
folding,9.48741,-0.0119539,0.051359,-0.0394051
forbes,9.3921,-0.0602878,-0.0894489,0.149737
forced,9.48741,-0.0749494,0.0349618,0.0399876
forgot,9.3921,-0.0603017,-0.0346557,0.0949574
furnifry,9.3921,-0.0142365,-0.0328171,0.0470536
fuss,9.3921,0.0114386,-0.122909,0.11147
garlic,9.3921,-0.0453609,0.0580442,-0.0126834
goodproduct,9.3921,-0.000873077,-0.00379254,0.00466562
guality,9.3921,-0.202947,0.0853069,0.11764
hardy,9.3921,-0.142453,0.136439,0.00601411
hdr,9.48741,-0.0789014,0.0695586,0.00934276
hose,9.3921,0.154593,-0.203219,0.0486264
includes,9.3921,-0.0323928,-0.110454,0.142847
irritated,9.3921,0.0728551,-0.171995,0.0991398
isp,9.48741,0.0157533,0.064498,-0.0802513
j,9.48741,0.132709,-0.129777,-0.00293196
jbl,9.48741,-0.0448006,0.143376,-0.0985756
jobs,9.3921,0.106429,-0.225247,0.118817
justify,9.3921,0.0301126,0.0568258,-0.0869384
lines,9.3921,-0.0756039,0.15603,-0.0804259
loosing,9.48741,0.12068,-0.00634686,-0.114333
lotus,9.3921,-0.217744,0.182666,0.0350774
magnet,9.48741,-0.0828758,0.0181629,0.0647129
mama,9.48741,0.0313767,-0.00508772,-0.026289
marriage,9.48741,-0.0582571,-0.0569301,0.115187
master,9.48741,0.024395,-0.135644,0.111249
membership,9.48741,0.0644295,-0.0655913,0.00116179
method,9.3921,-0.0466159,-0.0629234,0.109539
mindblowing,9.3921,-0.114486,-0.116397,0.230883
nearest,9.3921,-0.0863391,0.0173464,0.0689928
neck,9.3921,0.0809095,-0.158956,0.0780463
neptune,9.48741,-0.0511474,0.00223273,0.0489147
niceee,9.3921,-0.135939,-0.136952,0.272891
none,9.3921,0.156558,-0.0269841,-0.129574
nowadays,9.3921,-0.140442,0.213608,-0.0731661
nycc,9.3921,-0.138613,-0.134281,0.272894
oils,9.3921,-0.0138777,-0.152112,0.16599
okok,9.3921,-0.0690953,0.169037,-0.0999415
optimum,9.3921,-0.0211557,0.0393614,-0.0182056
ossm,9.3921,-0.108484,-0.117568,0.226052
pan,9.3921,-0.0646376,0.00663355,0.0580041
pandemic,9.3921,-0.0261384,-0.0972033,0.123342
passing,9.3921,-0.0909425,0.0725979,0.0183445
pent,9.48741,0.0713921,-0.0123706,-0.0590215
perhaps,9.3921,-0.0943415,0.0528302,0.0415113
politely,9.3921,-0.0215342,-0.154734,0.176268
posted,9.3921,0.0332997,-0.11779,0.0844908
preparing,9.3921,0.115403,-0.0495675,-0.0658358
printers,9.3921,-0.0540595,0.0995342,-0.0454748
prob,9.3921,0.0832802,-0.127157,0.0438769
productit,9.3921,0.0290449,-0.116203,0.0871578
producy,9.3921,-0.152759,0.105503,0.0472555
promise,9.3921,-0.0306472,0.0486273,-0.0179802
protective,9.3921,-0.0732719,-0.0019099,0.0751818
proudly,9.3921,0.00953661,-0.0378806,0.028344
ptoduct,9.3921,-0.0378989,0.0486308,-0.0107319
punchy,9.3921,-0.107929,-0.0729636,0.180893
purches,9.48741,0.088717,-0.1331,0.0443833
qualitybest,9.48741,-0.065726,-0.0919452,0.157671
racks,9.3921,0.12387,-0.195894,0.0720236
reasonably,9.48741,-0.0321754,-0.00248721,0.0346626
rechargeable,9.3921,0.0482056,0.0105152,-0.0587208
regards,9.3921,-0.14746,0.117811,0.0296499
register,9.3921,-0.156744,-0.0848345,0.241578
regrets,9.3921,-0.087709,-0.152434,0.240142
reheat,9.48741,-0.0320106,-0.136448,0.168458
reliability,9.3921,-0.0585844,-0.0724081,0.130993
reminders,9.3921,-0.0199696,0.122345,-0.102376
remot,9.3921,0.13676,-0.103618,-0.0331426
reputation,9.48741,-0.174162,0.123753,0.0504091
requesting,9.3921,-0.00176909,-0.0429077,0.0446768
resistant,9.3921,0.103128,-0.0422297,-0.0608982
rounder,9.3921,0.0505025,-0.173179,0.122677
rusted,9.3921,0.0912215,-0.0775669,-0.0136546
saund,9.3921,-0.0131347,0.011214,0.00192062
secs,9.48741,-0.0300026,-0.0218831,0.0518858
sensitivity,9.48741,0.156808,-0.0403975,-0.116411
shall,9.3921,-0.376836,-0.0470457,0.423881
shifting,9.3921,0.0706732,-0.105789,0.035116
shot,9.3921,0.0182921,0.0203204,-0.0386125
sky,9.3921,-0.00251129,0.0569184,-0.0544072
sleeping,9.3921,-0.268413,0.149753,0.11866
smartbuy,9.48741,-0.0504557,0.0698321,-0.0193764
smoother,9.3921,-0.0410175,-0.12482,0.165838
soooooo,9.3921,-0.033751,-0.116175,0.149926
sports,9.48741,0.0448198,-0.135108,0.0902881
stated,9.48741,-0.039595,0.0971742,-0.0575792
success,9.3921,0.173562,-0.140329,-0.0332332
superrrr,9.3921,-0.128018,-0.125188,0.253206
suspension,9.3921,0.0463959,0.0482157,-0.0946116
tactile,9.3921,-0.0421568,-0.0619312,0.104088
teared,9.3921,0.0260811,0.0382091,-0.0642902
tedious,9.3921,0.125969,-0.0404853,-0.0854836
therefore,9.3921,-0.00678743,0.0977031,-0.0909157
thinks,9.3921,-0.174524,0.0521217,0.122402
thinner,9.48741,0.0953026,0.00409039,-0.099393
thnq,9.3921,-0.121325,-0.128255,0.249581
tho,9.3921,-0.0897366,0.24196,-0.152223
thr,9.3921,0.0860088,-0.116334,0.0303251
thrice,9.3921,-0.00907291,-0.214521,0.223594
tht,9.3921,0.0442242,0.0389221,-0.0831464
ti,9.3921,-0.14222,-0.110708,0.252928
tighten,9.48741,0.0228673,-0.0110884,-0.0117789
tilt,9.48741,-0.124966,0.0241475,0.100818
tomorrow,9.48741,0.0657369,-0.00683685,-0.0589001
tplink,9.3921,0.180235,-0.233406,0.0531717
travelling,9.3921,-0.0474615,-0.163691,0.211153
trendy,9.3921,-0.0758687,-0.0833914,0.15926
trustworthy,9.3921,-0.0675395,-0.101949,0.169489
typical,9.3921,0.0329732,-0.169341,0.136367
tysm,9.3921,-0.106117,0.15501,-0.0488931
unwanted,9.3921,0.177951,-0.210952,0.0330009
ut,9.3921,0.110541,-0.192824,0.0822828
utterly,9.3921,0.0986967,-0.0739507,-0.024746
values,9.3921,-0.123093,0.10313,0.0199629
vvv,9.3921,0.0273354,0.0293271,-0.0566625
wat,9.3921,-0.00545012,0.0276753,-0.0222251
watched,9.3921,-0.0152327,-0.0292024,0.0444351
waterproof,9.3921,-0.182787,0.0995823,0.0832046
whatsoever,9.3921,0.00755108,-0.0775829,0.0700318
willing,9.3921,0.0371726,0.0548188,-0.0919913
yeast,9.48741,0.0168728,-0.0806606,0.0637878
yo,9.3921,-0.12936,-0.000634704,0.129995
zipper,9.3921,0.0034624,-0.00324866,-0.000213746
aavante,9.48741,-0.0489956,-0.124992,0.173987
absorbed,9.48741,0.0385965,0.0955994,-0.134196
accuracy,9.48741,0.253148,-0.200713,-0.0524353
adopter,9.48741,0.0272091,0.0665417,-0.0937508
adult,9.71055,0.111942,-0.0848458,-0.0270961
allows,9.48741,-0.152776,0.135861,0.0169151
alluminium,9.59277,0.000288216,0.0679799,-0.0682681
amzing,9.48741,-0.102498,-0.112834,0.215333
apartment,9.48741,-0.000942898,-0.0351448,0.0360877
assurance,9.48741,-0.0695096,-0.0971158,0.166625
awsum,9.48741,-0.173332,-0.092307,0.265639
basics,9.59277,-0.110839,-0.044167,0.155006
battry,9.59277,0.155382,-0.164502,0.00911946
baught,9.48741,0.052446,-0.079196,0.02675
beet,9.48741,-0.0804852,0.181708,-0.101223
bends,9.48741,0.161491,0.0474882,-0.208979
bhai,9.48741,-0.0626856,-0.143932,0.206617
bigbillion,9.48741,-0.0497908,-0.0834309,0.133222
bionic,9.48741,-0.0295549,-0.0504204,0.0799753
block,9.48741,-0.0812575,0.228834,-0.147576
blutooth,9.59277,0.18917,-0.242969,0.0537994
bolts,9.59277,-0.0587944,-0.0899515,0.148746
bonus,9.48741,-0.0789615,-0.0301819,0.109143
boom,9.71055,-0.0635178,0.0104058,0.053112
branding,9.48741,0.0134185,-0.111668,0.0982496
breakage,9.48741,0.0251929,-0.156579,0.131386
breaker,9.48741,0.0122142,-0.0487144,0.0365002
brocken,9.48741,0.181165,-0.0162333,-0.164932
burst,9.48741,-0.0213377,0.111454,-0.0901165
bust,9.48741,-0.0470117,-0.132507,0.179519
cables,9.48741,0.00572994,0.031383,-0.0371129
capture,9.48741,-0.109627,0.135432,-0.0258045
cat,9.59277,-0.157195,0.159004,-0.00180915
chances,9.48741,-0.0491867,-0.144021,0.193207
cheater,9.71055,0.0833334,-0.0538211,-0.0295123
cheers,9.48741,0.11526,-0.100675,-0.0145844
circulation,9.48741,-0.082485,-0.130596,0.213081
clamp,9.84409,0.100302,-0.0332191,-0.0670825
closer,9.48741,-0.000338465,0.129662,-0.129324
coated,9.59277,-0.144531,-0.063453,0.207984
compete,9.48741,0.00917906,-0.126549,0.11737
consistency,9.48741,0.0774305,-0.0257728,-0.0516577
conventional,9.48741,0.00496498,-0.0525321,0.0475671
costed,9.48741,-0.0361304,-0.0755092,0.11164
count,9.48741,-0.142289,0.123523,0.0187654
cow,9.59277,0.0506022,-0.0225331,-0.028069
cracking,9.48741,0.132086,-0.0885942,-0.0434914
crushed,9.48741,-0.0315307,0.00797294,0.0235577
cry,9.48741,-0.00945657,-0.000655696,0.0101123
cumbersome,9.48741,0.0826657,-0.0213397,-0.061326
dangerous,9.59277,0.0950835,-0.0295124,-0.0655711
dat,9.48741,-0.172653,0.168448,0.00420498
db,9.59277,0.016393,-0.173878,0.157485
decorate,9.48741,-0.100402,-0.138261,0.238663
decorative,9.48741,0.0523256,0.0185532,-0.0708788
defrost,9.71055,0.107036,-0.111414,0.00437791
die,9.48741,0.0878768,0.0138227,-0.101699
displays,9.48741,0.0129262,-0.0311234,0.0181972
disturbing,9.48741,0.0919995,-0.094325,0.00232549
dragon,9.48741,0.200925,-0.0269968,-0.173928
draw,9.48741,-0.138162,0.152539,-0.0143766
drawers,9.48741,-0.140882,0.100092,0.0407899
effortlessly,9.48741,-0.00805278,-0.0703265,0.0783793
egg,9.48741,-0.347193,0.169248,0.177944
enabled,9.48741,-0.13874,-0.103589,0.242329
ends,9.48741,0.109914,-0.106949,-0.00296472
enter,9.48741,-0.0682732,0.116035,-0.047762
environment,9.48741,0.199957,-0.257653,0.0576961
eos,9.48741,0.073559,-0.132258,0.0586987
excepted,9.48741,0.158825,-0.232963,0.074138
exp,9.48741,0.1929,-0.262073,0.069173
fabrics,9.48741,0.0619799,0.0195693,-0.0815492
faces,9.48741,-0.0558189,0.0845439,-0.028725
fashion,9.48741,-0.0149584,-0.0373176,0.052276
filipcard,9.48741,-0.039443,-0.114624,0.154067
filtering,9.48741,0.118143,-0.116921,-0.00122239
firestick,9.84409,0.0503855,-0.0345708,-0.0158147
flavour,9.48741,-0.0291268,-0.0708749,0.100002
flikart,9.48741,0.0489316,-0.079082,0.0301504
flpkrt,9.48741,-0.0435653,-0.20972,0.253285
fluid,9.48741,-0.0245882,-0.106426,0.131014
fooling,9.48741,0.118372,-0.0779229,-0.0404489
formula,9.48741,-0.0560734,-0.142366,0.19844
fot,9.48741,-0.112433,-0.0704922,0.182925
frist,9.48741,0.167074,-0.178492,0.0114176
frustrating,9.48741,0.171502,0.00737404,-0.178876
gears,9.48741,-0.0380063,0.139648,-0.101642
gem,9.48741,-0.0401838,-0.0958072,0.135991
geniune,9.48741,-0.0191123,-0.140081,0.159193
ginger,9.48741,-0.0451535,0.0565153,-0.0113618
girls,9.48741,-0.0157177,-0.0484216,0.0641393
glue,9.48741,0.0635182,0.050762,-0.11428
goodsound,9.48741,-0.187205,0.0201598,0.167046
gor,9.48741,-0.0957681,-0.129585,0.225353
grateful,9.48741,-0.0618122,-0.062961,0.124773
grating,9.59277,-0.0441229,-0.118569,0.162692
grinded,9.48741,0.151568,-0.156332,0.00476365
guarantee,9.48741,0.109022,-0.107728,-0.00129422
gun,9.48741,-0.112835,0.137306,-0.0244707
harmful,9.48741,0.166798,-0.173793,0.00699525
harsh,9.48741,0.134938,-0.112547,-0.022391
heads,9.71055,-0.155676,0.136708,0.0189689
hearing,9.48741,0.119005,-0.0769571,-0.0420475
hinge,9.59277,0.0779269,-0.173108,0.0951816
housing,9.84409,0.0764611,0.0402834,-0.116744
human,9.48741,0.130928,-0.180587,0.0496588
hve,9.48741,-0.0107665,0.141863,-0.131096
ie,9.48741,0.159995,-0.237495,0.0774997
improper,9.48741,0.0150504,0.0689154,-0.0839658
improvements,9.48741,-0.00247982,-0.00743329,0.00991311
incoming,9.48741,0.145345,-0.129202,-0.016143
increases,9.48741,0.000621115,-0.0755549,0.0749338
infact,9.59277,0.234514,-0.132602,-0.101912
insert,9.48741,-0.118521,0.0920771,0.0264437
irresponsible,9.48741,0.164723,-0.0507646,-0.113959
iteam,9.48741,0.122352,-0.175192,0.0528403
jeevas,9.71055,0.00420665,-0.105171,0.100964
kadhai,9.48741,-0.195463,0.160089,0.0353742
kerala,9.48741,0.0636481,0.047434,-0.111082
kinds,9.48741,-0.000315111,-0.154813,0.155128
latter,9.48741,0.146127,-0.150468,0.00434087
liquids,9.59277,-0.152986,0.0194468,0.133539
listed,9.48741,0.0606035,0.0358339,-0.0964375
lo,9.48741,0.115669,-0.192656,0.0769868
losing,9.48741,0.169686,-0.120028,-0.0496573
lunch,9.48741,-0.124551,0.0530163,0.0715352
lv,9.48741,-0.147489,-0.0915136,0.239002
lying,9.48741,0.0662638,-0.0849985,0.0187347
mach,9.48741,0.0968028,-0.0110134,-0.0857893
magnetic,9.59277,0.0081598,0.141102,-0.149262
male,9.71055,-0.138678,0.0988916,0.0397868
malfunctioning,9.59277,0.0937816,-0.0593901,-0.0343915
mandatory,9.48741,-0.214954,-0.169234,0.384188
mass,9.48741,-0.00955011,-0.0830362,0.0925863
mhz,9.84409,-0.118062,0.0903159,0.0277464
microsoft,9.59277,-0.0611978,-0.0315721,0.0927699
mismatch,9.48741,-0.193444,0.190382,0.00306145
modified,9.48741,-0.0751704,0.0702827,0.0048877
nalla,9.48741,0.183862,-0.181005,-0.00285632
negligible,9.48741,-0.0156556,0.0374178,-0.0217622
nephew,9.48741,-0.0267931,-0.0518737,0.0786668
newly,9.48741,0.0911149,-0.242555,0.151441
nis,9.48741,-0.141424,-0.132459,0.273882
nive,9.48741,-0.188833,0.0926957,0.0961369
notebook,9.71055,0.157791,-0.219876,0.062085
numbers,9.48741,-0.257684,-0.0193921,0.277076
nuts,9.71055,-0.108332,0.122338,-0.0140057
okkk,9.48741,-0.00421917,0.065176,-0.0609568
onwards,9.48741,0.0372073,-0.0106619,-0.0265454
optimised,9.59277,-0.0630765,-0.317557,0.380634
outdoors,9.48741,0.179773,-0.0644121,-0.115361
owsam,9.48741,-0.121449,-0.119328,0.240777
partners,9.71055,0.0972798,-0.0676457,-0.0296341
passed,9.48741,0.00671527,-0.14649,0.139775
pasted,9.48741,0.178063,-0.138915,-0.0391484
patches,9.48741,0.0172986,0.0429547,-0.0602533
payment,9.84409,-0.0470399,-0.0110448,0.0580847
peice,9.48741,0.0346501,0.0180961,-0.0527463
perfection,9.59277,0.122503,-0.165979,0.0434766
perfomance,9.48741,0.175669,-0.189065,0.0133963
permanent,9.48741,0.085142,0.0403687,-0.125511
photographer,9.48741,-0.0304944,-0.157463,0.187958
pice,9.48741,0.101051,-0.157397,0.0563462
picks,9.48741,0.097335,-0.0731223,-0.0242127
pizzas,9.48741,-0.0554435,-0.0482613,0.103705
placement,9.48741,-0.025822,-0.264946,0.290768
platforms,9.48741,-0.0122399,-0.0358581,0.048098
plzzz,9.71055,0.0125215,-0.0884145,0.075893
pouch,9.71055,-0.0775201,0.0924292,-0.014909
prduct,9.48741,-0.157002,0.0875445,0.0694578
preethi,9.59277,0.0281685,-0.00340635,-0.0247621
presently,9.48741,-0.139758,0.0574193,0.0823389
pressing,9.48741,0.0565215,-0.0447834,-0.0117381
primary,9.48741,-0.16149,0.0810629,0.0804275
privacy,9.71055,-0.126319,-0.00875654,0.135075
proce,9.48741,-0.11668,0.08972,0.0269596
productvalue,9.48741,-0.086436,-0.119966,0.206402
professionally,9.48741,-0.0154347,0.0217328,-0.00629817
profuct,9.48741,0.0571211,-0.126274,0.0691529
promptly,9.48741,-0.0723072,0.0885569,-0.0162497
providers,9.48741,0.0436678,0.0553739,-0.0990417
qality,9.48741,0.0780144,-0.157844,0.0798297
reaching,9.59277,0.0454828,-0.0741481,0.0286653
reception,9.71055,-0.0735799,0.0763454,-0.00276545
recharge,9.48741,0.177161,-0.225114,0.0479528
recognize,9.59277,-0.0257467,-0.114659,0.140406
rectified,9.59277,0.0450226,-0.012626,-0.0323966
refer,9.48741,-0.143424,0.109195,0.0342287
regulator,9.71055,-0.0628518,0.0769308,-0.014079
release,9.48741,0.0690967,-0.0157225,-0.0533742
relevant,9.48741,0.126597,-0.14791,0.0213132
repeat,9.48741,-0.0359854,0.064917,-0.0289315
repeatedly,9.48741,0.0102459,0.00696788,-0.0172138
reply,9.48741,0.0182445,-0.0756302,0.0573857
report,9.48741,0.0780593,-0.166098,0.088039
ring,9.48741,-0.000358808,0.0029584,-0.00259959
rings,9.48741,0.0792221,-0.22488,0.145658
sake,9.48741,-0.158515,0.181927,-0.0234123
sandals,9.48741,0.04249,0.00421044,-0.0467004
scent,9.59277,-0.0582575,-0.0579206,0.116178
score,9.59277,0.0607635,-0.103785,0.0430215
searched,9.48741,-0.0709884,0.106876,-0.0358875
seemed,9.59277,0.0475495,0.0601358,-0.107685
seperately,9.48741,-0.149067,0.199761,-0.0506947
server,9.59277,-0.0151854,0.0184058,-0.00322044
shipment,9.59277,-0.0306552,-0.0617213,0.0923764
shipped,9.48741,0.143927,-0.0919184,-0.0520089
showcase,9.48741,0.0611187,-0.0864324,0.0253137
skilled,9.59277,-0.126947,0.149734,-0.0227872
skinny,9.59277,0.00780428,-0.0420346,0.0342304
slips,9.48741,0.191958,0.00737414,-0.199333
smal,9.48741,0.186023,-0.209432,0.0234094
smartwatch,9.59277,-0.0553422,-0.0822655,0.137608
sms,9.59277,0.0862146,0.00671144,-0.092926
social,9.48741,-0.000570853,0.0284067,-0.0278359
softener,9.48741,-0.0504947,-0.0211457,0.0716404
softness,9.59277,-0.0365293,-0.0518228,0.0883521
sooper,9.48741,-0.156666,0.0805965,0.0760699
spreading,9.48741,0.0352698,-0.0680825,0.0328128
standards,9.48741,0.00841771,-0.0365069,0.0280892
state,9.48741,-0.0783532,-0.0014023,0.0797555
successful,9.48741,-0.140251,-0.144452,0.284703
suggests,9.48741,0.0383723,-0.0905877,0.0522154
superr,9.48741,-0.138356,-0.135134,0.27349
supporter,9.48741,0.0537687,0.0391607,-0.0929293
sweat,9.48741,-0.152841,0.144516,0.00832406
synthetic,9.48741,0.0160275,-0.0453559,0.0293284
systems,9.48741,-0.0870289,0.060328,0.0267009
tables,9.48741,0.108624,-0.175548,0.0669238
tailor,9.71055,-0.225908,0.129885,0.0960231
tasking,9.48741,-0.0158184,-0.143393,0.159211
te,9.48741,-0.0843953,0.0725096,0.0118858
temperatures,9.48741,0.061634,-0.0141464,-0.0474876
ten,9.48741,0.100459,-0.141554,0.0410948
tenda,9.48741,-0.200222,0.119908,0.0803144
thankq,9.48741,-0.0992051,-0.0888278,0.188033
thicker,9.48741,-0.0340878,-0.162646,0.196734
thq,9.48741,-0.0644935,-0.0990787,0.163572
throwing,9.59277,0.118677,-0.0684643,-0.0502129
tiles,9.48741,-0.018258,0.0986019,-0.0803439
timings,9.48741,0.184022,-0.192925,0.00890338
tooth,9.71055,-0.154816,0.0244828,0.130333
touched,9.48741,-0.0887765,0.0633329,0.0254436
towel,9.48741,0.0884009,-0.0836314,-0.00476949
town,9.48741,-0.0859169,0.191607,-0.10569
tracker,9.71055,0.043948,-0.0702817,0.0263337
tuf,9.59277,-0.172725,0.128553,0.0441716
unbeatable,9.48741,-0.0783148,-0.110526,0.188841
unsatisfactory,9.48741,0.0866965,0.0209194,-0.107616
uploading,9.48741,0.0118235,-0.0426767,0.0308533
utmost,9.48741,-0.102836,0.0772573,0.0255787
utter,9.48741,-0.0250451,0.108154,-0.0831089
valueable,9.48741,0.134,-0.192024,0.0580241
vgood,9.48741,-0.127809,-0.128696,0.256505
volumes,9.48741,-0.0691288,0.139071,-0.0699418
wach,9.71055,-0.0643072,-0.104884,0.169191
wattage,9.48741,-0.226637,0.167552,0.0590849
wedding,9.48741,-0.114634,-0.124259,0.238892
weights,9.48741,0.0923165,-0.0608601,-0.0314564
wherever,9.48741,-0.0608852,0.12067,-0.0597845
wishes,9.48741,-0.0458786,0.0646334,-0.0187548
wit,9.48741,-0.0732432,-0.145504,0.218748
wobble,9.71055,-0.058959,-0.199002,0.257961
woodbuzz,9.48741,0.00253785,-0.0149562,0.0124183
wore,9.48741,-0.0594933,0.120552,-0.0610588
writting,9.48741,-0.224148,0.268172,-0.0440234
wroth,9.48741,0.125226,-0.125658,0.000432752
wt,9.59277,-0.0475042,0.102707,-0.0552029
yoga,9.71055,-0.00401388,0.16811,-0.164096
yt,9.48741,-0.083335,-0.0810737,0.164409
yummy,9.48741,-0.0844923,-0.0561972,0.140689
zelio,9.59277,0.0590615,-0.133621,0.07456
aaa,9.71055,-0.00324226,-0.0512654,0.0545077
ache,9.71055,-0.177844,0.161564,0.0162795
adobe,9.71055,-0.0122642,-0.164649,0.176913
advertisement,9.59277,0.132624,-0.00760639,-0.125018
advisable,9.59277,0.193283,-0.250675,0.0573926
advised,9.59277,-0.122991,0.0322165,0.0907746
alive,9.59277,0.0222011,0.0607734,-0.0829745
alternate,9.59277,-0.0259137,-0.118327,0.14424
altogether,9.59277,-0.0840494,0.0949918,-0.0109424
amaron,9.59277,-0.0338381,-0.0664085,0.100247
appeared,9.59277,0.135218,-0.12475,-0.0104684
artificial,9.59277,0.125724,0.0147222,-0.140446
aswome,9.59277,-0.146467,-0.120306,0.266773
awesom,9.59277,-0.10032,-0.0910371,0.191357
banana,9.84409,0.045887,-0.0308965,-0.0149905
bars,9.59277,-0.0489207,0.0713482,-0.0224275
beats,9.71055,-0.0118338,-0.0765883,0.0884221
becoming,9.59277,0.0282461,0.07173,-0.0999761
beneficial,9.59277,-0.0752397,-0.129003,0.204242
benefit,9.59277,-0.104094,0.0291484,0.0749455
bi,9.59277,-0.0474437,-0.114505,0.161948
bite,9.71055,0.0481706,0.00481866,-0.0529893
blazing,9.59277,-0.00239492,-0.210428,0.212823
blend,9.59277,-0.19656,0.146954,0.0496059
blender,9.59277,-0.163952,0.0533719,0.11058
blink,9.71055,0.0854385,-0.0766208,-0.00881766
blocks,9.59277,-0.0181328,-0.104778,0.122911
bolt,9.59277,-0.127165,0.0939334,0.0332321
booking,9.59277,0.196597,-0.147293,-0.0493045
booster,9.84409,-0.14158,0.0695896,0.0719908
borewell,9.71055,-0.0689519,-0.0583785,0.12733
born,9.59277,-0.0591133,-0.0949846,0.154098
boul,9.71055,0.194132,-0.241356,0.0472245
breakfast,9.59277,0.00047558,0.104023,-0.104499
broom,9.59277,0.0475817,-0.022,-0.0255817
burner,9.99824,-0.0107334,-0.0150874,0.0258207
bycycle,9.59277,0.0377668,-0.133524,0.0957572
carrots,9.59277,-0.232633,0.0884967,0.144137
caught,9.59277,0.0694669,-0.0675108,-0.00195613
causes,9.59277,-0.000730062,-0.00711643,0.0078465
cavity,9.84409,0.00343875,-0.0200565,0.0166177
centrifugal,9.71055,-0.0834651,0.0416781,0.041787
chains,9.71055,-0.0627842,0.00232607,0.0604581
chargeable,9.59277,0.0770177,-0.00821232,-0.0688054
cleared,9.59277,-0.0317947,-0.0151164,0.046911
clips,9.84409,0.0206912,0.0531195,-0.0738107
coin,9.59277,0.0888681,-0.148567,0.0596992
colored,9.59277,-0.167307,-0.0833869,0.250694
commendable,9.59277,-0.0463069,-0.0733197,0.119627
commitment,9.71055,0.200607,-0.198854,-0.00175363
companion,9.59277,-0.0522955,-0.0955177,0.147813
compressor,9.59277,0.0218751,0.0331057,-0.0549808
concept,9.59277,0.0795228,-0.121303,0.0417798
contacting,9.59277,-0.0111198,0.167071,-0.155951
continously,9.59277,0.157051,-0.214704,0.0576536
cookware,9.71055,-0.0150731,-0.0889696,0.104043
cousin,9.59277,-0.0473141,-0.094774,0.142088
cucumber,9.59277,-0.0989448,-0.0109056,0.10985
cum,9.59277,-0.102391,0.173274,-0.0708832
dal,9.59277,0.119355,-0.0190549,-0.1003
dd,9.59277,-0.0249722,-0.0609629,0.085935
dealing,9.59277,-0.0663097,-0.00580798,0.0721177
decade,9.59277,-0.0272635,-0.0119454,0.0392089
delevary,9.59277,-0.0907375,-0.105074,0.195812
dell,9.59277,0.0582039,-0.306456,0.248253
detachable,9.59277,-0.0442663,-0.118266,0.162532
detergents,9.71055,-0.0605233,0.112694,-0.0521709
disign,9.59277,-0.091298,0.0958793,-0.00458133
dispointed,9.59277,0.146009,-0.148834,0.00282556
distorted,9.59277,0.0272219,0.0845885,-0.11181
dongle,9.59277,-0.212639,-0.0797062,0.292345
doorstep,9.59277,-0.0462283,0.0372313,0.008997
edited,9.59277,0.0907448,-4.42376e-05,-0.0907005
eggs,9.59277,-0.0807662,-0.0853288,0.166095
emails,9.59277,-0.146865,0.166774,-0.0199087
enquired,9.59277,-0.0167363,-0.0488692,0.0656055
equally,9.59277,0.278201,-0.297951,0.0197501
essentials,9.59277,0.0498985,-0.152455,0.102556
eurodomo,9.71055,-0.0316949,-0.0801349,0.11183
exalent,9.59277,-0.124447,-0.12622,0.250666
excellently,9.59277,-0.123907,-0.113353,0.237259
expansion,9.59277,0.254119,-0.209421,-0.0446984
experiences,9.59277,0.10684,-0.171628,0.0647883
fairly,9.59277,-0.148082,0.184095,-0.0360138
faults,9.59277,-0.0213846,0.0492585,-0.0278739
fe,9.59277,0.125012,-0.121165,-0.00384696
fellows,9.59277,0.0312919,-0.0292544,-0.00203756
fertilizer,9.84409,0.110146,-0.082197,-0.0279487
fhd,9.71055,0.0492097,0.0813924,-0.130602
filpcard,9.59277,-0.0812197,0.117903,-0.036683
filterless,9.84409,0.027399,-0.108695,0.081296
fipkart,9.71055,0.188603,-0.148469,-0.0401336
flaws,9.59277,-0.0649681,-0.0600514,0.125019
flipkrt,9.59277,-0.0421808,-0.196245,0.238426
fold,9.71055,-0.109903,0.0812972,0.0286054
fused,9.59277,-0.0598347,0.132557,-0.0727219
gati,9.59277,-0.196096,0.171429,0.0246671
generated,9.71055,-0.0795641,-0.0134706,0.0930347
glitches,9.59277,0.170601,-0.0265497,-0.144051
glossy,9.71055,-0.0163584,-0.0431609,0.0595192
gradually,9.59277,0.0675302,-0.108244,0.0407141
greater,9.59277,0.170672,-0.240901,0.0702283
grounds,9.59277,0.00848886,-0.172521,0.164032
guyz,9.59277,0.0225601,0.025649,-0.0482091
hairfall,9.59277,-0.0981988,-0.113001,0.2112
hanger,9.59277,0.0619783,0.0159754,-0.0779536
hangs,9.59277,0.072405,0.0713907,-0.143796
happythank,9.59277,-0.101934,0.0488164,0.053118
hav,9.59277,0.024981,-0.035271,0.0102901
havy,9.59277,0.00453169,-0.148078,0.143546
holders,9.59277,0.012176,-0.0480552,0.0358792
hollow,9.59277,0.017388,-0.0582573,0.0408693
hood,9.59277,-0.103836,-0.10965,0.213486
households,9.59277,-0.131053,-0.0528487,0.183901
hydrated,9.59277,-0.073757,0.0635761,0.0101809
hydrating,9.71055,-0.0478827,-0.09789,0.145773
hygiene,9.59277,-0.0252643,-0.0539215,0.0791859
idk,9.71055,-0.193116,-0.117974,0.31109
immediate,9.59277,0.0534942,-0.0679957,0.0145015
initiated,9.59277,0.0831405,-0.112679,0.0295388
innovative,9.59277,-0.0870324,-0.0951321,0.182164
insane,9.59277,-0.0637659,0.109776,-0.0460098
integration,9.59277,-0.0335323,0.0833922,-0.0498599
intense,9.59277,-0.204389,0.192426,0.0119631
inverters,9.71055,-0.126651,-0.100787,0.227438
ita,9.59277,0.0745974,-0.050563,-0.0240345
itit,9.59277,-0.0109467,-0.0821078,0.0930546
join,9.59277,-0.0186985,-0.021469,0.0401676
journey,9.59277,-0.098951,-0.110824,0.209775
jus,9.59277,0.0809417,-0.0311895,-0.0497522
justified,9.59277,-0.124155,0.192407,-0.0682516
keyboards,9.59277,-0.031544,-0.0674274,0.0989714
knees,9.59277,-0.146569,0.112378,0.0341911
knobs,9.59277,0.00868414,0.130022,-0.138706
knowing,9.71055,-0.0539286,-0.0495632,0.103492
languages,9.59277,0.193661,-0.165731,-0.0279304
leading,9.59277,-0.17203,0.122523,0.0495062
limitations,9.59277,0.0973103,0.00692757,-0.104238
loads,9.59277,-0.0181758,0.108706,-0.0905302
lol,9.59277,0.0195752,0.0828637,-0.102439
looting,9.59277,0.0917282,-0.07917,-0.0125582
loudly,9.59277,0.0325948,0.127477,-0.160072
magical,9.71055,-0.0651457,-0.0814872,0.146633
marked,9.71055,-0.0263239,-0.0202299,0.0465539
marketing,9.59277,0.0374167,-0.0749308,0.0375141
masala,9.71055,-0.105299,0.00326937,0.10203
mcaffine,9.59277,0.0288807,-0.123491,0.0946098
meaning,9.59277,0.138452,-0.0876568,-0.050795
measure,9.59277,-0.0631093,-0.149729,0.212838
melodious,9.71055,0.00131597,-0.0847266,0.0834107
mentioning,9.59277,-0.0701277,0.0305301,0.0395976
metre,9.71055,-0.0283093,0.00654509,0.0217642
minus,9.59277,-0.0662149,-0.207367,0.273582
moisture,9.59277,-0.0695045,0.134451,-0.0649469
motors,9.71055,-0.127383,-0.0138907,0.141274
moves,9.59277,-0.0155616,0.0803224,-0.0647608
nad,9.59277,-0.0831705,0.0568943,0.0262762
named,9.59277,-0.0394327,0.0893855,-0.0499529
noises,9.59277,0.239597,-0.235951,-0.00364529
nokia,9.59277,0.063313,-0.117412,0.0540993
nxt,9.59277,-0.0519918,-0.0419602,0.093952
nyccc,9.59277,-0.139324,-0.137505,0.276829
occasions,9.59277,-0.141377,0.0653622,0.076015
occurs,9.59277,0.0120001,0.0200552,-0.0320553
om,9.59277,-0.140361,0.202517,-0.0621563
opens,9.59277,0.146734,-0.0976673,-0.0490663
opportunity,9.59277,-0.0198997,-0.0470564,0.0669561
orders,9.59277,-0.0392142,0.0455643,-0.00635014
osmmm,9.59277,-0.123086,-0.136335,0.259422
ovens,9.59277,-0.0352966,0.180711,-0.145415
pans,9.59277,-0.171676,0.0694922,0.102184
particularly,9.59277,0.221159,-0.188593,-0.0325663
patch,9.59277,0.0330589,0.0403971,-0.0734559
peak,9.59277,-0.0868001,0.142545,-0.0557452
pep,9.59277,-0.0798213,0.0575389,0.0222824
perfact,9.59277,-0.128568,-0.127583,0.256151
pesa,9.59277,-0.155504,0.190893,-0.0353892
physically,9.59277,0.10061,-0.129797,0.0291871
picking,9.59277,-0.0889865,0.142508,-0.0535212
plain,9.59277,0.1544,-0.162491,0.00809047
planted,9.59277,-0.092971,-0.196718,0.289689
playback,9.59277,-0.0102527,0.0747203,-0.0644676
plugin,9.59277,-0.0427024,-0.00329709,0.0459995
polish,9.59277,0.159445,-0.17619,0.0167457
poorly,9.59277,0.167311,-0.111519,-0.0557919
pouring,9.59277,0.0157972,0.00937929,-0.0251765
powered,9.59277,0.136884,-0.2223,0.0854162
pr,9.59277,0.0895573,-0.0802992,-0.00925816
praduct,9.59277,-0.0399475,-0.0256139,0.0655614
precautions,9.59277,0.0884892,-0.169004,0.0805152
presented,9.59277,-0.0988372,-0.0953871,0.194224
primarily,9.59277,-0.126878,0.174153,-0.0472751
priority,9.84409,0.203267,-0.0813066,-0.12196
productthis,9.59277,0.0493525,-0.135989,0.0866366
professionals,9.59277,-0.0775005,0.0715118,0.0059887
promote,9.59277,0.135612,-0.100174,-0.0354381
pull,9.59277,0.0996773,-0.0501802,-0.0494971
purchases,9.59277,-0.0633355,0.107689,-0.0443533
purifying,9.59277,-0.174666,-0.0511806,0.225847
rainy,9.59277,-0.0574026,0.275634,-0.218232
rarely,9.59277,-0.0476719,-0.0379897,0.0856616
rashes,9.59277,0.126705,-0.128861,0.00215548
realise,9.59277,0.120049,-0.116372,-0.00367719
recommendation,9.59277,-0.0480351,0.0845285,-0.0364934
refills,9.59277,0.117812,-0.159462,0.0416502
refused,9.59277,-0.00347752,0.0236849,-0.0202074
relatively,9.59277,-0.133112,0.124928,0.00818445
remained,9.59277,0.00370384,-0.0643824,0.0606786
removable,9.59277,0.0428255,-0.178333,0.135508
restarts,9.59277,0.19138,-0.0956023,-0.0957775
returnable,9.59277,0.152954,-0.0453054,-0.107649
reverse,9.59277,-0.150882,0.0350627,0.115819
rigid,9.59277,0.137183,-0.202654,0.065471
rim,9.59277,-0.0934517,0.0439125,0.0495392
rohini,9.59277,-0.00107233,-0.0257993,0.0268717
roller,9.59277,0.082169,-0.035916,-0.046253
scrap,9.59277,0.218341,-0.135847,-0.0824936
scratched,9.59277,0.202882,-0.17979,-0.0230916
serial,9.71055,0.0702176,-0.0163283,-0.0538894
settop,9.59277,0.0466333,-0.0920465,0.0454132
ship,9.59277,0.0822984,-0.115119,0.0328204
shortly,9.59277,-0.0420991,0.0474967,-0.00539759
shutdown,9.59277,0.023453,0.0248244,-0.0482774
si,9.59277,-0.0160866,0.0625375,-0.046451
softer,9.59277,0.009346,0.0039221,-0.0132681
solves,9.59277,-0.014822,-0.101058,0.11588
solving,9.59277,-0.127425,0.114853,0.0125715
sonata,9.71055,-0.0145411,-0.0591093,0.0736504
soul,9.59277,0.020187,0.0529951,-0.0731821
sowed,9.84409,-0.0765291,0.0770097,-0.000480551
spec,9.59277,-0.0156955,0.0399908,-0.0242952
specified,9.59277,0.213559,0.0264145,-0.239973
splendid,9.59277,-0.144694,0.0757452,0.0689492
spoil,9.59277,0.0890413,-0.044029,-0.0450122
spoke,9.59277,-0.173591,0.225063,-0.0514712
spreads,9.84409,0.0457308,0.0616258,-0.107357
standby,9.59277,-0.0475777,0.0427018,0.00487589
starters,9.71055,-0.0305426,-0.0556109,0.0861535
stiches,9.59277,0.0639542,-0.0383397,-0.0256145
sticked,9.59277,0.0129683,0.145673,-0.158641
stomach,9.59277,0.115947,-0.0234484,-0.0924983
straps,9.59277,-0.110829,0.132541,-0.0217115
stress,9.59277,0.156164,-0.120946,-0.0352186
studies,9.59277,-0.0563632,-0.0926819,0.149045
suberb,9.59277,-0.295016,-0.0953925,0.390408
superbbbb,9.59277,-0.12233,-0.128624,0.250954
superrrrr,9.59277,-0.123456,-0.131876,0.255332
surround,9.59277,-0.00429709,-0.122646,0.126943
sync,9.59277,0.125116,-0.298848,0.173732
tak,9.99824,0.00668642,-0.0554028,0.0487164
tells,9.59277,0.105912,-0.0863505,-0.0195616
thks,9.71055,-0.0478541,-0.0921061,0.13996
thousand,9.71055,0.00644329,-0.00680928,0.000365998
threading,9.84409,0.0363113,-0.0276214,-0.00868998
thru,9.59277,0.0966699,-0.0514374,-0.0452324
tikka,9.71055,-0.0966157,-0.0261218,0.122737
torfin,9.84409,-0.0400746,-0.091539,0.131614
truely,9.59277,-0.000711809,-0.0922383,0.0929501
trusting,9.59277,0.0330127,-0.032295,-0.000717636
untill,9.59277,-0.078199,-0.01299,0.0911889
upar,9.59277,-0.0448307,-0.051624,0.0964548
usability,9.59277,-0.148786,0.0453506,0.103436
useable,9.59277,0.0673498,-0.143681,0.0763314
usefully,9.59277,-0.103906,-0.121015,0.224921
vain,9.59277,0.186149,-0.0255458,-0.160603
valued,9.59277,-0.110049,-0.105035,0.215084
variants,9.59277,0.026714,0.100764,-0.127478
varieties,9.59277,-0.0494457,-0.0185747,0.0680204
verey,9.59277,0.0221162,-0.15933,0.137214
versions,9.59277,-0.0625481,0.118153,-0.0556047
vertical,9.59277,-0.0696846,0.109723,-0.0400385
waight,9.59277,-0.0285933,-0.120303,0.148896
walk,9.59277,0.141458,-0.122312,-0.0191461
waoo,9.59277,-0.116681,-0.119857,0.236539
warming,9.71055,-0.152472,0.11693,0.035542
webcam,9.59277,0.0800204,-0.180406,0.100385
weigh,9.59277,-0.133766,0.103887,0.0298794
whirlpool,9.59277,0.0197198,0.0544294,-0.0741493
wicket,9.71055,-0.109683,0.0710854,0.038598
wider,9.59277,-0.160854,0.0817818,0.0790718
wight,9.59277,-0.0711993,0.0395348,0.0316645
wooow,9.59277,-0.0987366,-0.119569,0.218306
wrking,9.59277,0.133002,0.039696,-0.172698
accumulated,9.71055,-0.0499249,0.0659478,-0.016023
achieve,9.71055,-0.00527878,-0.0625251,0.0678038
additionally,9.71055,-0.0569417,0.0121063,0.0448354
adjusting,9.71055,-0.249795,0.245892,0.00390286
amaging,9.71055,-0.106441,-0.111852,0.218293
analog,9.71055,-0.0946521,0.023123,0.0715291
andriod,9.84409,0.136117,-0.0773929,-0.0587243
ans,9.71055,0.23707,-0.211232,-0.0258389
anyhow,9.71055,0.0511207,-0.21399,0.16287
approach,9.71055,0.0318665,0.0425594,-0.0744259
aquaguard,9.84409,-0.0318245,-0.0910208,0.122845
assist,9.71055,0.141384,-0.136354,-0.00502983
attempt,9.71055,0.0054221,-0.0577769,0.0523548
attract,9.71055,0.0299724,0.0633209,-0.0932933
aur,9.84409,-0.115722,-0.138987,0.254709
authorised,9.84409,0.0437147,0.00286801,-0.0465828
avante,9.71055,-0.0233869,-0.134886,0.158273
awful,9.71055,0.162725,-0.0878482,-0.0748772
awsme,9.71055,-0.112036,-0.120906,0.232941
ayurveda,9.71055,-0.0781828,0.126131,-0.0479483
balcony,9.71055,-0.0268899,-0.0148104,0.0417003
bee,9.71055,0.0928207,-0.251589,0.158768
beep,9.71055,-0.00341771,0.0684292,-0.0650115
bench,9.84409,-0.0488406,-0.110609,0.15945
beside,9.71055,-0.0198514,0.131647,-0.111796
bestest,9.71055,-0.159627,-0.0988082,0.258435
beutiful,9.71055,-0.118712,-0.118907,0.237618
bihar,9.71055,-0.0149763,-0.0933214,0.108298
blast,9.71055,0.0460694,-0.000360941,-0.0457085
blind,9.71055,-0.162578,-0.0637006,0.226279
bobbin,9.71055,0.269284,-0.151305,-0.117979
bold,9.71055,0.0903974,-0.0655076,-0.0248899
boll,9.71055,-0.071948,-0.142125,0.214073
border,9.71055,-0.176258,0.164724,0.0115333
boring,9.71055,0.153226,-0.125717,-0.0275085
bot,9.71055,0.0873968,0.107127,-0.194524
bottel,9.71055,0.14743,-0.166507,0.0190773
boyfriend,9.71055,-0.0226552,0.140811,-0.118156
brighter,9.71055,-0.0767342,-0.15739,0.234124
bsnl,9.84409,0.128709,-0.11898,-0.0097288
buck,9.71055,-0.0436086,-0.0597945,0.103403
buffering,9.71055,-0.0358427,-0.160898,0.19674
caffeine,9.71055,0.0469222,-0.0849991,0.038077
cargos,9.71055,-0.0114449,-0.0955548,0.107
carries,9.71055,-0.244234,0.124819,0.119415
cartoon,9.71055,-0.0280607,-0.0116017,0.0396624
cases,9.71055,-0.135318,-0.0795103,0.214829
cashback,9.71055,-0.0325462,-0.117636,0.150182
cd,9.84409,-0.087736,0.150195,-0.0624595
celling,9.71055,-0.182848,-0.13185,0.314698
chaina,9.71055,0.181181,-0.179455,-0.00172569
chest,9.71055,0.0245922,-0.13305,0.108457
chill,9.71055,-0.0828153,-0.09148,0.174295
colity,9.71055,0.0634644,0.0273288,-0.0907931
collector,9.71055,-0.179891,0.145839,0.0340527
comming,9.71055,0.191477,-0.172688,-0.0187884
compair,9.71055,-0.0163788,0.041591,-0.0252122
complains,9.71055,-0.0467569,-0.085,0.131757
concerns,9.71055,-0.195805,0.0894729,0.106332
confident,9.71055,-0.109057,-0.0964905,0.205548
confirm,9.71055,-0.0219989,-0.0390068,0.0610057
confirmed,9.71055,-0.178977,0.262377,-0.0834008
cooks,9.71055,-0.0260853,0.17098,-0.144894
cosco,9.71055,-0.0255515,-0.078336,0.103887
crafted,9.71055,0.0860338,-0.0870463,0.00101252
crashed,9.71055,0.255071,-0.151445,-0.103626
crazy,9.71055,-0.0645784,-0.153531,0.218109
creative,9.71055,-0.123957,-0.0728664,0.196823
criteria,9.71055,-0.0409756,-0.0689644,0.10994
curry,9.71055,0.11951,-0.171702,0.052192
damaging,9.71055,-0.0688071,0.185898,-0.117091
dandruff,9.71055,-0.0215008,-0.0266935,0.0481943
dated,9.71055,0.135568,-0.115425,-0.0201425
decorating,9.71055,0.00286707,0.0599399,-0.062807
degraded,9.71055,-0.0160354,-0.166843,0.182879
demerit,9.71055,-0.0373319,-0.116619,0.153951
denied,9.71055,-0.0214544,0.211782,-0.190327
depth,9.99824,-0.0046173,-0.139281,0.143898
designe,9.71055,0.193607,-0.134452,-0.0591547
designer,9.71055,0.0490045,-0.0385299,-0.0104746
dessert,9.84409,-0.0681228,0.116374,-0.0482515
detecting,9.71055,0.128558,-0.0504641,-0.078094
detects,9.71055,0.110754,-0.161886,0.0511325
developer,9.84409,-0.02505,0.0872761,-0.0622261
dhal,9.99824,0.0215907,0.0262638,-0.0478545
dosent,9.71055,0.17853,-0.212619,0.0340883
draft,9.99824,-0.0947448,0.190911,-0.0961664
duster,9.84409,-0.0695122,-0.145196,0.214709
dusts,9.84409,0.122838,-0.147357,0.0245195
earned,9.71055,-0.0706995,-0.0222138,0.0929134
eb,9.84409,0.0216116,0.0507783,-0.0723899
eg,9.71055,-0.171189,0.109512,0.0616768
ek,9.71055,-0.0861796,-0.14709,0.23327
elbow,9.71055,-0.202063,0.0998427,0.10222
embroidery,9.71055,-0.0075816,-0.0303162,0.0378978
equality,9.71055,-0.0587322,-0.0906463,0.149379
equalizer,9.71055,0.0194323,-0.0816832,0.0622509
excuses,9.71055,0.135658,-0.133523,-0.00213465
executives,9.71055,0.0228464,0.0256651,-0.0485114
exercises,9.71055,-0.0479333,-0.123597,0.17153
exide,9.71055,-0.073434,0.0791819,-0.00574792
expandable,9.71055,-0.00522813,-0.0811993,0.0864274
experiencing,9.84409,0.130698,-0.132588,0.00188976
extracted,9.71055,-0.0466024,-0.142381,0.188984
extracting,9.71055,-0.0383808,0.00286339,0.0355174
fantabulous,9.71055,-0.0625489,-0.0654044,0.127953
feelings,9.71055,-0.176518,0.202702,-0.0261845
fibres,9.84409,-0.133729,0.0253517,0.108377
filipcart,9.71055,-0.0206928,-0.0947636,0.115456
filp,9.71055,-0.0626721,-0.1421,0.204772
flexibility,9.71055,-0.0506245,0.0611984,-0.0105739
font,9.84409,0.0371665,-0.0190486,-0.0181178
forever,9.71055,-0.0634773,-0.0953243,0.158802
fortunately,9.71055,-0.166726,-0.0509258,0.217652
frankly,9.84409,0.0187875,-0.0687434,0.0499559
freedom,9.71055,-0.0252488,-0.00779964,0.0330485
fullfil,9.71055,-0.0892712,-0.155059,0.24433
futures,9.71055,-0.0562792,0.0315959,0.0246833
ga,9.84409,-0.0429627,-0.182642,0.225604
gadgets,9.71055,0.0204366,-0.0777098,0.0572732
gameplay,9.71055,-0.022357,-0.0677037,0.0900607
generate,9.99824,0.074371,-0.0878616,0.0134906
germ,9.84409,0.129225,-0.0703486,-0.0588761
gooood,9.71055,-0.180675,0.110935,0.0697407
gray,9.71055,-0.137877,0.0314556,0.106421
grilled,9.71055,-0.170051,0.199663,-0.0296118
gst,9.71055,0.0969856,-0.126983,0.0299971
guilty,9.71055,0.0120666,-0.151224,0.139158
hidden,9.71055,0.0679601,-0.0555248,-0.0124353
highlight,9.71055,-0.18106,0.0777248,0.103335
hinges,9.71055,0.094819,-0.134424,0.0396046
hits,9.71055,0.0675294,0.0576393,-0.125169
hmm,9.71055,0.0181159,-0.0514908,0.0333749
hul,9.84409,-0.402761,0.276959,0.125802
idle,9.71055,-0.00213728,-0.147641,0.149778
idli,9.71055,-0.0214656,-0.0654148,0.0868804
idly,9.71055,0.160227,-0.213548,0.0533212
imagination,9.71055,-0.00915889,-0.150102,0.15926
improving,9.71055,-0.0211005,-0.0150715,0.036172
incredibly,9.84409,0.00752379,-0.010929,0.00340517
indicators,9.99824,-0.01118,-0.0572692,0.0684492
individual,9.71055,0.246376,-0.212438,-0.0339378
info,9.71055,0.0060492,-0.0559597,0.0499105
innovation,9.71055,-0.228769,-0.0451414,0.27391
instrument,9.71055,0.134143,-0.17317,0.0390268
intake,9.71055,0.100993,-0.12296,0.0219668
intended,9.71055,-0.110945,-0.116461,0.227406
intensity,9.71055,0.108471,0.00348874,-0.111959
itt,9.71055,-0.0474516,-0.0953581,0.14281
judge,9.71055,0.00432822,-0.126968,0.12264
ka,9.71055,0.104968,-0.117565,0.0125969
ke,9.71055,-0.0648482,0.0101885,0.0546597
kms,9.71055,0.107793,0.000988464,-0.108781
lamps,9.71055,-0.0459904,0.0739069,-0.0279164
launched,9.71055,0.0154102,-0.070697,0.0552868
layers,9.71055,0.0393817,-0.0958439,0.0564622
lenth,9.71055,0.111377,-0.0109785,-0.100399
li,9.71055,-0.129149,0.187953,-0.0588047
lifting,9.71055,-0.175452,0.0149278,0.160524
lives,9.71055,-0.175374,0.243226,-0.0678527
locked,9.71055,0.0862738,-0.0313356,-0.0549383
log,9.71055,-0.166641,-0.0290656,0.195706
looses,9.71055,0.0132416,0.0469158,-0.0601574
loses,9.71055,0.0948031,-0.00719128,-0.0876118
lovable,9.71055,-0.0665442,-0.146823,0.213367
madam,9.99824,-0.000467404,-0.00134201,0.00180941
maggi,9.71055,-0.0675602,-0.000502543,0.0680628
majority,9.71055,-0.0213366,-0.0845085,0.105845
mam,9.84409,-0.00785853,0.174619,-0.166761
mamaearth,9.84409,-0.0372004,0.0382357,-0.00103533
manager,9.71055,0.0934492,-0.214839,0.12139
matched,9.71055,-0.298026,0.133266,0.16476
maxie,10.4037,-0.0488868,-0.0559919,0.104879
melted,9.71055,0.1172,-0.023256,-0.0939435
melting,9.84409,0.138415,-0.0561611,-0.082254
messages,9.71055,-0.119782,0.117683,0.00209968
messy,9.71055,0.0193665,0.00277004,-0.0221366
microwaves,9.71055,-0.109443,-0.0925816,0.202024
mixers,9.71055,0.0256346,0.0429774,-0.068612
modify,9.71055,-0.0537903,0.120723,-0.0669325
mopping,9.71055,0.0860895,-0.132634,0.0465447
movable,9.71055,-0.0811129,0.174274,-0.0931615
movements,9.71055,-0.118345,0.160107,-0.0417615
mtb,9.71055,-0.0779184,0.141854,-0.0639361
mu,9.84409,-0.00802262,-0.0642487,0.0722714
mumbai,9.84409,0.0732213,-0.0164265,-0.0567949
needful,9.84409,0.141636,-0.161258,0.0196221
nonsense,9.84409,0.121471,-0.0809231,-0.0405475
notifications,9.71055,0.0597861,-0.207679,0.147892
nourishment,9.71055,-0.00809402,-0.0158297,0.0239237
nozzle,9.71055,-0.00553732,0.0685978,-0.0630605
nuclear,9.71055,-0.0713197,0.18381,-0.11249
nut,9.71055,0.019309,-0.0584062,0.0390971
nyz,9.71055,-0.126377,-0.130217,0.256594
obvious,9.71055,0.0163164,-0.0669939,0.0506775
occasion,9.71055,-0.0528766,-0.0489073,0.101784
ontime,9.71055,-0.0468579,-0.0446018,0.0914597
opposite,9.71055,-0.00251499,0.00579727,-0.00328228
optic,9.71055,0.0583881,-0.0760723,0.0176842
organise,9.99824,-0.0349268,0.0588977,-0.0239708
osome,9.71055,-0.138936,-0.125081,0.264016
outfit,9.71055,-0.103645,-0.161299,0.264944
overheat,9.71055,-0.00785458,-0.0933371,0.101192
packages,9.71055,-0.100759,0.133381,-0.0326228
painful,9.71055,0.0807261,-0.0482729,-0.0324532
pairing,9.71055,-0.060923,-0.0170838,0.0780069
pairs,9.84409,-0.0327296,-0.0912197,0.123949
palm,9.71055,0.0437763,-0.0573765,0.0136002
parformance,9.71055,-0.0632356,-0.118669,0.181905
particle,9.71055,0.0576506,-0.0715136,0.013863
partition,9.71055,-0.00231826,0.0192319,-0.0169136
pending,9.71055,0.0478972,-0.0417414,-0.00615587
performances,9.71055,0.0393772,0.0233023,-0.0626795
pg,9.71055,-0.0517734,-0.0458331,0.0976065
ph,9.71055,0.0716859,0.0144185,-0.0861044
photoshop,9.71055,-0.000454595,-0.0670633,0.0675179
ping,9.99824,-0.0512974,-0.0783913,0.129689
por,9.71055,0.209722,-0.0975905,-0.112132
pores,9.71055,-0.122026,0.141835,-0.0198083
ppl,9.71055,0.155738,-0.265438,0.1097
precious,9.71055,0.124354,-0.116534,-0.00781991
prefect,9.71055,-0.128537,-0.122857,0.251394
preferable,9.71055,0.0358428,-0.125034,0.0891911
presence,9.71055,0.0059299,0.0912096,-0.0971395
pressed,9.84409,0.0667923,-0.146493,0.0797007
prevents,9.71055,-0.172569,0.0197872,0.152781
pricy,9.71055,0.189265,-0.117499,-0.0717656
producut,9.84409,-0.096734,-0.0836998,0.180434
programme,9.84409,-0.126349,-0.0854262,0.211775
promising,9.71055,0.0311882,-0.152521,0.121333
pruduct,9.71055,-0.0144357,-0.176374,0.19081
qlty,9.71055,0.0514342,-0.0926575,0.0412233
qualify,9.71055,0.105902,-0.0257811,-0.0801208
qualityi,9.71055,0.014697,-0.0760012,0.0613042
qualty,9.71055,0.0712661,0.0126464,-0.0839125
quicker,9.71055,-0.0937623,0.0930599,0.000702448
rage,9.71055,0.109631,-0.132474,0.0228434
random,9.71055,0.23121,-0.27937,0.0481598
realized,9.71055,-0.0257897,0.113605,-0.087815
recieve,9.71055,0.13632,-0.249463,0.113143
recovery,9.71055,-0.0413583,-0.0424997,0.083858
refilled,9.71055,-0.0261565,0.0779493,-0.0517928
refuse,9.71055,0.0678203,-0.0611001,-0.00672016
remarkable,9.71055,0.097816,-0.0610287,-0.0367873
remotes,9.71055,-0.0406333,-0.0833459,0.123979
renesa,9.84409,-0.035238,-0.0455532,0.0807913
researched,9.71055,-0.00289006,-0.0867105,0.0896006
resume,9.71055,-0.0475167,0.108648,-0.0611309
ridiculous,9.71055,0.137537,-0.0784831,-0.0590544
rise,9.71055,0.18493,-0.181605,-0.00332439
robot,9.71055,-0.19763,0.111853,0.0857768
rocking,9.71055,-0.0395143,-0.0735234,0.113038
rom,9.71055,0.0618341,-0.148598,0.0867644
rotate,9.71055,0.122577,-0.144992,0.0224152
rounds,9.71055,-0.0915698,0.0756301,0.0159397
rural,9.71055,-0.0276931,-0.127213,0.154906
sa,9.71055,-0.122768,0.180642,-0.0578749
sanyasi,9.71055,-0.0800672,0.109026,-0.028959
savings,9.71055,-0.048193,0.0999682,-0.0517752
scraper,9.84409,0.0265325,-0.0939476,0.0674151
screwdriver,9.71055,-0.064578,0.111493,-0.0469146
secondary,9.71055,-0.132679,0.195413,-0.0627346
segments,9.71055,-0.0340287,-0.0948121,0.128841
selves,9.71055,-0.00549434,0.064418,-0.0589236
semma,9.71055,-0.19722,-0.116771,0.313992
senior,9.71055,0.1592,-0.126903,-0.0322972
sessions,9.71055,-0.0902414,0.070252,0.0199895
shandar,9.71055,-0.125211,-0.125664,0.250875
sharpness,9.71055,-0.0398523,-0.128402,0.168254
sheets,9.71055,0.0557471,-0.127544,0.071797
shines,9.71055,-0.0135122,-0.0525654,0.0660776
shower,9.71055,0.112786,-0.141774,0.0289882
showroom,9.71055,-0.00419868,-0.011701,0.0158997
siemens,10.1806,-0.00267109,-0.0885277,0.0911987
silk,9.71055,0.132051,-0.134499,0.00244794
sinewave,9.84409,0.0877679,-0.0797171,-0.00805083
sizegood,9.71055,-0.126505,-0.142096,0.268601
slide,9.71055,-0.0131739,-0.0581544,0.0713284
sliding,9.71055,0.122882,-0.146386,0.0235041
slipping,9.71055,-0.0123538,-0.00416364,0.0165174
sm,9.71055,0.00500701,-0.119507,0.1145
smoothie,9.71055,-0.00755418,-0.240279,0.247834
sofas,9.71055,-0.127741,-0.135362,0.263103
softy,9.71055,-0.167125,0.0947999,0.0723255
somewhere,9.71055,0.0133741,0.172724,-0.186098
sorts,9.71055,-0.000717699,-0.008339,0.0090567
soup,9.71055,0.201646,-0.267867,0.0662216
sow,9.71055,-0.106051,0.144832,-0.0387816
sparkle,9.71055,0.106839,-0.145635,0.0387964
ss,9.71055,-0.0612166,-0.0905558,0.151772
stamp,9.84409,0.0191588,-0.100916,0.0817574
static,9.99824,-0.0568716,-0.0302595,0.0871311
stipulated,9.71055,-0.386906,-0.0453137,0.432219
stove,10.1806,0.0264327,-0.0205858,-0.00584684
strain,9.84409,0.075384,-0.0503092,-0.0250748
string,9.71055,0.0861145,-0.152435,0.0663203
struck,9.71055,0.0293327,0.0455196,-0.0748523
stucked,9.71055,0.162926,-0.128161,-0.0347654
stupid,9.71055,0.132327,-0.0820794,-0.0502477
suck,9.71055,0.0611074,-0.119976,0.0588691
sumsung,9.71055,-0.087765,-0.127442,0.215208
supab,9.71055,-0.134087,-0.131717,0.265803
superrrrrr,9.71055,-0.128552,-0.128098,0.25665
supperb,9.84409,-0.101588,-0.0960032,0.197591
surfaces,9.84409,-0.109074,0.0599489,0.0491255
surprising,9.71055,-0.0920485,-0.0909106,0.182959
technically,9.71055,0.00940125,-0.081232,0.0718308
temprature,9.84409,-0.138353,0.0277371,0.110615
tge,9.84409,-0.0469668,-0.0117217,0.0586885
thali,9.71055,0.0462984,-0.0373146,-0.0089838
thenks,9.71055,-0.110836,-0.120262,0.231098
ths,9.84409,-0.00669465,0.0122761,-0.00558143
ticket,9.71055,-0.109168,0.0869542,0.022214
tie,9.71055,-0.10775,-0.00366518,0.111415
tightly,9.71055,-0.208742,0.146987,0.0617546
tis,9.71055,0.135598,-0.189223,0.0536257
titles,9.84409,-0.00330844,-0.0562082,0.0595166
tooooo,9.71055,-0.0127621,0.0812402,-0.0684781
tore,9.71055,0.0137554,0.0244033,-0.0381586
trap,9.71055,-0.00382125,-0.0773831,0.0812044
trays,9.71055,-0.020464,-0.0984955,0.11896
tremendous,9.71055,-0.0944467,-0.0945427,0.188989
troubleshooting,9.99824,0.182772,-0.126512,-0.0562598
turbo,9.84409,0.117044,-0.133636,0.0165923
tx,9.71055,-0.0923689,-0.1049,0.197269
uniform,9.71055,-0.168798,0.0375018,0.131296
varey,9.99824,-0.00906747,-0.110257,0.119325
vari,9.71055,0.0747928,-0.152166,0.0773736
variation,9.71055,-0.0790674,0.0822582,-0.00319083
velu,9.71055,-0.057013,0.0482635,0.00874948
vere,9.71055,0.101256,-0.163886,0.0626296
vguard,9.71055,-0.0388711,-0.0857701,0.124641
vibes,9.71055,0.136141,-0.0352922,-0.100849
vibrating,9.71055,0.0405394,0.0656907,-0.10623
village,9.71055,-0.0363987,-0.133777,0.170176
visiting,9.71055,0.0950488,-0.0823239,-0.0127249
vlc,9.71055,-0.0576542,0.134215,-0.0765612
vocal,9.84409,-0.0812147,0.104989,-0.023774
vv,9.71055,0.0437401,-0.161896,0.118156
vx,9.71055,-0.0448786,0.115613,-0.070734
waise,9.71055,-0.0782908,0.1093,-0.0310089
wastes,9.84409,0.140188,-0.122862,-0.0173259
watery,9.71055,-0.0829345,0.0848673,-0.0019328
weaste,9.84409,0.19176,-0.0960633,-0.0956963
weightless,9.71055,0.107687,-0.137939,0.0302522
weste,9.71055,0.196766,-0.0988087,-0.0979568
whoever,9.71055,0.0666006,-0.151327,0.084726
winding,9.71055,0.0846791,-0.158891,0.0742114
wonderfully,9.71055,-0.0584785,-0.185486,0.243964
wrapped,9.84409,-0.0939598,0.144746,-0.0507863
wrote,9.71055,-0.143193,0.0724569,0.0707363
xiomi,9.71055,-0.0206628,0.164967,-0.144304
yield,9.71055,0.0615339,-0.106603,0.0450692
younger,9.71055,0.0698711,-0.128961,0.0590898
aap,10.4037,0.0350136,-0.00122036,-0.0337932
abnormal,9.84409,-0.0844881,0.0689519,0.0155362
acc,9.84409,-0.0562097,-0.18916,0.24537
accommodate,9.84409,-0.104419,0.157865,-0.0534462
achi,9.84409,-0.061097,0.0120704,0.0490267
addicted,9.84409,-0.00789269,-0.0309264,0.0388191
advertising,9.84409,0.0281967,0.0606093,-0.088806
aesthetics,9.84409,-0.00587955,-0.0824064,0.088286
afternoon,9.84409,-0.224052,0.170497,0.0535549
aged,9.84409,0.0107264,-0.120207,0.10948
ajay,9.84409,-0.00881945,-0.187206,0.196026
alerts,9.84409,-0.0357916,-0.0173665,0.0531581
anchor,10.1806,0.10088,-0.0502197,-0.0506604
anniversary,9.84409,-0.0276627,-0.0639562,0.091619
answered,9.84409,-0.0220335,-0.149207,0.171241
answering,9.84409,0.143458,-0.154829,0.0113713
antennas,9.99824,0.0938041,-0.00656414,-0.08724
appear,9.84409,0.0938904,-0.114912,0.0210215
applicable,9.84409,-0.0446811,-0.102356,0.147037
aqua,9.99824,0.12925,-0.0874157,-0.0418339
arranging,9.84409,0.0574719,0.00139179,-0.0588637
arrive,9.84409,0.0747104,-0.0932407,0.0185303
asm,9.84409,-0.138507,-0.124822,0.263329
attracts,9.84409,0.0435974,-0.06517,0.0215727
audible,9.84409,0.154429,-0.183997,0.0295679
ausome,9.84409,-0.100227,-0.114364,0.214591
autoclean,9.84409,0.0961452,-0.116754,0.0206091
avail,9.84409,-0.00342721,-0.0428713,0.0462985
avarege,9.84409,0.0994701,-0.00777548,-0.0916946
awasom,9.84409,-0.128491,-0.116238,0.244728
awsom,9.84409,-0.10281,-0.125632,0.228442
bachelor,9.84409,0.0545685,-0.192317,0.137749
backing,9.84409,0.0715053,-0.12554,0.0540347
behave,9.84409,0.0776155,-0.185222,0.107607
bended,9.84409,0.0597215,0.0651506,-0.124872
bery,9.84409,-0.0345883,-0.102828,0.137416
betar,9.84409,0.0443443,0.122772,-0.167117
beverages,9.99824,-0.06581,-0.0353338,0.101144
bild,9.84409,-0.0508693,0.118369,-0.0674997
blow,9.84409,0.0541754,-0.229022,0.174847
blur,9.99824,0.118478,-0.0796207,-0.038857
boards,9.84409,0.174785,-0.210036,0.0352512
bogus,9.84409,0.163021,-0.0670959,-0.095925
bose,10.4037,-0.00147041,-0.0278959,0.0293663
bp,9.84409,0.152752,-0.106486,-0.0462661
brite,9.84409,0.0760294,-0.117808,0.0417788
bubbles,9.84409,0.00613274,0.127362,-0.133495
buffers,10.1806,-0.0706011,-0.0757834,0.146385
bulid,9.84409,0.130469,-0.218854,0.0883845
bur,9.84409,0.208549,-0.267521,0.0589726
bush,9.99824,0.209236,-0.157334,-0.0519019
buzzer,9.84409,-0.058576,0.0905722,-0.0319962
cabin,9.99824,0.077715,-0.132836,0.0551212
cannon,9.84409,-0.0052214,-0.0923619,0.0975833
carbon,9.99824,0.0557806,0.0168172,-0.0725978
cartage,9.84409,0.0928013,-0.0968679,0.00406661
casing,9.84409,-0.191018,-0.0131335,0.204151
catches,9.84409,-0.0762714,-0.0108307,0.0871022
ce,9.84409,-0.171685,0.0966278,0.0750577
cemera,9.84409,0.0585998,-0.151042,0.0924422
chipped,9.84409,0.115347,-0.0701562,-0.0451908
chopped,9.99824,-0.218757,0.186029,0.0327271
cinema,9.84409,0.149789,-0.102846,-0.0469432
claiming,9.84409,0.0785272,0.0421411,-0.120668
cleaners,9.99824,-0.0182447,-0.0520876,0.0703323
clicked,9.84409,-0.0531251,-0.235396,0.288521
clicky,9.84409,-0.0475996,-0.145921,0.193521
climate,9.84409,-0.0490897,0.0543728,-0.00528311
coco,9.99824,-0.16935,0.144593,0.0247571
colette,9.84409,0.166278,-0.181018,0.0147401
commerce,9.84409,0.0896332,-0.0463566,-0.0432766
compartments,9.84409,0.144352,-0.153685,0.00933331
completing,9.84409,0.095719,-0.0782374,-0.0174815
completion,9.84409,0.140587,-0.122237,-0.0183502
component,9.84409,0.116083,-0.111661,-0.00442164
compromised,9.84409,-0.0594128,0.109843,-0.0504304
conducted,9.84409,-0.00156622,-0.0730167,0.0745829
confidence,9.84409,0.0232428,-0.110539,0.0872965
configured,9.84409,-0.036187,-0.101185,0.137372
constraint,9.84409,-0.0452023,-0.0536148,0.0988171
controll,9.84409,0.0321098,-0.0225516,-0.00955824
convention,9.99824,-0.0111599,-0.0249086,0.0360685
conversation,9.84409,0.186895,-0.159039,-0.0278562
cookers,9.84409,-0.0998226,0.0389673,0.0608553
coolar,9.99824,-0.0845644,-0.105688,0.190252
costomer,9.99824,0.0224185,-0.0690099,0.0465914
coustomer,9.84409,0.0297791,-0.0555207,0.0257416
crash,9.84409,0.0539453,-0.0502633,-0.00368194
created,9.84409,-0.114976,0.0307766,0.0841998
crossed,9.84409,-0.0725663,0.106111,-0.033545
cultfit,9.84409,-0.0214495,-0.0372706,0.0587201
cultsports,9.84409,-0.000813286,-0.0742129,0.0750262
cuz,9.99824,0.0959603,-0.0387505,-0.0572098
dabba,9.84409,-0.136961,0.170119,-0.0331579
deadline,9.84409,-0.0224629,-0.0173052,0.0397682
decorations,9.84409,-0.0589895,-0.102247,0.161237
deel,9.84409,-0.0860075,-0.18217,0.268178
delete,9.84409,0.178419,-0.136502,-0.041917
delievered,9.84409,-0.0118811,0.136572,-0.124691
deliverygood,9.84409,-0.0943562,-0.103089,0.197445
demanding,9.84409,0.107419,-0.211073,0.103654
dented,9.84409,0.104804,0.0860562,-0.19086
dependent,9.84409,-0.0617474,-0.0325743,0.0943217
detached,9.84409,0.0122601,0.121797,-0.134057
deteriorated,9.84409,0.306645,-0.148012,-0.158634
developed,9.84409,0.125201,-0.00746817,-0.117733
disable,9.84409,0.0759951,-0.136367,0.0603721
disassemble,9.99824,-0.0852326,-0.0884236,0.173656
dj,9.84409,-0.0560149,0.146693,-0.0906779
dood,9.84409,-0.114648,-0.130131,0.244779
doubtful,9.84409,-0.0344204,-0.105253,0.139673
dout,9.84409,-0.130163,-0.112946,0.24311
dr,9.99824,-0.147553,-0.00994898,0.157502
drained,9.84409,0.122972,-0.00839173,-0.11458
drastically,9.84409,-0.0827929,0.159423,-0.0766305
dries,9.84409,0.153568,-0.222232,0.0686637
dripping,9.84409,0.00380355,0.0289947,-0.0327982
drives,9.84409,-0.176843,-0.00458506,0.181428
dryer,9.84409,0.100568,-0.0458565,-0.0547114
dung,9.99824,0.138501,-0.0593682,-0.0791328
dustbin,9.84409,0.150196,-0.0720947,-0.078101
earthing,10.1806,0.118965,-0.140699,0.021734
easly,9.84409,-0.0792545,-0.00482934,0.0840838
ecart,9.84409,-0.117826,-0.126959,0.244785
ed,9.84409,0.0257992,-0.0606729,0.0348737
elders,9.84409,-0.177954,0.258938,-0.0809844
encountered,9.84409,-0.0496696,-0.15704,0.20671
encourage,9.84409,0.0836311,-0.0702639,-0.0133672
engg,9.84409,0.0912386,-0.00194415,-0.0892945
enhance,9.84409,-0.0356015,0.011807,0.0237945
equipped,9.99824,-0.00616356,0.225507,-0.219344
esay,9.84409,-0.0946259,-0.109822,0.204448
estimate,9.84409,-0.0573428,0.0627004,-0.00535757
ex,9.84409,-0.0787318,-0.120666,0.199398
exceeded,9.84409,0.0368912,-0.142354,0.105463
excilent,9.84409,-0.0878443,-0.116262,0.204106
exclusively,9.84409,-0.00895163,-0.17153,0.180482
extensive,9.84409,-0.018762,-0.134825,0.153587
faith,9.84409,-0.0251587,-0.114405,0.139563
famous,9.84409,-0.0653752,0.168959,-0.103584
feedbacks,9.84409,-0.130602,-0.0933124,0.223915
feeding,9.84409,0.232113,-0.104898,-0.127215
female,9.99824,-0.160452,0.105067,0.0553846
festival,9.99824,-0.023782,-0.038613,0.062395
festive,9.84409,-0.110582,-0.0310521,0.141634
finely,9.84409,0.0661037,-0.00362526,-0.0624785
flifcart,9.84409,0.043574,0.130545,-0.174119
flipcort,9.99824,-0.0124663,-0.0392108,0.0516771
fooled,9.84409,0.0810365,-0.0489462,-0.0320904
foolish,9.84409,0.188062,-0.139887,-0.0481753
fork,9.99824,-0.0591251,-0.0176749,0.0768
frames,9.84409,-0.181413,0.0362811,0.145132
freez,9.99824,-0.0705424,0.00390443,0.0666379
french,9.84409,0.0220626,0.0475276,-0.0695902
fumes,9.84409,0.0935282,-0.0772714,-0.0162568
gained,9.84409,0.0309882,-0.15327,0.122282
gf,9.99824,0.076179,0.0924235,-0.168603
goodness,9.84409,-0.0390017,-0.0726904,0.111692
goos,9.84409,-0.128088,-0.112235,0.240324
grate,9.84409,-0.083969,-0.11711,0.201079
grows,9.84409,-0.357736,0.265481,0.0922557
guided,9.84409,0.0868088,-0.0920079,0.00519908
halwa,9.84409,-0.0298069,0.0328341,-0.00302717
handi,9.84409,0.0168337,0.0356208,-0.0524545
happier,9.84409,-0.0562169,-0.147218,0.203435
happily,9.84409,0.0418711,-0.0825281,0.040657
harder,9.84409,-0.0241881,-0.0446647,0.0688528
hardisk,9.84409,-0.0833424,-0.0668183,0.150161
harm,9.99824,0.0292716,-0.050611,0.0213395
hassles,9.84409,-0.0428489,-0.140033,0.182882
heatup,9.84409,0.0928922,-0.0825468,-0.0103454
helmet,9.84409,-0.161355,-0.0643895,0.225745
hershey,9.84409,-0.0597054,-0.0736982,0.133404
hesitant,9.84409,-0.00275032,-0.147777,0.150527
hiccups,9.84409,-0.0910544,0.0626659,0.0283885
highs,9.84409,-0.0402686,-0.00135704,0.0416257
hostellers,9.84409,-0.0292141,-0.124734,0.153948
hppy,9.84409,-0.116045,-0.118969,0.235014
hpy,9.84409,-0.0719376,-0.0934385,0.165376
hy,9.84409,-0.13874,0.210583,-0.0718426
identify,9.84409,-0.096452,0.0759777,0.0204743
ignored,9.84409,-0.0887869,0.021139,0.067648
inc,9.84409,-0.113558,-0.21779,0.331348
indiclub,9.84409,-0.0246442,-0.0792401,0.103884
indie,9.84409,-0.0455104,-0.175317,0.220828
ing,9.84409,-0.0771968,0.0101792,0.0670176
ingredients,9.84409,0.162799,-0.136651,-0.0261485
inputs,9.84409,-0.12769,0.128926,-0.00123607
inserting,9.99824,-0.0306953,0.0900834,-0.0593881
installment,9.84409,0.143274,-0.20915,0.0658755
insurance,10.1806,-0.13173,0.0756074,0.0561222
integrated,9.84409,-0.00965077,-0.124506,0.134157
intime,9.84409,-0.0982294,-0.070192,0.168421
investing,9.84409,0.00572223,-0.171458,0.165736
involved,9.84409,-0.0411891,-0.0596042,0.100793
jammed,9.84409,-0.0405868,0.115976,-0.0753891
jeevs,9.84409,-0.205047,0.200587,0.00445995
jerk,9.84409,0.0382119,-0.0956254,0.0574135
jest,9.84409,0.067178,0.0371954,-0.104373
jumbo,9.99824,-0.0476568,-0.180291,0.227947
justifies,9.84409,-0.0256853,-0.0134391,0.0391244
kadio,9.84409,-0.0339101,-0.0874781,0.121388
kam,9.84409,0.075384,-0.151977,0.0765933
katori,9.99824,-0.0540344,0.0799973,-0.0259629
kb,9.99824,0.101836,-0.183511,0.0816749
keypad,9.84409,-0.026571,0.0558536,-0.0292826
kill,9.99824,0.107197,-0.0501108,-0.0570864
knead,9.84409,-0.0505328,0.0806671,-0.0301343
knew,9.84409,-0.0684218,-0.0938331,0.162255
krishna,9.84409,-0.0555057,-0.0825444,0.13805
label,9.84409,0.0733256,-0.00178235,-0.0715432
lay,9.84409,-0.0159026,-0.120427,0.13633
leaf,9.84409,-0.0218749,0.13898,-0.117105
leftover,9.84409,-0.057013,-0.0177889,0.0748019
lill,9.84409,-0.159988,-0.0188243,0.178812
lime,9.84409,-0.00169201,-0.00210505,0.00379707
lint,10.1806,0.103884,-0.0842851,-0.0195993
listing,9.84409,0.162153,-0.162778,0.000625474
locks,9.84409,-0.0844997,-0.229753,0.314253
loking,9.84409,-0.0490904,-0.0705012,0.119592
loos,9.84409,0.196591,-0.120907,-0.0756841
lovly,9.84409,-0.0908057,-0.111619,0.202425
lows,9.84409,-0.0203478,-0.0355888,0.0559366
luvd,9.84409,-0.0842022,-0.121801,0.206003
lyk,9.84409,-0.0367144,-0.105519,0.142233
machin,9.84409,-0.0914337,0.0522375,0.0391963
malaysia,9.84409,-0.0136865,-0.0080372,0.0217237
maney,9.84409,0.035537,-0.108099,0.0725618
mango,9.99824,0.127004,-0.0776295,-0.0493742
marvel,9.84409,-0.0568117,-0.111695,0.168507
matiriyal,9.84409,-0.00729038,0.106575,-0.0992842
matrial,9.84409,0.144787,-0.150548,0.00576064
matt,9.84409,0.0306128,-0.0373079,0.0066951
mattress,9.84409,-0.0616074,0.012806,0.0488014
meals,9.84409,-0.0931856,0.0941707,-0.000985063
measurement,9.84409,-0.00856388,-0.122746,0.131309
measures,9.84409,-0.0712752,0.189548,-0.118273
metarial,9.84409,-0.183303,0.0864735,0.0968291
methods,9.84409,-0.115425,0.0527517,0.0626731
microsd,9.99824,-0.0309917,-0.0729317,0.103923
mimo,10.1806,-0.00404274,0.0870048,-0.0829621
miracle,9.84409,-0.0131926,-0.0464051,0.0595976
mistakes,9.84409,0.005736,0.00578926,-0.0115253
monitoring,9.84409,0.0890187,-0.0304379,-0.0585808
morethan,9.99824,0.148965,-0.139585,-0.00938006
morphy,9.99824,0.0513839,-0.0986917,0.0473078
mot,9.84409,0.039508,-0.144269,0.104761
mpbs,9.99824,0.0258199,-0.082182,0.0563621
mudguards,9.99824,0.0649932,-0.0816107,0.0166176
na,9.99824,0.0197861,-0.0679796,0.0481935
nail,9.84409,0.259638,-0.27792,0.0182814
nails,9.84409,0.121303,0.0329374,-0.15424
ne,9.84409,0.102206,-0.109231,0.00702482
neet,9.84409,-0.0839453,0.178005,-0.0940594
neighbours,9.99824,-0.113138,-0.0663131,0.179451
nhi,9.84409,0.272853,-0.157885,-0.114967
niceeee,9.84409,-0.161535,0.138757,0.0227779
niceeeee,9.84409,-0.129905,-0.131902,0.261808
nicegood,9.84409,-0.186047,0.120982,0.0650646
nits,9.84409,0.236161,-0.13895,-0.0972105
niz,9.84409,-0.1262,-0.121973,0.248173
noisey,9.84409,0.0234242,0.0790449,-0.102469
noodles,9.84409,-0.088116,0.0134709,0.0746451
noted,9.84409,0.0297272,0.0751158,-0.104843
noticeable,9.84409,-0.202901,0.0774949,0.125406
ntfs,9.84409,-0.24879,0.261288,-0.0124979
nvme,9.99824,-0.0165114,-0.0626776,0.0791891
nyce,9.84409,-0.13082,-0.148993,0.279813
obsessed,9.84409,-0.0446123,-0.121719,0.166331
occasional,9.84409,-0.0583187,0.306604,-0.248285
odd,9.84409,-0.0824108,0.134959,-0.0525478
odour,9.84409,-0.124107,0.16567,-0.0415632
ofter,9.84409,0.0787628,-0.0778861,-0.000876636
okbut,9.84409,0.0790264,0.0193297,-0.0983561
olive,9.84409,-0.0169692,-0.0403954,0.0573647
onions,9.84409,0.19898,-0.128268,-0.070712
optimization,9.84409,0.178825,-0.231859,0.0530332
oranges,9.84409,-0.033015,-0.0559113,0.0889262
organised,9.84409,-0.0500476,-0.0691864,0.119234
organize,10.1806,0.055822,-0.126285,0.0704633
oriented,9.84409,-0.00332159,-0.0395416,0.0428632
ossom,9.84409,-0.110653,-0.146104,0.256757
otp,10.1806,-0.00459673,-0.0235915,0.0281882
outlook,9.84409,-0.115128,0.173868,-0.0587399
owned,9.99824,-0.139756,-0.0237449,0.163501
owner,9.84409,-0.0320575,-0.0084989,0.0405564
owsom,9.84409,-0.115279,-0.118892,0.234171
paddle,9.84409,0.0663685,-0.0150329,-0.0513357
papers,9.84409,0.158873,-0.204004,0.0451313
partially,9.84409,-0.127362,0.127859,-0.000497319
pd,9.84409,-0.0789098,-0.074831,0.153741
pdf,9.84409,-0.0804557,0.200733,-0.120278
performed,9.84409,-0.0512032,-0.120927,0.17213
pimple,9.84409,-0.0943696,-0.0501103,0.14448
pitcher,9.84409,-0.0773245,0.0925308,-0.0152063
pixels,9.84409,-0.0326478,0.143684,-0.111036
polister,9.84409,0.0703267,0.0450642,-0.115391
portal,9.99824,0.0589988,-0.0805343,0.0215354
portrait,9.84409,-0.167233,-0.0544184,0.221651
powering,9.84409,0.114124,-0.115383,0.00125939
practically,9.84409,0.0262121,-0.172432,0.14622
precise,9.84409,0.0274893,-0.0752263,0.0477369
produ,9.84409,0.0513009,-0.148864,0.0975629
productive,9.84409,-0.170595,0.129647,0.0409484
productmust,9.84409,-0.113972,-0.0993885,0.21336
profit,9.84409,-0.128973,-0.104826,0.2338
programmer,9.84409,-0.0133444,-0.024484,0.0378284
promises,9.84409,-0.164141,0.174447,-0.0103054
protects,9.84409,-0.0957475,-0.104725,0.200473
protein,10.1806,-0.0994023,0.110153,-0.0107508
provision,9.84409,-0.0772767,-0.159259,0.236535
prroduct,9.84409,-0.0742894,-0.133831,0.20812
puncture,9.84409,0.152321,-0.114165,-0.0381555
pune,9.84409,0.0865263,0.00236595,-0.0888922
purchage,9.84409,0.12027,-0.133663,0.0133927
purify,9.84409,-0.00392356,-0.0787509,0.0826744
qaulity,9.84409,0.0742079,-0.157125,0.0829171
quaility,9.84409,-0.0456529,-0.11174,0.157393
quailty,9.84409,-0.0757602,0.0842157,-0.0084555
qualiti,9.84409,0.0644788,-0.158737,0.0942584
qualityand,9.84409,0.0213667,0.0532117,-0.0745784
raj,9.99824,-0.072002,-0.0241023,0.0961044
ranges,9.84409,-0.108825,0.162637,-0.0538119
rc,9.84409,0.212433,-0.30831,0.0958765
reachable,9.84409,0.0775264,-0.0958298,0.0183033
reader,9.84409,-0.0376654,0.115281,-0.0776151
realised,9.99824,0.0685706,-0.0785371,0.00996645
reassemble,9.84409,0.101261,-0.154373,0.053112
reconnect,9.84409,-0.0849906,0.0465803,0.0384103
recorded,9.84409,0.0505027,-0.0222809,-0.0282218
reference,9.84409,-0.0120201,-0.0754311,0.0874512
refurbished,9.84409,0.173874,-0.0886893,-0.0851852
reject,9.84409,0.057704,-0.00719394,-0.0505101
relax,9.84409,-0.144809,-0.0911816,0.23599
repeating,9.84409,0.301259,-0.392739,0.09148
resistance,9.84409,0.0416399,-0.0168445,-0.0247954
retailer,9.84409,0.134484,-0.0186496,-0.115835
rhino,9.99824,0.00260173,-0.044463,0.0418613
rotor,9.84409,-0.0959583,-0.0112681,0.107226
runner,10.1806,-0.0476899,-0.0410232,0.0887131
rush,9.84409,-0.181589,0.25587,-0.0742803
sadly,9.84409,0.117603,-0.22164,0.104037
sample,9.84409,0.0580326,-0.259458,0.201426
saplings,9.99824,0.0440414,-0.0911146,0.0470732
saport,9.99824,-0.0767899,0.10616,-0.0293702
satellite,10.1806,-0.0269234,0.0112619,0.0156614
scenario,9.84409,0.123115,-0.087065,-0.0360502
screens,9.84409,-0.0494529,0.0741899,-0.024737
seasons,9.84409,0.0229482,-0.187825,0.164877
seedling,9.99824,0.2114,-0.234256,0.0228556
selecting,9.84409,-0.0337603,-0.0217992,0.0555595
selfie,9.84409,-0.111893,-0.0506461,0.162539
sells,9.84409,0.0639815,-0.0616814,-0.00230005
seperate,9.84409,-0.0667485,-0.112922,0.179671
serials,9.84409,0.136185,-0.220639,0.0844536
shell,9.84409,0.0977835,-0.00328652,-0.094497
shifted,9.84409,-0.0984147,-0.0547822,0.153197
shocking,9.84409,-0.0900652,0.00661062,0.0834546
shooting,9.84409,0.0194424,-0.0901078,0.0706654
shout,9.84409,0.123969,-0.0215365,-0.102432
significant,9.84409,-0.114318,-0.0758184,0.190136
simpler,9.84409,-0.028139,-0.0636366,0.0917756
smalll,9.84409,0.0248014,0.0171522,-0.0419536
smartly,9.84409,-0.0549727,0.000131987,0.0548407
sober,9.84409,-0.05061,-0.123173,0.173783
softly,9.84409,-0.124117,-0.119997,0.244115
somebody,9.84409,-0.0401127,0.0406682,-0.000555566
spares,9.99824,-0.0568454,0.0658697,-0.00902423
speaks,9.84409,-0.0608917,-0.119156,0.180048
split,9.84409,-0.193559,0.20064,-0.00708077
sporty,9.84409,-0.0910368,-0.229136,0.320172
spring,9.84409,-0.0110622,0.0273989,-0.0163367
sprouted,9.84409,-0.0233292,-0.127035,0.150364
stopper,9.84409,-0.163034,0.207665,-0.0446306
stretching,9.99824,-0.0475943,0.105859,-0.0582645
struggling,9.84409,0.033085,-0.10188,0.0687952
su,9.84409,0.0558246,-0.146227,0.0904021
subtle,9.84409,0.170351,-0.145114,-0.0252367
sufficiently,9.99824,-0.029905,-0.0949287,0.124834
summary,9.84409,-0.0510767,0.0436362,0.00744049
supeb,9.84409,-0.128437,-0.120227,0.248663
tampered,9.84409,0.084383,0.0369902,-0.121373
tanks,9.84409,-0.0712558,-0.115524,0.186779
teams,9.84409,-0.114536,0.0489995,0.0655369
tearing,9.84409,0.0372368,0.0718815,-0.109118
teeth,9.84409,0.112759,-0.065531,-0.0472276
tether,9.99824,-0.00179101,-0.0486475,0.0504385
text,9.84409,0.194644,-0.275539,0.0808953
thay,9.99824,0.102979,-0.0729377,-0.0300408
theme,9.99824,-0.125705,0.041252,0.0844531
thereafter,9.84409,0.0308371,-0.0161572,-0.0146799
thermo,9.84409,-0.0233633,-0.105553,0.128917
thermostat,9.84409,-0.0285039,0.0867906,-0.0582867
thia,9.84409,-0.0513026,0.0454698,0.00583278
thigh,9.84409,-0.185826,0.0834245,0.102402
thn,9.84409,0.139762,-0.0423195,-0.097443
thrilled,9.84409,-0.0192123,-0.136821,0.156034
throws,9.84409,-0.163295,0.123222,0.0400732
thumb,9.84409,-0.0481126,-0.0153845,0.0634971
thumping,9.84409,-0.0624615,-0.0599654,0.122427
tik,10.4037,0.00510384,0.0459961,-0.0510999
tl,10.1806,-0.00239276,-0.0132575,0.0156503
tomatoes,9.84409,0.0928496,-0.143924,0.0510743
ton,9.84409,0.00136378,-0.0694091,0.0680453
transition,9.99824,-0.0199113,-0.166754,0.186665
transmission,9.84409,0.210001,-0.246106,0.0361051
tri,10.1806,0.0923044,-0.0875159,-0.0047885
trips,9.84409,0.018376,-0.0775777,0.0592017
troubles,9.84409,0.0511305,-0.0318563,-0.0192742
truth,9.84409,0.166097,-0.101232,-0.064865
ts,9.99824,0.11009,-0.183726,0.0736359
unavailable,9.84409,-0.255132,0.0215945,0.233538
unbreakable,9.84409,0.0173795,-0.157195,0.139816
uncle,9.99824,-0.0269192,-0.0611459,0.0880651
unknown,9.84409,0.000215592,-0.0467578,0.0465422
unlock,9.84409,-0.0254139,-0.0237682,0.0491821
unprofessional,9.84409,0.129934,-0.133489,0.00355495
upcoming,9.84409,-0.00415807,-0.142267,0.146425
uploaded,9.84409,-0.0722566,0.0200396,0.0522169
upright,9.84409,0.0185303,-0.0344826,0.0159523
urad,9.99824,-0.0453697,0.0547125,-0.00934279
ventilated,9.84409,0.0601128,-0.315023,0.25491
verest,9.84409,0.202996,-0.106088,-0.0969075
verne,9.84409,0.194402,-0.280951,0.0865495
veryyy,9.84409,-0.0915567,-0.0428182,0.134375
vice,9.84409,0.268061,-0.262317,-0.00574406
viewed,9.84409,-0.0256227,0.0403368,-0.0147141
viry,9.84409,-0.0564971,-0.129154,0.185651
vishal,9.84409,0.17706,-0.111367,-0.0656928
vrey,9.84409,-0.089717,-0.119128,0.208845
vwry,9.99824,0.0515112,-0.0258949,-0.0256164
wan,9.99824,0.0742011,-0.0344895,-0.0397115
wao,9.84409,-0.10672,-0.115096,0.221816
waters,9.99824,-0.157031,0.121995,0.0350366
weren,9.84409,-0.062229,0.106348,-0.0441186
wheather,9.84409,0.230642,-0.405126,0.174484
wings,9.84409,0.0330474,0.00904752,-0.0420949
wishmaster,9.84409,0.0191135,-0.0949728,0.0758592
withing,9.84409,-0.0334981,0.0863405,-0.0528424
wobbly,9.99824,-0.0265425,-0.124077,0.15062
wool,9.84409,-0.021459,0.186245,-0.164786
wort,9.84409,-0.284906,0.0849859,0.19992
woth,9.84409,-0.0105076,-0.132185,0.142692
young,9.84409,0.0416328,0.00420338,-0.0458362
zigzag,9.84409,-0.171253,0.0723344,0.0989188
zips,9.84409,-0.0358862,-0.228791,0.264677
zolt,10.1806,-0.258252,0.186184,0.0720679
absent,9.99824,-0.202602,0.137958,0.0646432
absorbing,9.99824,-0.0919669,-0.0820978,0.174065
absorption,9.99824,-0.0430952,-0.0824771,0.125572
accepting,9.99824,0.169595,-0.121323,-0.0482715
accessible,9.99824,0.00371905,-0.17631,0.172591
accumulate,9.99824,-0.0234647,-0.228115,0.25158
achcha,9.99824,-0.0824299,-0.109639,0.192069
acts,9.99824,-0.0452922,0.0133851,0.0319071
adjustments,9.99824,-0.0758878,-0.0503555,0.126243
adults,10.1806,0.182905,-0.11164,-0.0712651
aesthetic,9.99824,-0.0113137,-0.244638,0.255952
afterwards,9.99824,-0.0672852,-0.0612566,0.128542
ahe,9.99824,0.0276933,-0.155575,0.127882
aishwarya,10.1806,-0.000468626,-0.00217845,0.00264708
alpha,9.99824,-0.0246567,-0.149769,0.174426
amaze,9.99824,-0.089525,-0.0939116,0.183437
ambient,10.1806,-0.024861,0.111809,-0.0869477
ameging,9.99824,-0.11399,-0.124384,0.238374
amp,10.1806,-0.168621,-0.0377658,0.206387
amps,9.99824,-0.00239369,-0.0806451,0.0830388
ang,9.99824,0.0632864,0.0173092,-0.0805955
angel,9.99824,-0.0847021,0.0872701,-0.00256806
approved,9.99824,0.103008,-0.0673172,-0.0356911
aquagrand,9.99824,0.204321,-0.159997,-0.0443237
arpit,9.99824,-0.0133599,-0.00727923,0.0206392
arround,9.99824,0.179082,-0.182602,0.00351991
asks,9.99824,0.0266068,0.159667,-0.186274
assume,9.99824,0.0337382,-0.210433,0.176695
atmosphere,9.99824,-0.148372,-0.0739684,0.222341
attending,9.99824,0.0463661,0.0473265,-0.0936926
attention,9.99824,-0.0280756,0.140666,-0.11259
authorized,9.99824,0.103984,-0.12748,0.0234968
autocut,9.99824,0.272275,-0.225407,-0.0468684
avrage,9.99824,0.0875777,0.0813434,-0.168921
awesomedisplay,9.99824,-0.00255107,-0.116794,0.119346
bade,9.99824,0.0781655,0.0592007,-0.137366
balancing,9.99824,0.0226544,-0.045552,0.0228976
bamboo,9.99824,0.182044,0.0703695,-0.252414
bangles,9.99824,-0.034046,-0.126306,0.160352
bargain,9.99824,-0.0152071,-0.160704,0.175912
basement,9.99824,0.102167,-0.182504,0.080337
bathing,9.99824,-0.0707197,-0.0749758,0.145696
batry,10.1806,0.156756,-0.160763,0.00400737
bb,9.99824,-0.313336,-0.0753098,0.388646
bcs,9.99824,-0.0888615,0.0640827,0.0247787
bd,9.99824,0.137833,-0.00380999,-0.134023
bearable,9.99824,-0.0949415,0.185653,-0.0907117
bedrooms,10.1806,-0.00581074,-0.170563,0.176374
benifit,9.99824,0.0265407,-0.0242002,-0.00234049
bettry,9.99824,0.169495,-0.256737,0.0872415
bhi,9.99824,-0.0667305,-0.0246893,0.0914199
biscuits,9.99824,0.102533,-0.062779,-0.0397541
biy,9.99824,0.0570891,-0.0144461,-0.0426429
blank,9.99824,0.163608,-0.253179,0.0895709
blankets,9.99824,0.171255,-0.230007,0.0587516
blasted,10.1806,0.121411,-0.108649,-0.0127621
blown,9.99824,-0.060286,0.0281188,0.0321672
blows,9.99824,-0.0215015,-0.0685891,0.0900905
blurred,9.99824,-0.0477789,-0.0480532,0.0958321
bombay,9.99824,-0.015577,-0.109986,0.125563
boon,9.99824,-0.000738431,-0.0939346,0.094673
bouncing,9.99824,-0.130684,0.0948881,0.0357955
bowels,9.99824,-0.00292453,-0.00855114,0.0114757
braided,10.1806,-0.0353534,-0.210831,0.246184
breads,9.99824,-0.131842,-0.0664601,0.198302
brighten,9.99824,0.0565433,-0.0799952,0.0234519
brilliantly,9.99824,-0.09464,0.000134834,0.0945051
bringing,9.99824,-0.000782541,-0.00358496,0.0043675
broad,9.99824,-0.0225357,0.0919829,-0.0694472
budjet,9.99824,-0.00540263,-0.0748601,0.0802628
caller,9.99824,-0.0964964,0.187699,-0.0912023
cancellation,9.99824,0.130009,-0.0621215,-0.0678879
castor,9.99824,-0.0294511,-0.0329368,0.0623879
catalogue,9.99824,-0.0707182,-0.148098,0.218816
cc,9.99824,-0.0600369,-0.00313303,0.06317
celebration,9.99824,-0.0819201,0.1228,-0.0408797
chairs,9.99824,0.0706603,-0.159923,0.0892626
changer,9.99824,0.0320387,-0.101251,0.0692121
cheeter,9.99824,0.296193,-0.150224,-0.145969
chimneys,9.99824,0.197049,-0.249315,0.0522662
chop,9.99824,0.173407,-0.104012,-0.0693953
christmas,10.1806,0.200476,-0.248703,0.0482274
chutneys,9.99824,-0.105676,-0.312779,0.418456
circle,10.1806,-0.0594015,0.0774643,-0.0180628
circles,9.99824,-0.113095,-0.127782,0.240877
clearance,9.99824,0.101797,-0.0940248,-0.0077722
clicks,9.99824,-0.0159633,0.0528397,-0.0368764
closely,9.99824,-0.181987,0.089238,0.0927493
cocopeat,10.1806,-0.108577,0.182181,-0.0736044
collapsed,9.99824,0.0527508,0.040127,-0.0928777
colorful,9.99824,-0.183405,0.0854429,0.0979616
combined,9.99824,-0.0395593,-0.108348,0.147907
commercial,9.99824,-0.346659,0.175684,0.170975
compares,9.99824,0.113202,-0.175104,0.0619021
compatibility,10.1806,-0.0156615,0.213994,-0.198333
complex,9.99824,-0.0333963,-0.0742189,0.107615
complimentary,9.99824,-0.00123923,-0.0387805,0.0400198
confuse,9.99824,-0.0747826,-0.0465405,0.121323
considerable,9.99824,0.0515176,-0.136005,0.0844878
consideration,9.99824,-0.0148338,0.0940259,-0.0791921
contained,9.99824,-0.07532,0.0997456,-0.0244256
converted,9.99824,-0.0160378,-0.190167,0.206205
cookbook,9.99824,-0.00628928,-0.0242054,0.0304947
counter,9.99824,-0.034979,-0.0927082,0.127687
cozy,9.99824,-0.0499683,-0.124612,0.17458
crying,9.99824,-0.132262,0.147578,-0.0153157
cupboard,9.99824,-0.053267,-0.109444,0.162711
cyphus,9.99824,0.0850492,-0.154717,0.0696679
dam,9.99824,-0.0698757,-0.140896,0.210772
dancing,9.99824,0.0490313,-0.0671335,0.0181022
darker,9.99824,-0.0434053,0.095013,-0.0516078
darkness,9.99824,-0.142283,0.146663,-0.00438004
dates,10.1806,0.101868,-0.0604486,-0.0414194
daylight,9.99824,0.00751702,-0.0823958,0.0748787
dc,9.99824,-0.0528041,-0.0197107,0.0725149
de,9.99824,0.0209552,0.0256766,-0.0466318
decently,9.99824,-0.00229347,-0.113473,0.115766
define,9.99824,-0.035143,-0.110218,0.145361
delight,9.99824,-0.0122826,-0.134496,0.146778
density,9.99824,0.107091,-0.210529,0.103437
dependable,9.99824,-0.144495,-0.0875694,0.232065
dey,10.1806,-0.224037,-0.0358358,0.259873
dialogues,10.1806,-0.0105361,0.0490724,-0.0385363
dilevary,10.1806,-0.0607421,0.0230069,0.0377352
dilever,9.99824,-0.197878,0.184094,0.0137845
dilvery,9.99824,-0.0193695,-0.0757481,0.0951177
dinning,9.99824,-0.152089,0.134178,0.0179107
discharged,10.1806,0.093234,-0.0931195,-0.000114533
discharging,9.99824,0.250876,-0.237886,-0.0129903
disconnects,9.99824,0.152081,-0.0112155,-0.140866
dishwashing,9.99824,-0.00428443,0.139481,-0.135197
dismantling,9.99824,0.132648,-0.062364,-0.0702844
dispenser,9.99824,0.0760493,-0.162631,0.0865816
divice,10.4037,0.070714,-0.0572171,-0.0134969
dog,9.99824,0.227539,-0.0680236,-0.159515
dots,9.99824,0.110862,-0.226018,0.115156
downloaded,9.99824,0.0806461,0.081582,-0.162228
downward,9.99824,-0.09085,0.103462,-0.0126122
drier,10.1806,-0.0984819,0.0641317,0.0343502
ds,9.99824,-0.0963869,-0.121928,0.218315
dts,9.99824,-0.0708108,-0.12603,0.196841
ear,9.99824,-0.126016,0.082818,0.0431979
earphone,9.99824,-0.00118616,-0.0467991,0.0479853
ecommerce,9.99824,0.0743505,-0.0514109,-0.0229396
eight,9.99824,-0.148273,0.163663,-0.0153897
elasticity,9.99824,0.114564,-0.0780055,-0.0365587
emergency,9.99824,0.205419,-0.120736,-0.0846829
enhanced,9.99824,-0.0354516,-0.0446635,0.0801151
enjoyable,9.99824,-0.0592451,-0.1143,0.173545
entirely,9.99824,0.218729,-0.179024,-0.039705
entrance,9.99824,-0.00954464,0.140324,-0.13078
epic,9.99824,-0.0872784,0.144857,-0.0575786
erase,10.4037,-0.104839,0.146111,-0.0412713
ergonomic,9.99824,0.0388733,-0.130757,0.0918836
errors,9.99824,0.127225,-0.136601,0.00937548
escape,9.99824,-0.0642458,-0.1725,0.236746
eventually,9.99824,0.121451,0.0529281,-0.174379
excel,9.99824,0.0204691,0.0937777,-0.114247
exchanging,9.99824,-0.00838844,0.0660403,-0.0576518
excillent,9.99824,-0.190709,-0.0630421,0.253751
excitement,9.99824,-0.0771745,0.178425,-0.101251
exillent,9.99824,-0.132132,-0.130279,0.262411
expense,9.99824,-0.0946557,-0.0379005,0.132556
experiance,9.99824,0.0425698,-0.103244,0.0606741
experince,9.99824,-0.0195913,0.0250042,-0.00541294
extraction,9.99824,0.0257109,-0.0849804,0.0592695
fablous,9.99824,-0.100549,0.126676,-0.026127
fallen,9.99824,0.023211,-0.134814,0.111603
fashionable,9.99824,0.098965,-0.189527,0.0905618
fastness,9.99824,-0.166644,0.0114641,0.15518
fc,9.99824,0.0445455,-0.0958387,0.0512932
feather,9.99824,0.0717024,-0.0812792,0.0095768
fee,9.99824,0.122687,-0.235774,0.113088
field,10.1806,0.0724993,-0.0578364,-0.0146629
fifth,9.99824,-0.120343,-0.190661,0.311004
fifty,10.1806,-0.0150039,0.0586792,-0.0436754
filtered,9.99824,-0.0689358,-0.101756,0.170692
fist,9.99824,0.027462,-0.108263,0.0808006
fl,9.99824,-0.0115208,-0.0661121,0.0776329
flasks,9.99824,-0.0300942,-0.0981567,0.128251
flew,10.4037,0.0528094,-0.0487316,-0.00407782
flickering,9.99824,0.0718903,-0.0297251,-0.0421652
flipkert,9.99824,0.0709045,-0.18216,0.111256
flippy,9.99824,-0.0170184,-0.0843948,0.101413
fluctuation,9.99824,-0.200323,0.192393,0.0079303
fluctuations,9.99824,0.116534,-0.146994,0.0304606
fogg,9.99824,-0.0896053,-0.0878004,0.177406
fone,9.99824,0.025884,-0.165565,0.139681
foods,9.99824,0.0420558,-0.0455434,0.00348758
footwear,9.99824,0.0746236,-0.135352,0.0607284
formatting,9.99824,-0.00597499,-0.127083,0.133058
formed,9.99824,0.071081,-0.0538179,-0.0172631
fp,9.99824,-0.123425,0.103124,0.0203009
fragnance,10.1806,0.0586883,-0.0524536,-0.0062347
freezing,9.99824,0.267056,-0.173187,-0.0938689
frnds,9.99824,0.0746646,-0.0564925,-0.0181722
frozen,9.99824,-0.0972582,0.119743,-0.0224844
fulfil,9.99824,-0.0584209,-0.168654,0.227075
fulfills,9.99824,-0.00744463,-0.0261089,0.0335536
fulfils,9.99824,-0.0960116,-0.12714,0.223152
fungus,9.99824,-0.0192945,0.132234,-0.112939
funny,9.99824,0.0125697,-0.176689,0.164119
futuristic,9.99824,-0.0829989,-0.131867,0.214866
garments,9.99824,0.0317632,-0.148033,0.116269
gate,9.99824,-0.148154,0.149179,-0.00102533
ghatiya,9.99824,0.219959,-0.114048,-0.105911
giant,9.99824,-0.142154,-0.135926,0.278079
glen,10.1806,-0.007534,0.0357206,-0.0281866
glory,9.99824,-0.119853,0.071606,0.0482475
goals,9.99824,-0.00108393,-0.00242073,0.00350466
goodthank,9.99824,-0.00724802,0.0666965,-0.0594484
goooooood,9.99824,-0.129953,-0.123246,0.253199
grills,9.99824,-0.170743,0.16123,0.00951272
groom,9.99824,-0.0580671,-0.100424,0.158492
guest,9.99824,0.0210052,-0.00339739,-0.0176078
guidelines,9.99824,-0.0308624,0.219989,-0.189127
hairoil,9.99824,-0.0908787,-0.116005,0.206884
hammer,9.99824,-0.0873751,0.161257,-0.0738822
hardcore,9.99824,-0.155139,0.0269851,0.128154
havent,9.99824,-0.0776034,0.0546557,0.0229476
hectic,9.99824,-0.0544755,0.0780977,-0.0236222
helpline,9.99824,0.0282837,-0.0957436,0.0674599
het,9.99824,0.183009,-0.149125,-0.0338842
hillgrove,10.1806,-0.0121516,-0.0428198,0.0549714
hip,9.99824,-0.165703,0.163011,0.00269164
hiting,9.99824,-0.180375,-0.121895,0.302269
homely,9.99824,-0.0631241,-0.123889,0.187013
hooks,9.99824,-0.0445931,0.0163921,0.028201
hotness,9.99824,-0.0916809,0.147442,-0.0557616
hotter,9.99824,-0.13784,0.182084,-0.0442432
houses,9.99824,-0.0936514,0.0729877,0.0206637
hurts,9.99824,-0.054805,0.148433,-0.0936276
hybrid,9.99824,0.157895,0.0333339,-0.191229
hydration,9.99824,0.0599175,-0.240504,0.180587
idol,9.99824,0.0406792,-0.153014,0.112334
ill,9.99824,0.0617017,0.0484633,-0.110165
incase,9.99824,-0.167611,0.107969,0.0596417
incorrect,9.99824,-0.0111357,0.0889142,-0.0777785
indicate,9.99824,-0.054151,-0.173068,0.227219
informative,9.99824,-0.00802365,-0.113456,0.121479
initiative,9.99824,-0.00815505,-0.0401965,0.0483516
inox,9.99824,-0.407668,0.281603,0.126065
intelligence,9.99824,-0.0110271,-0.269517,0.280544
intelligent,9.99824,-0.159587,0.0730492,0.0865374
international,9.99824,0.0943716,-0.0975269,0.00315524
invertor,10.1806,0.0969706,-0.149609,0.0526382
invested,9.99824,-0.0478565,0.151492,-0.103636
ir,9.99824,0.0444258,-0.0299319,-0.014494
irrespective,9.99824,0.0187574,0.120395,-0.139153
irritate,9.99824,0.00338739,-0.162856,0.159468
irritation,9.99824,0.0281274,-0.120696,0.0925685
ise,9.99824,0.106461,-0.0604504,-0.0460111
isi,9.99824,-0.112707,0.133025,-0.0203184
isnt,10.1806,-0.060163,0.0819376,-0.0217746
itching,9.99824,0.110419,-0.0097464,-0.100673
itchy,9.99824,-0.00398629,-0.0783186,0.0823049
itom,9.99824,0.0192233,-0.0954313,0.076208
jabardast,9.99824,-0.0695957,-0.109949,0.179545
jast,9.99824,-0.0861774,0.0780972,0.00808014
jet,9.99824,0.101717,-0.0396118,-0.0621054
jucier,9.99824,-0.050119,-0.10429,0.154409
jug,9.99824,-0.246224,0.274043,-0.0278186
juicy,9.99824,-0.32883,0.126987,0.201843
juz,9.99824,-0.00611025,-0.030223,0.0363332
kar,10.1806,0.00743723,-0.107528,0.100091
keycaps,10.4037,-0.017734,0.0112026,0.00653134
kitchens,9.99824,-0.00326267,-0.107758,0.111021
kneader,9.99824,0.202174,-0.233365,0.0311911
laser,9.99824,0.177506,-0.108348,-0.069158
latency,10.1806,-0.0468516,-0.107124,0.153976
lather,9.99824,0.141579,-0.150503,0.00892354
launching,9.99824,-0.198704,0.117731,0.0809727
learned,9.99824,-0.00873044,-0.0365497,0.0452801
learner,9.99824,-0.0728409,0.177534,-0.104693
lemon,9.99824,-0.113215,-0.119896,0.233111
leptop,9.99824,-0.0284015,-0.235131,0.263533
lie,9.99824,0.0562276,0.040145,-0.0963726
lightening,9.99824,-0.0112893,-0.0499267,0.061216
lining,9.99824,0.0752989,-0.0540617,-0.0212372
listened,9.99824,-0.0511054,-0.0994341,0.15054
locally,9.99824,-0.00335294,-0.104914,0.108267
longevity,9.99824,-0.163149,-0.0341767,0.197326
loosely,9.99824,-0.0284305,0.0600432,-0.0316127
losses,9.99824,-0.152048,0.166154,-0.0141062
lovedit,9.99824,-0.0893424,-0.101198,0.19054
luxury,9.99824,-0.0787575,-0.100364,0.179122
mad,9.99824,0.0166929,-0.110606,0.0939135
marigold,9.99824,-0.026662,0.116634,-0.0899723
mashallah,9.99824,-0.0665897,-0.104301,0.170891
masterpiece,9.99824,-0.0395915,-0.0459606,0.0855521
mate,9.99824,-0.21983,0.125471,0.0943583
md,10.1806,-0.0571559,-0.0610241,0.11818
meanwhile,9.99824,-0.293712,0.252049,0.0416632
measuring,9.99824,-0.00109248,-0.0866455,0.087738
meat,10.1806,-0.00435716,-0.0156233,0.0199805
mediocre,9.99824,-0.00433452,-0.0881778,0.0925123
megha,10.1806,-0.0315011,-0.0860182,0.117519
melts,9.99824,0.0189848,-0.0267377,0.00775286
menus,9.99824,0.0143468,-0.0994906,0.0851438
metirial,9.99824,0.0828046,-0.156433,0.0736287
mh,9.99824,-0.0122829,-0.101798,0.114081
microfibre,9.99824,-0.0118746,0.0179031,-0.00602852
mila,9.99824,-0.053316,-0.0982051,0.151521
mink,9.99824,0.138662,-0.147373,0.00871141
mints,9.99824,-0.0121088,0.0707399,-0.0586311
mnts,9.99824,-0.0142847,-0.00317971,0.0174644
mo,9.99824,-0.0150336,0.0914908,-0.0764572
moisturize,9.99824,-0.102646,0.170401,-0.0677548
moisturizing,9.99824,0.0783786,-0.112062,0.0336831
moneybest,9.99824,-0.019123,-0.0894286,0.108552
moneydon,9.99824,0.078375,-0.00995153,-0.0684235
moneygood,9.99824,-0.103098,0.134317,-0.0312195
moneyvery,9.99824,-0.0036346,-0.0934749,0.0971095
mood,9.99824,-0.00752021,-0.129685,0.137205
mosambi,9.99824,0.162122,-0.0925624,-0.0695593
motions,9.99824,-0.0502722,-0.0105501,0.0608223
moved,9.99824,-0.0465398,-0.0434735,0.0900133
msg,9.99824,0.100195,-0.0367294,-0.063466
municipal,9.99824,-0.00281326,-0.00237582,0.00518908
municipality,10.1806,-0.00342154,-0.0339526,0.0373741
myth,9.99824,-0.127499,-0.0657238,0.193223
nais,9.99824,-0.177578,0.123369,0.0542092
native,9.99824,-0.010494,-0.0166746,0.0271685
navigation,9.99824,-0.0365404,0.051237,-0.0146965
ncy,10.1806,-0.160584,0.114363,0.0462211
negatives,9.99824,-0.0185761,-0.0869848,0.105561
negetive,9.99824,-0.211343,-0.133436,0.344779
networks,9.99824,0.239436,-0.090163,-0.149273
niceproduct,9.99824,-0.134125,-0.13329,0.267415
njoying,10.4037,-0.00106123,-0.00342239,0.00448362
nominal,9.99824,-0.0355414,-0.0922715,0.127813
north,9.99824,0.0443449,-0.127838,0.0834935
noticing,9.99824,-0.0494488,0.140426,-0.0909773
nowhere,9.99824,0.224869,-0.239562,0.0146925
occupy,9.99824,-0.0118192,-0.0804437,0.0922629
omnitech,10.4037,-0.000357366,-0.00081155,0.00116892
onefitplus,9.99824,-0.00162675,-0.0394546,0.0410813
oneplus,9.99824,0.0236395,-0.0761886,0.0525491
onida,10.1806,-0.14514,-0.0155554,0.160695
opaque,9.99824,-0.0476245,-0.18733,0.234955
openion,9.99824,-0.000748383,-0.0526854,0.0534337
operates,9.99824,-0.0180831,0.0209623,-0.00287921
operative,9.99824,-0.0840956,-0.0411032,0.125199
optional,9.99824,-0.0101747,-0.11957,0.129744
orderd,9.99824,-0.0491184,1.19138e-05,0.0491065
orient,9.99824,-0.0730572,0.121147,-0.0480897
orignal,9.99824,0.113719,-0.137081,0.0233626
oswm,9.99824,-0.115256,-0.137502,0.252759
outlets,9.99824,-0.0293083,-0.13061,0.159919
overal,9.99824,-0.0797946,-0.136539,0.216334
overally,9.99824,-0.0724411,0.0897449,-0.0173038
packageing,9.99824,-0.163117,0.0577772,0.10534
packings,9.99824,-0.0612707,-0.102545,0.163815
painted,9.99824,-0.0153862,-0.0518153,0.0672015
paise,9.99824,-0.0464523,-0.0450535,0.0915058
pakage,9.99824,-0.0189863,-0.0337943,0.0527806
partly,10.1806,0.0359197,-0.027143,-0.00877674
passes,9.99824,-0.092022,-0.1941,0.286122
pavilion,9.99824,-0.0108861,0.0632861,-0.0524
pedal,10.1806,0.0626212,-0.0736284,0.0110072
pedals,9.99824,-0.0290299,-0.000811763,0.0298416
performence,9.99824,-0.0601238,-0.120308,0.180432
performer,9.99824,-0.161627,-0.0139502,0.175577
personality,9.99824,-0.0377605,-0.107214,0.144975
players,9.99824,-0.0111923,-0.19372,0.204912
pleasing,9.99824,-0.00826498,0.0543921,-0.0461272
plywood,9.99824,-0.0779738,0.137787,-0.0598127
pointed,9.99824,-0.0486783,-0.0855537,0.134232
pooor,9.99824,0.195613,-0.108605,-0.0870079
pop,10.1806,-0.0111286,-0.0369014,0.0480299
porduct,9.99824,0.0109855,-0.192006,0.18102
portability,9.99824,-0.00697673,-0.0365725,0.0435493
portronics,9.99824,0.144491,-0.0946146,-0.0498762
posture,10.4037,-0.000325857,0.00168638,-0.00136053
poured,9.99824,0.106516,-0.0695295,-0.0369862
powerhouse,9.99824,-0.000842129,-0.00242746,0.00326958
prodak,9.99824,-0.115754,0.112617,0.0031368
prodakt,9.99824,-0.0528585,-0.117962,0.17082
prodet,10.1806,-0.0685731,-0.112858,0.181431
produck,9.99824,-0.0759867,-0.130593,0.20658
productquality,9.99824,-0.0293389,-0.109695,0.139034
productworth,9.99824,-0.0887158,-0.112002,0.200718
projects,9.99824,0.178181,-0.23501,0.0568298
protector,10.4037,-0.0271386,-0.0383361,0.0654746
pulse,9.99824,0.139833,-0.145775,0.00594251
punch,9.99824,-0.00845151,0.0673155,-0.058864
punctual,9.99824,-0.0835411,-0.0292835,0.112825
python,9.99824,0.121326,-0.0393047,-0.082021
qr,9.99824,-0.118862,0.210485,-0.0916228
qualitative,9.99824,-0.0829306,-0.0796222,0.162553
qualitydon,9.99824,0.0724918,0.0215651,-0.0940569
qualitygood,9.99824,-0.331867,-0.047852,0.379719
quantities,9.99824,-0.308582,0.270569,0.0380124
quelity,10.1806,-0.0413822,0.0697872,-0.028405
quietly,9.99824,0.233794,-0.18215,-0.0516444
rat,10.1806,0.082319,-0.0750841,-0.00723493
receipt,9.99824,0.0566488,-0.119635,0.0629867
recharging,10.1806,-0.00904188,0.0207424,-0.0117005
recive,9.99824,0.189497,-0.126161,-0.0633366
recognise,10.1806,-0.00706896,-0.0544949,0.0615639
recommends,9.99824,-0.190818,-0.103125,0.293943
rectify,9.99824,0.00675947,-0.0179307,0.0111712
reduction,9.99824,0.0674847,-0.106799,0.0393142
refunded,9.99824,0.0884424,-0.0193719,-0.0690705
regal,9.99824,-0.0216882,-0.00159216,0.0232804
regional,9.99824,-0.0709298,-0.147223,0.218153
remarks,10.1806,0.0552993,-0.145065,0.0897661
reminder,9.99824,0.13927,-0.17819,0.0389206
reminds,9.99824,-0.00481864,0.108876,-0.104057
replied,9.99824,0.000827297,-0.00678689,0.0059596
residence,9.99824,-0.0850706,0.0653948,0.0196758
residue,9.99824,0.157918,-0.195733,0.0378151
resolving,9.99824,-0.00175699,-0.0259442,0.0277012
restarted,9.99824,-0.0702235,0.0673481,0.0028754
restricted,9.99824,0.0617963,-0.0496543,-0.012142
retailnet,9.99824,-0.00890929,0.118683,-0.109773
reviewers,9.99824,-0.0172672,-0.10515,0.122417
revital,10.1806,-0.0493866,-0.0744842,0.123871
rider,9.99824,-0.0055956,-0.082203,0.0877986
roads,9.99824,0.000151063,-0.054433,0.054282
rocket,9.99824,-0.0442494,-0.0741893,0.118439
rode,9.99824,-0.206249,0.0594035,0.146846
roof,9.99824,-0.138254,0.120467,0.0177874
rotates,9.99824,-0.098134,0.155769,-0.057635
rotisserie,9.99824,-0.139532,0.0959403,0.0435916
routines,9.99824,-0.000793157,-0.187124,0.187917
ruf,9.99824,0.16592,-0.189425,0.023505
sach,9.99824,-0.0772698,-0.116132,0.193402
sandar,9.99824,-0.146013,-0.119066,0.265079
sata,10.1806,-0.00398919,-0.022934,0.0269231
satisfies,9.99824,-0.0244045,-0.369037,0.393442
sbi,9.99824,-0.136637,-0.0362229,0.17286
sc,9.99824,-0.0187825,-0.0324438,0.0512263
scan,9.99824,0.0341001,-0.0229857,-0.0111145
scared,9.99824,-0.0188554,-0.0948131,0.113668
scars,9.99824,-0.0677935,-0.156554,0.224348
scene,9.99824,0.0856466,0.0572754,-0.142922
scenes,10.1806,-0.044473,0.197891,-0.153418
scheme,9.99824,-0.0632781,0.141103,-0.0778246
science,9.99824,-0.0146972,-0.00543532,0.0201325
scrubbing,9.99824,-0.0427025,-0.123033,0.165736
setisfy,9.99824,-0.12492,0.124575,0.000344487
shaped,9.99824,-0.0708212,-0.219839,0.29066
shapes,9.99824,-0.227792,0.170345,0.0574468
shelve,9.99824,-0.00538136,-0.10515,0.110531
shoud,9.99824,0.0483925,0.0985801,-0.146973
sieve,10.1806,-0.0418571,-0.0643643,0.106221
sige,9.99824,0.0347393,0.00909758,-0.0438369
significantly,9.99824,-0.126053,0.171989,-0.0459357
simultaneously,9.99824,-0.17685,0.117339,0.0595106
skill,9.99824,0.128777,-0.137923,0.00914581
slices,10.1806,0.103611,-0.186719,0.083108
slider,9.99824,-0.00238903,0.0144518,-0.0120628
smoking,9.99824,-0.10652,-0.164439,0.270959
smol,9.99824,0.121216,-0.134983,0.0137671
smoothness,9.99824,0.0588307,-0.107467,0.0486361
soak,9.99824,-0.0235411,-0.0900403,0.113581
soaked,9.99824,0.0455141,-0.086104,0.0405899
society,9.99824,0.0922945,-0.0602765,-0.0320179
sond,9.99824,-0.203506,0.105635,0.0978708
sooner,9.99824,-0.0543347,-0.0738456,0.12818
sophisticated,9.99824,-0.0637697,-0.0875472,0.151317
sorted,9.99824,0.0188775,-0.118018,0.09914
sources,9.99824,0.00482141,-0.0992753,0.0944539
spacing,9.99824,0.109952,-0.0898539,-0.0200984
spanner,10.1806,-0.0685766,-0.0571872,0.125764
spark,9.99824,0.0472149,-0.0350248,-0.0121902
speechless,9.99824,0.0304041,-0.129211,0.0988073
spilling,9.99824,0.0568164,-0.0845944,0.0277779
sportsoul,9.99824,0.0816019,-0.133757,0.0521547
staffs,9.99824,0.0130046,-0.164651,0.151646
statement,10.1806,-0.0709489,-0.0712836,0.142232
states,9.99824,-0.082652,0.0566884,0.0259637
station,9.99824,-0.0354765,-0.0588219,0.0942984
statisfied,9.99824,-0.131517,0.189745,-0.0582285
steadily,9.99824,0.117177,-0.0535411,-0.0636362
stickering,9.99824,0.0187606,-0.208963,0.190203
story,9.99824,0.0326481,-0.0696163,0.0369682
strainer,10.4037,0.0745701,-0.019533,-0.0550371
stretch,9.99824,-0.294569,0.161292,0.133277
strictly,10.1806,0.280282,-0.194241,-0.0860407
strips,9.99824,-0.000589682,0.0662806,-0.0656909
strom,9.99824,-0.0810176,0.0998477,-0.0188301
sucking,9.99824,0.0981365,-0.192234,0.0940975
suffer,9.99824,-0.185687,0.247668,-0.0619808
suffering,9.99824,0.101666,-0.10659,0.00492394
sugar,9.99824,-0.154166,0.081944,0.0722221
sum,9.99824,-0.161969,0.154248,0.0077214
sunday,9.99824,0.0303194,-0.0688224,0.038503
sunflower,10.1806,-0.0813223,0.0759219,0.00540044
sunny,9.99824,-0.0272655,0.303173,-0.275907
suoer,9.99824,-0.173903,0.124784,0.0491185
superp,9.99824,-0.115084,-0.132858,0.247942
supp,9.99824,-0.180192,0.116448,0.0637438
supplying,9.99824,0.0269431,-0.0381553,0.0112122
suppose,9.99824,-0.0126671,0.079254,-0.0665869
survice,10.4037,0.0207822,-0.0496779,0.0288957
sustain,9.99824,-0.0663051,0.106909,-0.040604
taller,10.1806,-0.0376372,-0.0274748,0.0651119
tamilnadu,9.99824,0.0630933,-0.0821033,0.01901
tc,9.99824,-0.0643009,0.105914,-0.041613
teaching,9.99824,-0.0270948,-0.0685516,0.0956464
terrace,9.99824,-0.0650692,0.0491934,0.0158758
terrian,10.4037,-0.000807338,-0.00073044,0.00153778
tgp,10.1806,-0.00149461,-0.107037,0.108532
thaks,9.99824,-0.0981659,-0.111769,0.209935
thee,9.99824,0.0813025,-0.145641,0.0643382
thermocol,10.1806,-0.179711,0.0954856,0.0842256
thk,9.99824,0.122035,-0.160385,0.03835
tidy,9.99824,0.155667,-0.136583,-0.0190843
tiffin,10.1806,-0.163689,0.116973,0.0467158
tilted,9.99824,0.187053,-0.039957,-0.147096
timers,9.99824,-0.133143,0.117139,0.0160037
tires,9.99824,-0.224835,0.23148,-0.00664512
toe,10.1806,-0.08381,0.00429612,0.0795139
tokyo,10.4037,0.0793672,-0.0763091,-0.00305816
toll,9.99824,0.0002769,-0.00289066,0.00261376
tomato,9.99824,0.0831843,-0.152759,0.0695748
tqu,9.99824,-0.0757259,-0.105181,0.180907
trackpad,10.1806,-0.000618775,-0.0243698,0.0249885
transport,10.1806,0.0785231,-0.172545,0.0940222
trip,9.99824,0.186854,-0.165213,-0.0216412
triple,9.99824,0.134733,-0.176167,0.0414344
trolley,9.99824,0.150646,-0.202497,0.0518505
tuff,9.99824,-0.104963,0.000280083,0.104683
tummy,10.1806,-0.0144388,-0.0980053,0.112444
tune,10.1806,0.0475308,-0.0649216,0.0173908
tuned,9.99824,0.0724265,-0.0436686,-0.0287579
typically,9.99824,-0.0474914,-0.000640423,0.0481318
unequal,9.99824,0.013657,-0.0200641,0.00640707
unreliable,9.99824,0.086725,0.00932483,-0.0960498
upgrades,9.99824,0.159977,-0.0523839,-0.107593
urge,9.99824,0.00396587,-0.018541,0.0145751
usa,9.99824,-0.296395,0.345775,-0.04938
usages,9.99824,0.0738037,-0.154165,0.0803613
useing,9.99824,-0.00416226,-0.131095,0.135258
utilise,9.99824,-0.0851365,-0.0923726,0.177509
vallue,9.99824,-0.254522,0.133426,0.121096
vast,9.99824,0.222088,-0.112113,-0.109974
vedios,10.1806,0.0647599,-0.129729,0.0649695
vego,9.99824,-0.0343792,-0.236255,0.270634
verified,9.99824,0.00702495,-0.139269,0.132244
versatile,9.99824,0.0486351,-0.122699,0.0740637
veru,9.99824,-0.0801281,-0.17815,0.258278
verymuch,9.99824,-0.0295763,-0.108564,0.138141
victory,9.99824,-0.00755276,-0.0590238,0.0665766
viewers,9.99824,0.0983547,-0.0900919,-0.00826279
violet,9.99824,-0.0534798,-0.124894,0.178374
visual,9.99824,-0.0189596,0.0324539,-0.0134943
vivo,9.99824,-0.141612,0.168426,-0.0268139
wa,10.4037,-0.000584284,-0.00199459,0.00257887
walking,9.99824,0.267425,-0.103691,-0.163734
wallmount,9.99824,-0.112364,4.35383e-05,0.11232
waoooo,9.99824,-0.110256,-0.112296,0.222552
ware,9.99824,0.0419086,-0.115942,0.0740333
warehouse,9.99824,-0.0170492,-0.0133181,0.0303673
warmer,9.99824,-0.257688,0.186286,0.0714025
warmth,9.99824,0.422555,-0.36971,-0.0528447
watermelon,9.99824,-0.014293,-0.0539861,0.0682791
wears,9.99824,-0.144188,0.244702,-0.100514
weekly,9.99824,-0.106454,0.0694427,0.037011
wen,9.99824,0.0585184,-0.145549,0.0870306
whats,10.1806,0.0667587,-0.00536441,-0.0613943
wickets,9.99824,0.165957,-0.155056,-0.0109015
wirelessly,9.99824,0.086326,-0.112281,0.0259545
wobbling,9.99824,0.244923,-0.163457,-0.081466
workin,9.99824,-0.00145955,0.0715666,-0.070107
wowwwww,9.99824,-0.116406,-0.113708,0.230114
wps,9.99824,-0.049376,-0.0112555,0.0606315
wrongly,9.99824,0.113051,-0.0744863,-0.0385647
ws,9.99824,-0.0406092,0.200039,-0.159429
xlent,9.99824,-0.1263,-0.128722,0.255022
xtra,9.99824,-0.0553185,-0.177997,0.233315
yaa,9.99824,-0.0801541,-0.141947,0.222101
ye,9.99824,0.116823,-0.177662,0.060839
yellowish,10.1806,0.0333311,0.106404,-0.139735
aata,10.1806,0.0851571,-0.294767,0.20961
accessing,10.1806,-0.0414345,-0.127285,0.168719
accidentally,10.1806,0.0450287,-0.0824868,0.037458
accomodate,10.1806,-0.00216248,-0.0138632,0.0160257
acer,10.1806,-0.0137552,0.204525,-0.19077
achha,10.1806,-0.174576,0.127679,0.0468967
achieved,10.1806,-0.0353157,0.0748623,-0.0395466
activation,10.1806,0.0824284,-0.0651533,-0.017275
addressed,10.1806,-0.00191355,-0.277639,0.279552
adiyogi,10.1806,0.151233,-0.0849623,-0.0662711
adjuster,10.1806,0.116019,-0.0749403,-0.0410783
aesthetically,10.1806,-0.00816188,0.0660635,-0.0579016
affecting,10.1806,-0.00506775,-0.00605739,0.0111251
agency,10.1806,0.126539,0.110482,-0.237021
agents,10.1806,-0.0311302,0.0333763,-0.00224601
ages,10.1806,-0.0247035,-0.127839,0.152543
agreed,10.1806,-0.0267663,-0.0299421,0.0567083
alhamdulillah,10.1806,-0.0911474,-0.130575,0.221722
align,10.1806,-0.0441229,-0.107922,0.152045
allah,10.1806,-0.0329817,-0.0490759,0.0820577
alll,10.1806,0.0771648,-0.129864,0.0526992
almira,10.4037,-0.0894745,-0.107433,0.196908
almirah,10.1806,-0.0233183,-0.137518,0.160836
aloevera,10.1806,-0.0191086,-0.0161722,0.0352808
alram,10.4037,-0.0589159,0.0473055,0.0116104
alter,10.1806,0.178614,-0.0363273,-0.142287
altimate,10.1806,-0.108967,-0.1078,0.216767
analysis,10.1806,-0.0726934,-0.223271,0.295965
angry,10.1806,-0.206121,0.284515,-0.0783944
annual,10.1806,-0.069121,0.17046,-0.101339
ao,10.1806,0.0510226,-0.0258194,-0.0252032
apk,10.1806,-0.0149455,-0.0833541,0.0982996
apparently,10.1806,0.218127,-0.182991,-0.0351361
appeal,10.1806,-0.00414059,-0.0911816,0.0953222
approximate,10.1806,-0.120193,-0.125089,0.245282
arch,10.1806,0.141645,-0.187373,0.0457278
arpita,10.1806,-0.00131672,-0.00871607,0.0100328
arrives,10.1806,-0.0924821,0.0624909,0.0299912
asap,10.1806,-0.123831,0.0773758,0.0464555
aside,10.1806,-0.160892,0.0343989,0.126493
ata,10.1806,-0.0978641,-0.152016,0.24988
attaching,10.1806,-0.0132437,0.0626745,-0.0494308
aunt,10.4037,0.0458493,-0.0039662,-0.0418831
authenticity,10.1806,-0.0161302,-0.119873,0.136004
awaiting,10.1806,-0.0314283,0.0511865,-0.0197582
awesomegood,10.1806,-0.107718,-0.115829,0.223547
awesomely,10.4037,-0.0125481,-0.106691,0.119239
awkward,10.1806,0.135007,-0.14226,0.00725262
ayurvedic,10.4037,-0.0320401,-0.00475454,0.0367947
backward,10.1806,0.0482232,-0.157061,0.108838
balm,10.4037,-0.0569008,-0.0797877,0.136689
ban,10.1806,0.117683,-0.0835689,-0.0341146
barbad,10.1806,0.111852,-0.0858997,-0.0259525
bas,10.1806,0.141106,-0.148868,0.00776211
basul,10.1806,-0.0874049,-0.107016,0.194421
battary,10.1806,-0.0531367,0.0590863,-0.00594964
battrey,10.1806,-0.0343601,0.148448,-0.114088
bbs,10.1806,-0.0950556,-0.0785915,0.173647
bcos,10.1806,0.087645,-0.0421195,-0.0455255
beacuse,10.1806,0.0233681,0.0703575,-0.0937256
becouse,10.1806,0.148057,-0.165066,0.0170082
becz,10.1806,-0.199286,0.084734,0.114552
bedspread,10.1806,-0.0392811,-0.0699951,0.109276
beeping,10.1806,-0.0282714,-0.148389,0.17666
beginers,10.1806,-0.0511262,-0.101158,0.152284
beige,10.1806,-0.157525,-0.00916159,0.166687
belive,10.1806,-0.0231644,-0.0557095,0.0788739
belong,10.1806,-0.0363518,-0.0378319,0.0741837
belongs,10.1806,-0.0512992,0.0516842,-0.000385027
bezels,10.4037,0.00500578,-0.00997007,0.0049643
bhavana,10.4037,-0.00043085,-0.000897394,0.00132824
bills,10.1806,-0.0577884,-0.27105,0.328838
bis,10.1806,-0.0682179,-0.0845048,0.152723
blader,10.1806,0.0535494,-0.118916,0.0653664
blazzer,10.1806,-0.0372876,-0.103266,0.140553
blends,10.1806,-0.109384,0.105416,0.00396742
bless,10.1806,-0.0084992,-0.0501041,0.0586033
blessing,10.1806,-0.0470482,-0.0726201,0.119668
bloing,10.1806,-0.0695888,-0.141243,0.210832
bloom,10.1806,-0.221321,0.249748,-0.0284268
blunt,10.1806,-0.0950664,-0.104216,0.199283
boils,10.1806,0.125085,-0.0330039,-0.0920808
bole,10.1806,-0.0389453,-0.163639,0.202584
bonding,10.1806,0.0847082,-0.0726286,-0.0120796
bord,10.1806,0.0383858,0.101513,-0.139898
botton,10.1806,0.0574156,-0.16204,0.104625
bound,10.1806,-0.0540584,-0.0738779,0.127936
breakdown,10.1806,-0.0537243,0.030208,0.0235163
breath,10.1806,0.16875,-0.137687,-0.0310638
brightening,10.1806,0.125864,-0.137584,0.0117193
brittle,10.1806,-0.0268529,0.106353,-0.0795006
browse,10.1806,-0.0204846,0.137438,-0.116953
budge,10.1806,-0.00327872,-0.0471147,0.0503934
buds,10.1806,-0.0691781,-0.0914443,0.160622
buggy,10.1806,-0.249317,0.414778,-0.165461
bus,10.1806,-0.0517559,-0.109943,0.161699
cad,10.1806,-0.017734,-0.100512,0.118246
camer,10.1806,-0.00268041,-0.193448,0.196128
capabilities,10.1806,-0.218909,-0.00773414,0.226643
capsule,10.4037,0.0498444,-0.0340738,-0.0157707
careless,10.1806,0.268467,-0.231333,-0.037134
caring,10.4037,0.0408943,-0.0230513,-0.017843
catchy,10.1806,0.0340811,-0.0865935,0.0525124
cautious,10.1806,0.056389,-0.0666019,0.0102129
ceat,10.4037,-0.0155998,-0.0904952,0.106095
cellbell,10.4037,-0.0362795,-0.0479129,0.0841923
cemara,10.1806,0.00154284,-0.121063,0.11952
centers,10.1806,-0.0328334,-0.140928,0.173761
certified,10.1806,-0.198392,0.200172,-0.00177987
challenging,10.1806,-0.0332136,-0.147736,0.180949
chapati,10.1806,-0.0287998,-0.159512,0.188311
characters,10.1806,-0.109301,0.0570709,0.0522298
chargeing,10.1806,-0.223783,0.149408,0.0743755
charing,10.1806,-0.0168804,-0.0836849,0.100565
chatni,10.1806,-0.0203221,-0.119,0.139322
cheaters,10.1806,0.0368099,0.0198497,-0.0566596
chef,10.1806,0.262872,-0.238172,-0.0247004
chepest,10.1806,0.0209381,-0.0849259,0.0639877
cherger,10.4037,-0.0486509,-0.0809433,0.129594
childrens,10.1806,-0.0706612,-0.0961209,0.166782
chips,10.1806,-0.0119621,-0.0049618,0.0169239
chipset,10.1806,-0.0161288,-0.0415267,0.0576556
choosen,10.1806,-0.0208147,-0.123862,0.144677
citizens,10.1806,-0.176796,-0.0751077,0.251904
clamps,10.1806,-0.0543734,-0.149383,0.203756
cleanliness,10.1806,-0.0319328,0.0342091,-0.00227633
clok,10.1806,-0.0553236,-0.145259,0.200583
clr,10.1806,-0.147263,-0.176623,0.323886
cn,10.1806,-0.0698652,-0.159005,0.22887
coaching,10.1806,-0.0563638,-0.0150579,0.0714216
coat,10.1806,-0.0179394,-0.167904,0.185844
coaxial,10.1806,0.0550999,-0.0870771,0.0319772
colety,10.1806,0.130867,-0.147948,0.0170805
coll,10.1806,-0.0550409,-0.141296,0.196337
collecting,10.1806,0.03107,-0.113065,0.0819948
coloured,10.1806,-0.0521149,-0.098548,0.150663
colur,10.1806,0.104156,-0.120192,0.0160358
community,10.1806,-0.0684306,0.132837,-0.0644067
compliments,10.1806,-0.0219179,-0.0377202,0.0596381
compressed,10.1806,-0.0489877,-0.0919154,0.140903
computers,10.1806,-0.00303948,-0.0785614,0.0816009
concrete,10.1806,-0.00504914,-0.101401,0.10645
conectivity,10.1806,0.0197318,-0.0990636,0.0793318
cones,10.1806,-0.00324925,-0.19404,0.197289
config,10.4037,0.00426431,-0.0769101,0.0726458
connecter,10.1806,0.0881668,-0.0787571,-0.00940978
considerably,10.1806,-0.0593178,-0.157101,0.216419
consistently,10.1806,0.0940388,-0.0426135,-0.0514254
consultant,10.1806,-0.000663355,-0.00416538,0.00482873
consulting,10.4037,0.0262846,-0.021143,-0.00514169
consumed,10.1806,-0.0527587,-0.0849537,0.137712
convinient,10.1806,-0.0109965,-0.125631,0.136628
coordination,10.1806,-0.00456779,-0.0993724,0.10394
corporation,10.4037,-0.0374407,-0.00147798,0.0389187
corrected,10.1806,-0.125247,0.0277706,0.0974766
costing,10.1806,-0.0553084,0.0777365,-0.0224282
cot,10.1806,-0.0641392,-0.166985,0.231124
couples,10.1806,-0.00641026,-0.119419,0.12583
courteous,10.1806,-0.00336689,-0.0673618,0.0707287
cousins,10.1806,-0.0669807,0.142906,-0.0759252
crap,10.1806,0.178849,-0.126451,-0.052398
crashes,10.1806,0.108982,-0.220005,0.111023
creation,10.1806,-0.00117789,-0.0128221,0.014
crispy,10.1806,0.237505,-0.185113,-0.0523925
critical,10.1806,-0.0512458,-0.0312738,0.0825196
crooked,10.4037,0.0582917,-0.067417,0.00912526
crration,10.1806,-0.00299172,-0.0225435,0.0255352
crush,10.1806,0.23422,-0.257787,0.0235665
cs,10.1806,-0.00684543,-0.0853659,0.0922113
csgo,10.1806,-0.00101424,-0.0716074,0.0726216
cupboards,10.1806,-0.00969981,-0.0508995,0.0605993
curve,10.1806,0.014091,-0.0909638,0.0768728
cusion,10.1806,-0.0966293,0.074549,0.0220804
cusions,10.1806,-0.040202,-0.0870573,0.127259
cutoff,10.1806,-0.0598833,-0.0285739,0.0884572
da,10.1806,0.158753,-0.107989,-0.0507638
damege,10.1806,0.028421,0.0972949,-0.125716
dameged,10.1806,0.134762,0.0410059,-0.175768
damge,10.1806,-0.0435608,0.0961296,-0.0525689
damm,10.1806,0.0243706,-0.120708,0.0963378
death,10.1806,0.0899044,-0.130691,0.0407864
defeated,10.1806,0.166098,-0.0987391,-0.0673593
defined,10.1806,-0.0991718,-0.0238005,0.122972
deformed,10.1806,-0.24363,0.0545029,0.189127
defrosting,10.1806,-0.232984,0.202294,0.0306891
deg,10.4037,-0.000672937,-0.00164086,0.0023138
degine,10.1806,-0.046059,-0.143116,0.189175
delivry,10.4037,-0.0292103,-0.0566719,0.0858822
department,10.1806,-0.0119897,-0.0282496,0.0402393
dependency,10.1806,-0.019942,-0.133242,0.153184
deposited,10.1806,-0.0482546,0.228089,-0.179834
deserving,10.1806,-0.231803,0.0736056,0.158197
designcons,10.1806,-0.0446776,-0.113136,0.157814
designgood,10.1806,-0.268941,0.209381,0.05956
desirable,10.1806,-0.192425,0.128761,0.0636641
desire,10.1806,-0.166722,0.202554,-0.0358329
destroyed,10.1806,0.147757,-0.0905327,-0.0572245
devipuja,10.1806,-0.00299172,-0.0225435,0.0255352
died,10.1806,0.119849,-0.0706883,-0.049161
digestion,10.4037,0.0868861,-0.144535,0.0576493
dilemma,10.1806,-0.00680665,-0.0160647,0.0228713
disaster,10.1806,0.225387,-0.123454,-0.101933
discharges,10.1806,0.00049153,-0.274191,0.2737
discomfort,10.1806,-0.0517756,0.13782,-0.0860445
disconnection,10.4037,0.0844777,-0.160071,0.0755936
dislike,10.1806,0.219175,-0.12473,-0.0944447
dispute,10.1806,0.170544,-0.117323,-0.0532212
dissappointed,10.1806,0.0358583,0.0152631,-0.0511214
distribution,10.1806,-0.105653,0.136126,-0.0304733
dividing,10.1806,-0.026391,-0.0377343,0.0641253
doable,10.1806,-0.0972767,-0.0591706,0.156447
doesnot,10.1806,-0.169955,-0.0890974,0.259052
downwards,10.1806,-0.175095,0.0597816,0.115313
drawings,10.1806,-0.0825834,-0.131421,0.214004
dresses,10.4037,0.0668449,-0.106984,0.0401389
drinks,10.1806,-0.0291392,-0.0657919,0.0949311
dryness,10.1806,-0.00354761,-0.0437558,0.0473035
dude,10.1806,-0.0409632,-0.0183559,0.0593191
duel,10.1806,-0.0878756,0.0355632,0.0523123
dullness,10.1806,-0.0135628,-0.017896,0.0314588
dupatta,10.1806,-0.0596303,-0.102891,0.162522
duplex,10.1806,-0.145885,-0.127584,0.273468
dusty,10.1806,0.17977,-0.0857217,-0.0940485
ears,10.1806,-0.0204046,-0.072178,0.0925826
easyly,10.1806,0.0627911,0.054028,-0.116819
edition,10.1806,0.156112,-0.138617,-0.0174953
education,10.1806,-0.0406596,-0.151553,0.192213
electricals,10.1806,0.0649222,-0.133097,0.0681747
email,10.4037,0.026896,-0.00794423,-0.0189518
emitting,10.1806,0.160332,-0.269632,0.1093
emotions,10.1806,0.0258039,-0.023682,-0.00212193
employee,10.1806,-0.0317019,-0.127322,0.159023
energetic,10.1806,-0.101829,-0.11301,0.214838
enjoyment,10.1806,-0.0245978,-0.175719,0.200317
enoughoverall,10.1806,-0.0224528,-0.0713504,0.0938032
entered,10.1806,0.0671864,-0.024568,-0.0426184
enterprises,10.1806,-0.0262786,-0.121822,0.148101
enthusiasts,10.1806,-0.0604844,0.0464376,0.0140468
ergonomics,10.1806,-0.00281651,-0.295114,0.297931
esp,10.1806,-0.14172,0.0877999,0.0539198
evenly,10.1806,-0.0529539,-0.31443,0.367383
eventhough,10.1806,0.0805283,-0.0748878,-0.0056405
evev,10.1806,-0.00139421,-0.00231218,0.00370639
evident,10.1806,-0.0769231,0.0856321,-0.00870905
evn,10.1806,0.0965814,0.0405958,-0.137177
exceed,10.1806,0.0333562,-0.0427963,0.00944002
excessive,10.1806,-0.00180723,-0.115801,0.117608
expenses,10.1806,0.160369,-0.113552,-0.0468172
experiencei,10.1806,0.0160268,-0.0159973,-2.94819e-05
experts,10.1806,-0.0987578,0.167357,-0.0685995
expiry,10.1806,-0.0420117,0.258643,-0.216631
exposed,10.1806,0.16623,-0.194136,0.0279058
faid,10.1806,0.00315724,0.049341,-0.0524983
failing,10.1806,-0.0454739,0.0427656,0.00270835
fairy,10.1806,-0.0611234,0.0314946,0.0296288
faithful,10.1806,-0.115621,-0.0965024,0.212123
familiar,10.1806,-0.0502795,-0.0823238,0.132603
fare,10.1806,-0.147744,0.159762,-0.0120179
favorites,10.1806,-0.0988629,-0.131787,0.23065
featured,10.1806,0.2296,-0.208283,-0.0213166
fentastic,10.1806,-0.108377,-0.105523,0.2139
fetch,10.1806,-0.0130672,0.0868234,-0.0737562
fibers,10.4037,0.0491317,-0.0603554,0.0112237
fiesta,10.1806,0.0316268,-0.0915893,0.0599626
filkart,10.1806,-0.00610116,-0.108227,0.114328
filler,10.1806,-0.0178804,0.0940483,-0.0761679
finishes,10.1806,0.0692041,-0.180407,0.111203
fish,10.1806,-0.0363634,-0.0725493,0.108913
fixation,10.1806,-0.0600573,0.0342883,0.025769
fixes,10.1806,-0.0512028,-0.0808138,0.132017
fkart,10.1806,-0.0140865,-0.250683,0.26477
flipkarts,10.1806,0.00253317,-0.00159946,-0.000933714
flipkat,10.1806,-0.0307092,-0.0597583,0.0904675
flippant,10.1806,-0.175036,0.204799,-0.029763
floors,10.1806,-0.0525333,0.0992474,-0.0467141
flop,10.1806,0.00982158,0.104391,-0.114213
flowing,10.1806,0.213971,-0.219638,0.00566678
flows,10.1806,0.036356,-0.121525,0.0851689
flpkart,10.1806,-0.0743269,-0.0861585,0.160485
folder,10.1806,-0.0140037,-0.00523701,0.0192407
folders,10.1806,0.0856149,-0.163053,0.0774382
follows,10.1806,-0.0631925,-0.0662432,0.129436
followups,10.1806,0.0524522,0.0191943,-0.0716464
footballs,10.1806,0.0249336,-0.141399,0.116466
forcing,10.4037,0.0239861,-0.0602088,0.0362227
formats,10.1806,0.116082,-0.111685,-0.00439709
forza,10.1806,-0.132137,0.141481,-0.00934359
freebies,10.1806,-0.0655214,0.16272,-0.0971985
friction,10.1806,-0.238302,0.18997,0.0483327
friday,10.1806,-0.0492745,-0.0289804,0.0782549
fried,10.1806,0.163732,-0.0447644,-0.118968
frnd,10.1806,-0.031665,-0.0729009,0.104566
fruity,10.1806,-0.0160069,-0.00798923,0.0239961
fry,10.1806,-0.0861716,0.0780135,0.00815819
fullfill,10.1806,0.155833,-0.136763,-0.0190696
fur,10.1806,-0.163269,-0.126805,0.290074
furnitures,10.1806,0.0836287,-0.0514566,-0.0321721
fyi,10.1806,-0.162743,-0.0825473,0.245291
gaining,10.1806,-0.0618205,-0.12349,0.18531
gajab,10.1806,-0.0893932,-0.121494,0.210887
gaurd,10.1806,-0.0588677,0.331945,-0.273078
gbps,10.1806,-0.0696526,-0.0989134,0.168566
generates,10.1806,-0.0564183,-0.063005,0.119423
geting,10.1806,0.127442,-0.143529,0.0160869
geysers,10.1806,0.0383803,-0.106427,0.0680468
gi,10.1806,0.0136897,-0.043108,0.0294184
gifts,10.1806,-0.015242,-0.106149,0.121391
glance,10.1806,0.0421794,-0.0136118,-0.0285677
glitch,10.1806,0.0804512,-0.171269,0.0908176
gloss,10.1806,0.0467628,-0.0292172,-0.0175456
glove,10.4037,-0.00845594,-0.03323,0.0416859
goodgood,10.1806,-0.129766,-0.127945,0.257711
goodif,10.1806,0.0275419,0.130173,-0.157715
goodone,10.1806,-0.107683,-0.130807,0.238491
goodoverall,10.1806,-0.0225929,-0.272601,0.295194
goodworth,10.1806,-0.149772,-0.109474,0.259246
gooooood,10.1806,-0.121996,-0.12025,0.242246
gotten,10.1806,-0.0390285,-0.0703386,0.109367
grams,10.1806,-0.00883113,-0.075228,0.0840591
grand,10.1806,0.00921898,-0.133912,0.124693
grapes,10.1806,-0.000798123,-0.00820734,0.00900546
gret,10.1806,-0.138971,0.176988,-0.0380163
grinde,10.1806,0.103978,-0.121957,0.0179787
gripping,10.1806,-0.0970882,-0.0618982,0.158986
grips,10.1806,-0.266741,0.224543,0.0421981
gum,10.4037,0.0505539,-0.00967836,-0.0408756
gurantee,10.1806,0.161302,0.0107714,-0.172073
habit,10.4037,0.0956354,-0.20716,0.111525
halls,10.1806,-0.0501904,-0.209784,0.259974
hamper,10.1806,-0.0325597,-0.112003,0.144563
handheld,10.1806,0.139829,-0.250715,0.110886
havey,10.1806,-0.0333314,0.10774,-0.0744088
hdds,10.1806,-0.00268666,-0.253594,0.256281
headrest,10.4037,-0.0505504,-0.0120597,0.0626101
heartily,10.1806,-0.00139421,-0.00231218,0.00370639
heavyweight,10.1806,-0.0702614,-0.14982,0.220081
hercules,10.4037,0.0754584,-0.0460002,-0.0294582
hevy,10.1806,-0.152478,0.143002,0.00947543
hexa,10.1806,-0.00188391,-0.221248,0.223132
hieght,10.1806,-0.0867687,0.034328,0.0524408
hii,10.1806,-0.180288,0.074514,0.105774
hill,10.1806,-0.0154015,-0.03954,0.0549415
history,10.1806,-0.0211287,-0.0633368,0.0844655
hittt,10.1806,-0.129766,-0.127945,0.257711
homepage,10.1806,-0.035384,-0.185713,0.221097
hone,10.1806,-0.101978,0.123913,-0.0219357
hopeful,10.1806,0.139159,-0.149088,0.00992963
hopes,10.1806,0.00404235,-0.0122028,0.00816049
horn,10.4037,0.04605,-0.133399,0.0873492
hota,10.1806,0.026205,-0.0305142,0.00430926
hote,10.1806,-0.0298882,0.052463,-0.0225748
hotel,10.1806,0.264204,-0.103163,-0.161041
hows,10.1806,-0.0697406,-0.0902975,0.160038
hua,10.1806,-0.0568921,-0.119781,0.176673
hue,10.1806,-0.123132,-0.0645387,0.187671
hut,10.1806,-0.0337166,0.0148237,0.0188929
hw,10.4037,-0.0124733,-0.062538,0.0750113
hyderabad,10.1806,-0.00332206,-0.162655,0.165977
hydrate,10.1806,-0.0401092,0.223912,-0.183803
hydrates,10.4037,-0.00374311,-0.0891162,0.0928593
ignoring,10.1806,0.078489,-0.0628011,-0.0156879
ii,10.1806,-0.0411539,-0.0911201,0.132274
imp,10.1806,-0.0643067,0.0985435,-0.0342367
impact,10.1806,0.0699712,-0.151319,0.0813479
impeccable,10.1806,-0.0674642,-0.0132164,0.0806806
imperfect,10.1806,-0.00789984,0.115895,-0.107995
imported,10.1806,-0.0539577,0.000658153,0.0532996
impresive,10.1806,-0.0607521,-0.111363,0.172115
indians,10.1806,0.014674,-0.00997844,-0.00469553
indicates,10.1806,-0.126849,0.208691,-0.0818423
individually,10.1806,0.181998,-0.154637,-0.0273613
induction,10.1806,0.110381,-0.174129,0.0637478
inn,10.1806,0.00207659,0.0183003,-0.0203769
inserted,10.1806,-0.0911035,0.239692,-0.148588
installion,10.1806,-0.0766094,0.209127,-0.132517
insulated,10.4037,0.129315,-0.028892,-0.100423
interaction,10.1806,0.0182802,-0.132851,0.114571
interactive,10.1806,-0.00247758,-0.0300577,0.0325353
internally,10.1806,0.0136785,-0.0577397,0.0440612
interval,10.4037,0.00789319,-0.0436603,0.0357671
inthis,10.1806,-0.0770147,-0.230138,0.307153
introduced,10.1806,-0.0103625,-0.00296725,0.0133297
ip,10.1806,0.185859,-0.135831,-0.0500289
irritates,10.1806,0.00867777,0.105601,-0.114279
ist,10.1806,0.000705953,-0.133798,0.133092
itand,10.1806,-0.0123558,-0.066793,0.0791487
itna,10.1806,0.189834,-0.104078,-0.0857562
itthank,10.1806,-0.0503852,-0.0995041,0.149889
jaar,10.1806,-0.1927,0.0467346,0.145966
jam,10.1806,0.159489,-0.138117,-0.0213715
jiotv,10.1806,-0.0162875,-0.0074349,0.0237224
joining,10.1806,-0.0663898,0.0897902,-0.0234004
joke,10.1806,0.0238909,0.142521,-0.166412
jun,10.1806,-0.0975903,-0.00594181,0.103532
junk,10.1806,0.154836,-0.107332,-0.0475033
juser,10.1806,-0.11226,-0.104704,0.216964
kana,10.1806,-0.152639,-0.143423,0.296062
knitting,10.4037,-0.0781165,-0.162576,0.240692
kore,10.1806,0.0281345,0.0108998,-0.0390344
lajawab,10.1806,0.409644,-0.219393,-0.19025
lamination,10.1806,-0.112762,0.00237324,0.110389
landscape,10.1806,0.0465371,0.12902,-0.175557
lastic,10.1806,-0.0298162,0.113893,-0.0840765
leakproof,10.1806,-0.0409286,-0.168469,0.209398
lean,10.4037,-0.0292494,-0.129344,0.158593
learnt,10.1806,-0.0263874,-0.00622051,0.0326079
lenses,10.1806,-0.0477416,-0.0765984,0.12434
lesson,10.1806,0.0161176,-0.00182108,-0.0142965
letter,10.1806,-0.0271842,0.0574055,-0.0302213
lever,10.1806,-0.0534753,0.238391,-0.184915
lifetime,10.1806,-0.067054,-0.0871125,0.154167
limestone,10.1806,-0.0461734,-0.0844058,0.130579
limitation,10.1806,-0.106473,-0.0176925,0.124166
lits,10.4037,0.147514,-0.0596759,-0.0878376
litter,10.1806,-0.0811235,0.0456957,0.0354278
littile,10.1806,-0.0213469,-0.120825,0.142172
lively,10.1806,-0.0726196,-0.142573,0.215193
locality,10.1806,-0.0187329,-0.0109499,0.0296828
locations,10.1806,-0.0112595,0.202909,-0.19165
logged,10.1806,-0.0554076,0.167223,-0.111816
login,10.1806,0.0884322,-0.0564623,-0.03197
longtime,10.1806,0.317498,-0.151333,-0.166165
loop,10.1806,-0.0849988,0.13196,-0.0469608
loot,10.1806,0.176546,-0.136765,-0.0397806
los,10.1806,0.207876,-0.108211,-0.0996645
louvers,10.1806,0.0172798,0.00940796,-0.0266877
lov,10.1806,-0.0250149,-0.106408,0.131423
loveit,10.1806,-0.0957761,-0.113815,0.209591
ls,10.1806,-0.0752623,-0.0818504,0.157113
ltd,10.1806,-0.0128984,0.0142041,-0.00130567
lucrative,10.1806,-0.0419573,-0.0572038,0.099161
lumbar,10.4037,-0.0504633,-0.0125113,0.0629747
maa,10.1806,0.00176345,-0.0106336,0.00887013
macs,10.1806,-0.00131034,-0.0172648,0.0185751
magnificent,10.1806,-0.108142,-0.119807,0.227949
mail,10.1806,-0.0032446,0.060902,-0.0576574
majbut,10.1806,-0.168168,-0.0938315,0.261999
majorly,10.1806,-0.0403663,0.163439,-0.123073
malfunctions,10.1806,0.0134588,-0.0584861,0.0450273
mannered,10.1806,-0.0473021,-0.0275953,0.0748974
manners,10.1806,0.120095,-0.134464,0.014369
manufacture,10.1806,-0.136516,0.12735,0.00916596
manure,10.1806,0.0999517,-0.0601733,-0.0397784
mar,10.4037,0.0675281,-0.125088,0.0575603
marketed,10.1806,-0.110315,0.0577536,0.0525609
maroon,10.1806,-0.150722,0.130419,0.0203026
masha,10.1806,-0.0329817,-0.0490759,0.0820577
matarial,10.1806,0.134002,-0.153869,0.0198672
mature,10.1806,0.132542,-0.115856,-0.0166862
mausami,10.1806,0.0706348,-0.178982,0.108347
measured,10.1806,-0.0763941,0.154664,-0.0782703
metalic,10.1806,0.0991062,-0.151653,0.0525472
metro,10.1806,0.06371,-0.0612402,-0.00246981
micromax,10.4037,0.0847506,-0.0199117,-0.0648389
mids,10.1806,0.0694017,-0.171785,0.102383
mike,10.4037,-0.0437286,0.016306,0.0274226
mising,10.1806,0.125492,-0.15059,0.0250978
misses,10.1806,-0.0718139,0.209848,-0.138034
mitv,10.4037,-0.0586426,0.118558,-0.0599151
mixe,10.1806,-0.0874047,-0.0976596,0.185064
mnths,10.1806,0.016503,-0.0980245,0.0815215
modest,10.1806,-0.00589221,-0.0626206,0.0685128
moisturiser,10.1806,0.0560031,-0.0986818,0.0426787
moisturising,10.1806,-0.118823,-0.00513495,0.123958
monday,10.1806,-0.0308918,-0.123771,0.154663
moneyand,10.1806,-0.0203692,0.137734,-0.117365
moneyit,10.1806,-0.0207379,0.0530167,-0.0322788
monitors,10.1806,-0.0776291,0.171263,-0.0936342
monks,10.1806,-0.0411739,-0.0811251,0.122299
motar,10.1806,0.111158,-0.186229,0.0750714
motherboard,10.1806,-0.0732048,-0.0836249,0.15683
moths,10.1806,0.0779541,-0.0820705,0.00411632
mrf,10.1806,0.0108123,-0.172993,0.162181
mt,10.1806,0.1421,-0.19734,0.0552399
mts,10.1806,-0.0573768,0.249929,-0.192552
mx,10.1806,-0.05895,0.133754,-0.0748044
nace,10.1806,-0.0732219,-0.153132,0.226353
nat,10.1806,-0.171116,0.259515,-0.088399
navigate,10.1806,0.174177,-0.140275,-0.0339018
nevertheless,10.1806,-0.0115072,-0.146883,0.15839
newer,10.1806,-0.123118,0.209836,-0.0867181
nicer,10.1806,-0.0708672,-0.103615,0.174482
nich,10.1806,-0.122146,-0.120111,0.242257
niec,10.1806,-0.17429,0.125531,0.0487589
nights,10.1806,0.0649416,-0.203104,0.138162
nikon,10.1806,0.214204,-0.11827,-0.0959337
nil,10.1806,0.0514623,-0.160705,0.109243
nod,10.1806,-0.0484564,0.10855,-0.0600937
noicy,10.1806,-0.0829498,-0.042631,0.125581
nose,10.4037,-0.00646605,-0.0857795,0.0922455
nozzles,10.1806,-0.0119321,-0.0153759,0.027308
nylon,10.1806,0.0436937,0.0330029,-0.0766966
object,10.1806,-0.142785,-0.0837615,0.226546
observation,10.1806,-0.0340998,-0.0853891,0.119489
observations,10.1806,-0.0115305,-0.202759,0.21429
occupied,10.1806,-0.0704142,0.0200254,0.0503889
occupies,10.1806,-0.0676995,-0.0889689,0.156668
oder,10.1806,-0.0189826,-0.0809657,0.0999483
og,10.1806,-0.170749,0.204364,-0.0336152
oke,10.1806,-0.158464,0.152528,0.00593615
oled,10.1806,-0.0832204,-0.00744845,0.0906689
onion,10.1806,-0.0319087,-0.093087,0.124996
oosam,10.1806,-0.127266,-0.129144,0.25641
operational,10.4037,-0.0051513,-0.0743108,0.0794621
optimized,10.1806,0.0152881,0.118567,-0.133855
organizer,10.1806,-0.0772337,-0.0278093,0.105043
originality,10.1806,-0.0522286,0.286101,-0.233872
osmmmm,10.1806,-0.0204282,-0.0912074,0.111636
overcome,10.1806,0.103464,-0.123872,0.020408
overflow,10.1806,-0.0125516,-0.208459,0.22101
overheated,10.4037,-0.00089029,-0.0672444,0.0681347
overlooked,10.1806,-0.0400724,-0.0218246,0.0618969
overnight,10.1806,0.0643359,-0.115335,0.0509996
ow,10.1806,0.0843147,-0.13191,0.0475951
owsum,10.1806,-0.121733,-0.105268,0.227001
paiking,10.1806,0.206007,-0.152536,-0.053471
pakaging,10.1806,-0.0112633,-0.06641,0.0776734
paneer,10.1806,-0.0971302,0.196169,-0.0990387
panic,10.1806,0.138406,-0.146609,0.0082031
parda,10.1806,-0.0675768,-0.12139,0.188967
parent,10.1806,-0.0306484,-0.077824,0.108472
partical,10.1806,0.0847082,-0.0726286,-0.0120796
particals,10.4037,0.0408103,-0.0861006,0.0452903
passion,10.1806,-0.0472653,0.251926,-0.20466
pasta,10.1806,-0.352414,-0.0744952,0.426909
patient,10.1806,-0.00566497,-0.00253154,0.00819651
patterns,10.1806,-0.0166441,-0.0496236,0.0662678
peacefully,10.1806,-0.005142,-0.162769,0.167911
peoduct,10.1806,-0.0635998,-0.130271,0.193871
performancebest,10.1806,-0.00400024,-0.103327,0.107327
phase,10.4037,0.0298455,-0.103121,0.0732753
phenomenal,10.1806,-0.0384964,-0.0622096,0.100706
pictured,10.1806,-0.0792942,-0.0893405,0.168635
pies,10.1806,0.137238,-0.172073,0.0348348
pigmentation,10.4037,-0.0429173,0.153617,-0.1107
pineapple,10.1806,0.112764,-0.0582834,-0.0544803
pins,10.1806,-0.322698,0.338721,-0.0160224
podcasts,10.1806,-0.0450666,-0.158263,0.20333
poduct,10.1806,-0.0695824,-0.126233,0.195816
ponmani,10.4037,-0.0100687,-0.0596314,0.0697001
poorest,10.1806,0.176025,-0.0951879,-0.080837
positives,10.1806,0.295275,-0.109207,-0.186067
potential,10.1806,0.20152,-0.234429,0.0329084
precision,10.1806,-0.143058,0.156632,-0.0135741
preloaded,10.1806,-0.000742303,-0.021785,0.0225273
premiere,10.1806,-0.000840443,-0.00187419,0.00271463
pric,10.1806,-0.0628981,-0.112506,0.175404
prince,10.1806,-0.0273044,-0.0966118,0.123916
prity,10.1806,-0.117275,-0.135444,0.252719
private,10.1806,-0.14586,0.132396,0.0134635
problm,10.1806,0.157398,-0.187526,0.030128
productawesome,10.1806,-0.0675559,0.2068,-0.139244
producthere,10.1806,-0.0817991,-0.185155,0.266954
productin,10.1806,0.0516407,-0.0347079,-0.0169328
productmy,10.1806,0.0668632,-0.104602,0.0377388
productnever,10.1806,0.100552,-0.158112,0.0575607
productsuper,10.1806,-0.057267,-0.103834,0.161101
produxt,10.1806,-0.0679418,-0.118941,0.186883
prove,10.1806,0.0974822,-0.070682,-0.0268002
proves,10.1806,-0.128607,-0.0408502,0.169457
proving,10.1806,-0.000722697,-0.00128013,0.00200282
prudct,10.1806,-0.0502826,-0.132362,0.182645
public,10.1806,0.111854,-0.0654483,-0.0464057
puffy,10.1806,0.0531842,-0.140083,0.0868986
pulled,10.1806,-0.16866,0.226571,-0.0579102
pumping,10.1806,-0.0248745,-0.0643937,0.0892682
pushed,10.1806,0.0692306,-0.0955293,0.0262987
qty,10.1806,-0.15528,0.0783258,0.0769546
qualified,10.1806,0.142326,-0.0779696,-0.0643567
qualitylook,10.1806,-0.0244263,-0.077121,0.101547
qualitynot,10.1806,0.0806035,-0.142044,0.06144
qualitywise,10.1806,-0.0515275,-0.117345,0.168872
quater,10.1806,0.0179669,-0.169379,0.151412
query,10.1806,0.00267798,-0.0734067,0.0707287
qulati,10.1806,-0.0376196,-0.125343,0.162963
qulaty,10.1806,0.0709682,-0.122042,0.0510736
rainbow,10.1806,0.395973,-0.126343,-0.26963
rapped,10.1806,0.187038,-0.157532,-0.0295058
rcvd,10.1806,-0.0900296,0.139259,-0.0492291
realize,10.1806,0.0728173,-0.102182,0.0293646
rebooting,10.1806,0.121924,-0.0868853,-0.0350386
recd,10.1806,0.018708,-0.0100054,-0.00870258
recepies,10.4037,-0.00565368,-0.0172439,0.0228976
recognized,10.4037,-0.101838,-0.0423654,0.144204
recommanded,10.4037,-0.0699366,-0.0875356,0.157472
reflection,10.1806,0.0252515,0.101197,-0.126448
refundable,10.1806,0.070222,-0.0560678,-0.0141542
refunding,10.1806,0.0515132,-0.0414387,-0.0100745
registering,10.1806,-0.0970435,0.147589,-0.0505458
regretted,10.1806,-0.0425858,-0.0422559,0.0848417
relaxing,10.1806,-0.0785363,0.163939,-0.0854032
releasing,10.1806,-0.051299,-0.0681479,0.119447
remaing,10.1806,0.0655844,-0.0446169,-0.0209675
remort,10.4037,0.0676613,-0.054973,-0.0126883
rendering,10.1806,-0.163562,0.167438,-0.00387561
renge,10.1806,-0.0805245,-0.16843,0.248954
rent,10.1806,-0.0199776,-0.0771044,0.097082
rented,10.1806,-0.126958,-0.178081,0.305039
requests,10.1806,0.0311309,-0.156601,0.12547
researching,10.1806,-0.000728718,-0.0611779,0.0619066
residues,10.4037,-0.000740018,-0.126271,0.127011
resonable,10.1806,-0.056148,-0.0985884,0.154736
responce,10.1806,0.137695,-0.00741274,-0.130282
responds,10.1806,-0.0135024,-0.0465632,0.0600656
resumes,10.1806,-0.122194,-0.0398762,0.16207
retains,10.1806,-0.0407754,-0.0740261,0.114802
rightly,10.1806,0.08485,-0.140247,0.0553971
rinseaid,10.1806,-0.178395,0.242233,-0.0638375
rinsing,10.1806,-0.0110139,-0.00131634,0.0123302
ripple,10.1806,-0.0801339,-0.0669993,0.147133
roadside,10.1806,0.018376,0.144084,-0.16246
rotary,10.1806,-0.0224707,-0.249125,0.271596
rotator,10.4037,0.190762,-0.183269,-0.00749288
roti,10.1806,0.0881884,-7.43196e-06,-0.088181
row,10.1806,0.0670929,-0.188186,0.121093
runing,10.1806,-0.184203,0.202863,-0.0186595
rusty,10.1806,0.142504,-0.0962344,-0.0462699
sabse,10.1806,-0.0525009,-0.109068,0.161569
sai,10.1806,-0.0250446,-0.117884,0.142928
saiz,10.1806,-0.0455218,0.132468,-0.0869462
salts,10.4037,-0.00449841,-0.0168179,0.0213163
salty,10.4037,0.00362752,-0.00332276,-0.000304765
salute,10.1806,-0.0040461,-0.0125303,0.0165764
sat,10.1806,-0.032455,-0.0831946,0.11565
scalp,10.1806,-0.00108069,-0.00139444,0.00247514
scotch,10.1806,0.0185193,-0.0750789,0.0565596
screening,10.1806,-0.212109,-0.0929458,0.305055
scrolling,10.1806,-0.0463181,-0.0585024,0.104821
seating,10.1806,-0.177381,0.0401389,0.137242
sensation,10.1806,0.157841,-0.0811718,-0.0766694
separated,10.1806,0.192077,-0.111366,-0.0807112
separation,10.1806,-0.0171324,-0.0319155,0.0490479
settled,10.1806,-0.114013,0.0652009,0.0488118
setupbox,10.1806,-0.367992,-0.0415095,0.409501
seven,10.1806,0.0204003,-0.0973286,0.0769283
sevice,10.1806,0.0553838,-0.0839044,0.0285206
sew,10.1806,-0.152609,-0.0354066,0.188016
sft,10.1806,-0.139203,0.102193,0.0370098
shandaar,10.1806,-0.118495,-0.113188,0.231683
sharpe,10.4037,0.0498022,-0.0771249,0.0273227
sheeds,10.4037,0.078006,-0.100316,0.0223099
shelfs,10.1806,0.0496138,-0.228932,0.179318
shockproof,10.1806,-0.0813132,0.140727,-0.059414
shoping,10.1806,-0.0103751,-0.0781208,0.0884959
shopy,10.1806,-0.0323028,-0.112316,0.144619
shortage,10.1806,0.0334986,0.0822362,-0.115735
shoulder,10.1806,0.279416,-0.167126,-0.11229
shouldn,10.1806,0.0028196,-0.00170831,-0.0011113
shutter,10.1806,-0.0794783,0.0468111,0.0326672
shutting,10.1806,0.0865767,-0.192591,0.106014
sick,10.1806,-0.0323714,0.0410899,-0.00871856
sided,10.4037,0.14501,-0.095544,-0.0494665
sideload,10.1806,-0.00386346,-0.0886583,0.0925218
signature,10.1806,-0.0648033,-0.199516,0.264319
singles,10.1806,-0.0475842,-0.12576,0.173344
sink,10.1806,0.0757195,-0.26496,0.18924
sizzler,10.1806,-0.0237848,-0.0686406,0.0924254
sleepers,10.1806,-0.0331824,-0.0800262,0.113209
sleepy,10.1806,0.240469,-0.333288,0.0928184
slimmer,10.1806,-0.0166741,0.0690942,-0.0524201
slowness,10.4037,-0.134699,0.0818925,0.0528066
smalldifficult,10.1806,0.130547,-0.0561483,-0.0743983
smarter,10.1806,-0.0203693,-0.19501,0.215379
smoll,10.1806,0.0050007,0.0534372,-0.0584379
snappy,10.1806,-0.0077032,-0.0352348,0.042938
solely,10.1806,-0.0342338,0.0389326,-0.00469875
solutions,10.1806,-0.094264,0.120826,-0.0265616
soundbars,10.1806,0.136201,-0.134803,-0.00139887
sowing,10.1806,-0.186901,0.0795638,0.107337
sparks,10.1806,0.16125,-0.0861596,-0.0750901
specialy,10.1806,0.0403589,-0.0801031,0.0397441
spoils,10.1806,-0.0516627,0.0753213,-0.0236587
spoken,10.1806,-0.0484058,-0.106564,0.15497
spotless,10.1806,-0.0083293,-0.140762,0.149092
sql,10.1806,-0.0107587,-0.0258413,0.0366
squeezed,10.1806,0.0717252,-0.027376,-0.0443492
stacked,10.4037,-0.0129086,-0.0370947,0.0500033
steches,10.4037,0.0739826,0.0603507,-0.134333
stichting,10.1806,0.071365,-0.0676237,-0.00374128
stong,10.1806,-0.0266124,-0.114273,0.140885
stoping,10.1806,0.085504,-0.0397012,-0.0458028
street,10.1806,-0.00646337,-0.18567,0.192133
striching,10.1806,0.182494,-0.225355,0.0428615
strongest,10.1806,-0.0526973,-0.00263545,0.0553327
stucks,10.1806,-0.220421,0.0987079,0.121713
stupidity,10.1806,0.0638364,-0.0268604,-0.036976
styles,10.1806,-0.0553787,-0.0963538,0.151732
subwoofers,10.1806,-0.0284173,-0.0455999,0.0740173
suite,10.1806,-0.233043,0.156818,0.0762246
sujata,10.1806,0.0694455,-0.0249226,-0.0445228
supbb,10.1806,-0.105524,-0.165428,0.270951
supercoins,10.1806,-0.0293957,-0.0737199,0.103116
suport,10.1806,0.0541493,-0.181782,0.127633
suppar,10.1806,-0.155383,0.140812,0.014571
supple,10.1806,-0.13464,-0.033766,0.168406
supplement,10.1806,-0.0652698,-0.14864,0.21391
suppppppeer,10.1806,-0.12593,0.232389,-0.106458
surf,10.1806,-0.234858,0.301716,-0.0668583
surrounded,10.4037,0.17712,-0.0532413,-0.123879
sweeping,10.4037,-0.0230888,0.0575039,-0.0344151
swings,10.1806,0.167059,-0.0581802,-0.108879
tan,10.1806,-0.0012296,-0.00930431,0.0105339
tangled,10.1806,-0.127148,-0.16617,0.293318
tanq,10.4037,-0.00563112,-0.0344587,0.0400898
taught,10.1806,0.00420981,0.0417703,-0.0459801
tbh,10.1806,0.0263473,-0.0774236,0.0510764
teach,10.1806,-0.000500461,-0.0430134,0.0435139
tecnician,10.1806,0.128988,-0.0805498,-0.0484384
tend,10.1806,0.23083,-0.215829,-0.0150007
tends,10.1806,-0.0286543,-0.147971,0.176625
thane,10.4037,9.09633e-06,-0.00102098,0.00101188
thankfully,10.1806,-0.222124,0.107161,0.114963
thanking,10.1806,-0.00938125,-0.0190382,0.0284195
thankuuu,10.1806,-0.0657174,-0.112871,0.178588
thier,10.1806,0.2068,-0.178018,-0.0287822
thish,10.1806,-0.0888895,0.137712,-0.0488221
thnxx,10.1806,-0.0461255,-0.122586,0.168712
thorough,10.1806,-0.0880159,0.121341,-0.0333247
thou,10.1806,-0.0356232,-0.138207,0.17383
thrown,10.1806,0.130378,-0.0530341,-0.0773438
ticking,10.1806,-0.122733,0.10613,0.0166032
tighter,10.1806,-0.192647,0.217592,-0.0249448
tilting,10.1806,-0.0836382,-0.0903022,0.17394
timeline,10.1806,0.0804564,-0.0851012,0.0046448
tin,10.1806,0.0905667,-0.118522,0.0279557
tipe,10.1806,-0.112943,0.137166,-0.0242227
tired,10.1806,0.0136114,-0.0275838,0.0139723
tissue,10.1806,-0.12893,-0.0167847,0.145714
tnku,10.1806,-0.0499911,-0.102605,0.152596
toaster,10.1806,0.113759,-0.202975,0.0892158
toasting,10.1806,-0.0602167,-0.0917199,0.151937
toooooo,10.1806,0.113788,-0.177321,0.0635333
torned,10.1806,0.0332555,0.0941293,-0.127385
toshiba,10.1806,0.050046,-0.0921799,0.0421339
touches,10.1806,0.162379,-0.0704094,-0.0919699
tower,10.1806,-0.0486965,0.0719117,-0.0232152
tqs,10.1806,-0.0932555,-0.103347,0.196602
tqsm,10.1806,-0.0330479,-0.0913442,0.124392
transfers,10.1806,-0.040113,-0.0509917,0.0911047
transparency,10.1806,0.0990079,-0.149487,0.0504786
transporting,10.1806,-0.136901,-0.112751,0.249652
travelers,10.1806,-0.0537019,-0.0944799,0.148182
treat,10.1806,-0.00793308,-0.0691109,0.077044
tripping,10.4037,-0.0024868,-0.0494971,0.0519839
tubeless,10.1806,-0.0207101,0.11814,-0.0974295
tvquality,10.1806,0.130547,-0.0561483,-0.0743983
typs,10.1806,-0.0376196,-0.125343,0.162963
ugly,10.1806,0.194063,-0.0942592,-0.099804
unacceptable,10.1806,0.0422587,-0.0434227,0.00116405
unbearable,10.1806,-0.00752322,0.0240149,-0.0164916
unboxed,10.1806,0.031954,-0.0758938,0.0439398
unbroken,10.1806,0.0434932,-0.121849,0.078356
understood,10.1806,-0.0486395,-0.10761,0.15625
unfair,10.1806,0.10215,-0.0693179,-0.0328318
universal,10.1806,-0.0526875,-0.0895646,0.142252
unpacked,10.1806,-0.151108,0.081204,0.069904
unsupported,10.4037,-0.0348684,-0.100376,0.135244
unusual,10.1806,-0.0253343,0.0208076,0.00452667
upgradable,10.1806,-0.000661911,-0.0026617,0.00332361
upside,10.1806,0.103379,-0.156132,0.0527531
uptill,10.1806,-0.0189102,-0.120207,0.139117
upward,10.1806,-0.111684,-0.1978,0.309484
utilities,10.1806,-0.000903469,-0.0020899,0.00299337
vaccume,10.1806,-0.08052,-0.101146,0.181666
vallu,10.1806,-0.0912142,-0.10127,0.192485
van,10.1806,-0.191652,0.220203,-0.0285512
variable,10.1806,-0.0142214,-0.00158961,0.015811
varies,10.1806,-0.147429,-0.0261922,0.173621
vaule,10.1806,-0.126688,-0.148827,0.275515
vc,10.1806,0.223081,-0.155621,-0.0674594
vdo,10.1806,0.127631,-0.151406,0.0237759
vehicle,10.1806,-0.10723,0.250022,-0.142792
vendors,10.1806,0.0639186,-0.0493394,-0.0145791
vent,10.4037,-0.00817319,-0.0333075,0.0414806
verity,10.1806,-0.0628698,-0.09693,0.1598
verma,10.1806,-0.0117396,-0.0212161,0.0329557
vertically,10.1806,-0.150108,0.269351,-0.119243
verynice,10.1806,-0.121127,-0.136755,0.257883
vibe,10.1806,-0.0517396,-0.0853722,0.137112
vibrates,10.1806,-0.0585558,0.0589822,-0.000426387
virus,10.1806,0.164355,-0.132361,-0.0319945
vlo,10.1806,-0.132002,0.0140489,0.117953
volue,10.1806,0.0117147,-0.174138,0.162423
vooc,10.1806,-0.143516,0.0652745,0.0782414
voucher,10.1806,-0.0623796,-0.0916528,0.154032
wah,10.4037,-0.0820324,-0.0464456,0.128478
wallpaper,10.1806,0.0160327,-0.103301,0.0872679
wander,10.1806,-0.164304,0.133614,0.0306906
wanderful,10.1806,-0.120668,-0.117975,0.238643
war,10.1806,-0.0195212,-0.0593244,0.0788457
warenty,10.1806,-0.0220122,-0.0769984,0.0990105
wark,10.1806,-0.0560815,-0.130239,0.18632
waw,10.1806,-0.0761204,-0.112081,0.188202
waxing,10.1806,-0.0180948,-0.069256,0.0873508
weightoverall,10.1806,0.0462148,-0.159315,0.1131
weighty,10.1806,-0.0991481,-0.107248,0.206396
wellbecause,10.1806,-0.0310756,-0.0681494,0.099225
westage,10.1806,0.228365,-0.110355,-0.118011
whe,10.1806,-0.00668333,-0.00682183,0.0135052
whiteline,10.1806,0.105578,-0.201192,0.0956137
whn,10.1806,-0.027248,0.150807,-0.123559
wich,10.1806,-0.00168033,-0.279569,0.281249
wil,10.1806,0.100116,-0.16,0.0598843
wiped,10.1806,-0.0451557,0.171554,-0.126398
wipes,10.1806,-0.0174744,-0.0800546,0.097529
wiring,10.1806,0.191156,-0.31,0.118844
wished,10.1806,-0.0510818,-0.114963,0.166045
wll,10.1806,0.296112,-0.242346,-0.0537658
wobbles,10.1806,-0.0261362,0.0697979,-0.0436617
wonders,10.1806,-0.121622,-0.243239,0.364861
worker,10.1806,-0.116432,0.158915,-0.0424825
worries,10.1806,-0.0702685,-0.100481,0.170749
worthwhile,10.1806,-0.00166831,-0.136006,0.137674
wost,10.1806,0.261674,-0.155067,-0.106607
woven,10.1806,0.152021,-0.185419,0.0333984
wowwww,10.1806,-0.0846223,0.114496,-0.0298741
wth,10.1806,-0.123427,-0.0327909,0.156218
xs,10.1806,0.179556,-0.21741,0.0378543
yadav,10.1806,-0.0595804,-0.119025,0.178605
yep,10.1806,-0.052408,-0.137146,0.189554
zones,10.1806,-0.0492137,-0.0236514,0.0728651
abs,10.4037,-0.0421246,-0.0590494,0.101174
accesories,10.4037,-0.0424867,-0.0782539,0.120741
activated,10.4037,0.231296,-0.118778,-0.112517
addictive,10.4037,-0.0218619,-0.0270827,0.0489446
adidas,10.4037,0.131291,-0.0172032,-0.114088
advantages,10.4037,-0.0020814,-0.072529,0.0746104
aero,10.4037,-0.0755629,-0.0814202,0.156983
af,10.4037,-0.00258098,-0.218217,0.220798
affected,10.4037,-0.00662359,-0.0643497,0.0709733
afordable,10.4037,-0.0340176,-0.0621077,0.0961252
african,10.4037,-0.0817991,0.170938,-0.0891385
alarms,10.4037,-0.0364788,0.0394957,-0.00301691
algorithm,10.4037,-0.0162359,-0.0200451,0.036281
aligned,10.4037,0.221057,-0.084161,-0.136896
allergic,10.4037,0.0631257,-0.0289168,-0.034209
allergies,10.4037,0.0755626,0.0821791,-0.157742
allergy,10.4037,-0.0625417,-0.00484255,0.0673842
alli,10.4037,0.0304443,-0.0780831,0.0476388
allowed,10.4037,-0.127742,-0.111815,0.239557
allso,10.4037,0.108645,-0.136288,0.0276432
allways,10.4037,0.0967924,-0.0509899,-0.0458026
alovera,10.4037,-0.0115047,-0.0713604,0.0828651
alterations,10.4037,-0.104265,-0.0703877,0.174653
altered,10.4037,-0.00427229,-0.0229974,0.0272697
alternatives,10.4037,-0.144848,0.0711319,0.0737157
amasing,10.4037,-0.126982,-0.125201,0.252183
amateur,10.4037,-0.017746,-0.0250834,0.0428294
amazin,10.4037,-0.19498,-0.226118,0.421097
amazingg,10.4037,-0.0783525,-0.0855304,0.163883
amongst,10.4037,-0.00232487,-0.0671784,0.0695032
amounts,10.4037,-0.105618,-0.0238685,0.129487
anf,10.4037,-0.0835456,-0.0181665,0.101712
ankit,10.4037,-0.0106822,-0.0328739,0.0435561
ap,10.4037,-0.0179847,-0.107084,0.125069
appearing,10.4037,0.1022,-0.154468,0.0522674
appetite,10.4037,-0.00848968,-0.0068693,0.015359
applies,10.4037,-0.0324696,-0.0244113,0.0568809
appx,10.4037,-0.028375,0.043879,-0.0155039
apr,10.4037,0.132864,-0.115208,-0.0176564
aptoide,10.4037,-0.0604387,-0.0373142,0.0977529
army,10.4037,-0.0372455,-0.0841464,0.121392
arriving,10.4037,-0.0394866,-0.144219,0.183706
arthritis,10.4037,-0.0531019,-0.11653,0.169632
ash,10.4037,-0.231503,0.0607531,0.17075
asom,10.4037,-0.111332,-0.140359,0.251691
asphalt,10.4037,-0.00130702,-0.0448627,0.0461697
assam,10.4037,-0.0517367,-0.0962767,0.148013
assure,10.4037,0.0294615,-0.102431,0.07297
astounding,10.4037,-0.0200765,-0.0558517,0.0759282
aswam,10.4037,-0.123838,-0.119021,0.242859
aswell,10.4037,-0.0104951,-0.16462,0.175115
aswom,10.4037,-0.119525,-0.119779,0.239304
atall,10.4037,0.0970624,0.0661565,-0.163219
atlest,10.4037,-0.184123,0.0893536,0.0947697
attempts,10.4037,-0.0374771,-0.0926004,0.130078
attracted,10.4037,-0.311729,0.286616,0.025113
attracting,10.4037,0.0102369,-0.0566624,0.0464255
attraction,10.4037,-0.0100401,-0.0517755,0.0618156
attrire,10.4037,-0.000794073,-0.00719124,0.00798531
ausum,10.4037,-0.109748,-0.121702,0.23145
autocad,10.4037,-0.032763,-0.0299259,0.0626889
avarge,10.4037,0.224849,-0.121035,-0.103814
avi,10.4037,-0.00566879,-0.142984,0.148653
avoided,10.4037,-0.136476,0.0753905,0.061085
aw,10.4037,-0.0933016,-0.0878313,0.181133
awe,10.4037,-0.0975408,-0.0968863,0.194427
awsmm,10.4037,-0.0849445,-0.132972,0.217916
baas,10.4037,-0.0563022,-0.10791,0.164212
baba,10.4037,-0.0139717,-0.0571037,0.0710754
backups,10.4037,-0.179307,-0.117231,0.296538
bada,10.4037,-0.0793303,-0.0796483,0.158979
badd,10.4037,0.198508,-0.101939,-0.0965689
badest,10.4037,0.201132,-0.0975871,-0.103545
baffle,10.4037,0.0864724,-0.162086,0.0756132
bags,10.4037,-0.149272,0.221938,-0.0726657
bai,10.4037,-0.016703,-0.0995342,0.116237
bakes,10.4037,-0.0362756,-0.0409629,0.0772386
bakwaas,10.4037,0.162639,-0.0920459,-0.0705932
baloons,10.4037,-0.0660316,-0.142476,0.208507
banglore,10.4037,-0.231859,-0.00963265,0.241492
banks,10.4037,-0.0403673,-0.113913,0.15428
bare,10.4037,-0.0926412,0.114515,-0.0218735
barefoot,10.4037,-0.120366,-0.0969118,0.217277
basool,10.4037,-0.0279765,-0.0978752,0.125852
batary,10.4037,0.0960203,-0.217869,0.121849
bater,10.4037,-0.116968,0.190971,-0.0740037
batery,10.4037,-0.0872204,0.158353,-0.0711324
bbq,10.4037,0.0709077,-0.0970559,0.0261482
bead,10.4037,0.299474,-0.121817,-0.177657
beam,10.4037,-0.0831909,-0.017739,0.10093
beautyful,10.4037,-0.122835,-0.108167,0.231002
beds,10.4037,0.164988,-0.137594,-0.0273931
beets,10.4037,-0.00128705,-0.138089,0.139376
begginers,10.4037,-0.0639624,-0.111241,0.175204
belief,10.4037,-0.0350733,-0.091974,0.127047
benifits,10.4037,-0.0242248,-0.0230139,0.0472387
bess,10.4037,-0.180901,0.155848,0.0250527
betray,10.4037,0.00926959,-0.0523844,0.0431148
betterment,10.4037,-0.000647606,0.00318838,-0.00254078
bezel,10.4037,-0.0736999,-0.0767771,0.150477
bhajans,10.4037,-0.00858632,-0.146261,0.154847
bhut,10.4037,-0.0577912,-0.134978,0.19277
bigginers,10.4037,-0.014534,-0.133716,0.14825
billon,10.4037,-0.066325,-0.133629,0.199954
bin,10.4037,0.0256524,-0.0501469,0.0244945
binding,10.4037,-0.0307221,-0.128158,0.15888
blacks,10.4037,-0.000732099,-0.00360689,0.00433899
blame,10.4037,-0.102106,-0.0106526,0.112758
blazers,10.4037,-0.0253096,-0.147455,0.172765
blemishes,10.4037,-0.000808875,-0.0154826,0.0162915
blessed,10.4037,0.102643,-0.0156388,-0.0870043
blezer,10.4037,-0.0412112,-0.14356,0.184771
blocked,10.4037,-0.0781409,-0.052754,0.130895
blood,10.4037,0.165494,-0.270844,0.105351
bluethooth,10.4037,0.188232,-0.175324,-0.0129074
blurring,10.4037,-0.000393555,-0.287637,0.28803
bokka,10.4037,0.0612716,-0.0290882,-0.0321834
bouls,10.4037,-0.102473,-0.15252,0.254994
bow,10.4037,0.108197,-0.0660175,-0.0421793
br,10.4037,-0.0669747,0.161387,-0.0944128
brainer,10.4037,-0.0688595,-0.0974852,0.166345
branch,10.4037,-0.0246575,-0.0842026,0.10886
breadth,10.4037,0.11748,-0.0108671,-0.106613
breaked,10.4037,-0.0990564,0.160537,-0.0614804
brick,10.4037,-0.00295189,-0.224854,0.227806
brief,10.4037,-0.136979,0.165108,-0.0281293
broadcasting,10.4037,-0.0399449,-0.110924,0.150869
broduct,10.4037,0.203676,-0.155637,-0.0480388
broking,10.4037,0.153514,-0.101654,-0.0518605
brownie,10.4037,0.0405793,-0.0742822,0.0337029
bst,10.4037,-0.0906198,0.0823818,0.00823808
bu,10.4037,-0.115357,-0.173461,0.288819
bubseeing,10.4037,0.0920185,-0.0818409,-0.0101776
budgeted,10.4037,-0.0380944,0.0121298,0.0259647
buget,10.4037,0.189444,-0.233884,0.0444395
buid,10.4037,-0.00139781,-0.00826151,0.00965932
builds,10.4037,-0.0199512,-0.142083,0.162034
buld,10.4037,-0.229196,0.0822051,0.146991
bundled,10.4037,-0.174125,-0.159867,0.333992
burden,10.4037,-0.153278,0.14102,0.0122573
bursts,10.4037,0.117916,-0.202733,0.0848168
butif,10.4037,-0.0703194,-0.0945557,0.164875
butiful,10.4037,-0.116928,-0.122136,0.239064
buyable,10.4037,-0.199056,-0.0435147,0.24257
buyi,10.4037,-0.00917011,-0.0477832,0.0569533
buys,10.4037,-0.0897093,-0.0882481,0.177957
buyyy,10.4037,-0.0204686,-0.0812909,0.101759
buzz,10.4037,-0.0369609,-0.111537,0.148497
buzzing,10.4037,0.152789,-0.126518,-0.0262714
bypass,10.4037,-0.00138488,-0.0301874,0.0315723
byte,10.4037,-0.0408318,-0.0296964,0.0705282
cadbury,10.4037,-0.00210009,-0.065879,0.0679791
canceled,10.4037,0.0142586,-0.00336517,-0.0108934
cancelling,10.4037,0.00289336,-0.00150954,-0.00138382
candes,10.4037,-0.0185139,-0.0305042,0.0490181
cann,10.4037,0.035172,-0.107073,0.0719014
capacitor,10.4037,-0.0690156,-0.0391816,0.108197
capri,10.4037,-0.0147206,-0.267421,0.282142
cares,10.4037,0.0273614,-0.0350839,0.00772246
carpets,10.4037,-0.088206,-0.0720293,0.160235
casted,10.4037,-0.00250439,-0.203092,0.205597
cater,10.4037,-0.0211747,0.217431,-0.196256
cattle,10.4037,-0.101021,0.207995,-0.106973
celcius,10.4037,-0.144649,-0.0948803,0.239529
cells,10.4037,0.186852,-0.216666,0.0298149
celsius,10.4037,-0.115573,-0.0912068,0.20678
central,10.4037,-0.153611,0.0537769,0.0998338
centres,10.4037,-0.0381127,-0.0160079,0.0541205
centric,10.4037,-0.0132167,-0.0653942,0.0786109
chaing,10.4037,0.162947,-0.1432,-0.0197472
chanel,10.4037,-0.021164,-0.0581352,0.0792992
chemical,10.4037,-0.109487,0.193522,-0.0840344
childhood,10.4037,-0.0913046,-0.0603566,0.151661
chipest,10.4037,-0.0316151,-0.140784,0.172399
choco,10.4037,-0.045285,-0.00371669,0.0490017
chocolates,10.4037,-0.121613,-0.0809503,0.202563
chocolaty,10.4037,-0.00427691,-0.0855661,0.089843
chunk,10.4037,0.0913927,-0.0535404,-0.0378523
chunks,10.4037,0.0542769,-0.130309,0.0760323
circumstances,10.4037,-0.24552,0.106491,0.139029
cities,10.4037,-0.0387346,0.0859413,-0.0472067
cleanings,10.4037,-0.0168855,-0.165991,0.182876
clearty,10.4037,-0.0856478,0.193033,-0.107385
clicking,10.4037,-0.07528,-0.197831,0.273111
clockbut,10.4037,-0.132295,0.0990196,0.0332758
clour,10.4037,0.122526,-0.128222,0.00569643
clue,10.4037,-0.0500103,0.173811,-0.1238
coarse,10.4037,0.209601,-0.0687237,-0.140877
coder,10.4037,-0.00158387,-0.00531946,0.00690333
coders,10.4037,-0.00783744,-0.0386871,0.0465246
coils,10.4037,0.132739,-0.130871,-0.00186877
collapsible,10.4037,-0.0185902,-0.0659541,0.0845443
collected,10.4037,0.0605714,-0.0778795,0.0173081
collects,10.4037,-0.00100935,-0.0140857,0.0150951
combine,10.4037,-0.0584665,-0.156734,0.215201
comfert,10.4037,-0.156787,0.18281,-0.0260235
comfertable,10.4037,-0.0336592,-0.134191,0.167851
communicating,10.4037,-0.213181,-0.162322,0.375503
comparative,10.4037,-0.0534476,0.0368285,0.0166192
comparitively,10.4037,0.122515,-0.181181,0.0586656
competent,10.4037,-0.00078588,-0.0209174,0.0217033
competing,10.4037,0.06234,-0.0512062,-0.0111338
competitively,10.4037,-0.203561,-0.111192,0.314753
competitor,10.4037,-0.138046,0.0829088,0.0551375
complementary,10.4037,-0.0296415,-0.0559126,0.0855541
complexity,10.4037,-0.03517,0.148472,-0.113302
compliant,10.4037,-0.0463797,-0.0110232,0.057403
compton,10.4037,-0.00179034,0.068864,-0.0670737
compulsory,10.4037,0.123408,-0.0959805,-0.0274272
concentrate,10.4037,-0.309184,0.140562,0.168622
concentrated,10.4037,-0.177457,0.132436,0.0450204
concerning,10.4037,-0.00197615,0.16403,-0.162054
condenser,10.4037,0.163543,-0.166128,0.00258536
conditioni,10.4037,0.351628,-0.172236,-0.179391
cone,10.4037,0.000891793,-0.234041,0.23315
conection,10.4037,-0.14498,0.130178,0.0148021
confirmation,10.4037,0.0698695,-0.0363712,-0.0334982
confusions,10.4037,-0.0383299,-0.0576811,0.0960109
congested,10.4037,0.0379513,-0.107724,0.0697726
conscious,10.4037,-0.00397229,-0.0745217,0.078494
consignment,10.4037,-0.00495681,-0.239444,0.2444
constemar,10.4037,-0.0367584,0.191288,-0.154529
constraints,10.4037,0.109543,-0.116757,0.0072144
consultants,10.4037,0.0919979,-0.145519,0.0535209
consumables,10.4037,-0.0679299,-0.0759522,0.143882
consumers,10.4037,-0.000643007,0.0741991,-0.0735561
continued,10.4037,-0.34529,0.155823,0.189468
continuesly,10.4037,-0.0106971,-0.0346821,0.0453792
converter,10.4037,-0.161389,0.201479,-0.0400901
converts,10.4037,-0.159976,0.0712528,0.0887229
cooled,10.4037,-0.142128,0.198927,-0.0567992
coolest,10.4037,-0.089809,-0.0994064,0.189215
coool,10.4037,-0.116213,-0.128326,0.244539
copied,10.4037,0.146571,-0.0679317,-0.0786392
cores,10.4037,-0.000677759,-0.0860837,0.0867615
corona,10.4037,-0.00298735,-0.141553,0.14454
cosmic,10.4037,-0.0408318,-0.0296964,0.0705282
cottan,10.4037,-0.0903677,0.181859,-0.0914915
couldnt,10.4037,0.0414317,-0.275817,0.234385
counterpart,10.4037,-0.11756,-0.0537741,0.171334
coupon,10.4037,0.0779326,0.216636,-0.294568
crafts,10.4037,-0.0324267,-0.0988992,0.131326
creaks,10.4037,0.132418,-0.106032,-0.0263865
creat,10.4037,-0.163642,0.16801,-0.00436832
credentials,10.4037,0.000171928,0.0623351,-0.062507
credibility,10.4037,0.140245,-0.0319976,-0.108248
credited,10.4037,0.0471764,-0.0482345,0.00105804
creme,10.4037,-0.0663966,-0.126432,0.192828
cristal,10.4037,-0.0154472,-0.0993083,0.114756
crt,10.4037,-0.428556,-0.168934,0.59749
crushes,10.4037,-0.0133513,-0.133518,0.146869
crushing,10.4037,-0.214052,-0.0618431,0.275895
cuality,10.4037,-0.0816934,-0.132754,0.214447
cube,10.4037,-0.00665438,-0.128689,0.135343
cubes,10.4037,-0.0285755,-0.0688962,0.0974717
cunning,10.4037,0.133349,-0.0546725,-0.0786767
curd,10.4037,-0.0294485,0.159067,-0.129618
currency,10.4037,0.0854694,-0.156724,0.071255
curved,10.4037,0.0525533,-0.120416,0.067863
curving,10.4037,0.134253,-0.139779,0.0055255
customization,10.4037,-0.00977026,-0.104743,0.114513
customize,10.4037,-0.00597131,-0.132781,0.138752
cutlery,10.4037,-0.00705621,0.217543,-0.210487
cutters,10.4037,-0.0262432,-0.0996503,0.125894
dada,10.4037,-0.0290746,-0.115881,0.144956
dare,10.4037,-0.093419,0.12358,-0.0301609
deadly,10.4037,-0.0354584,-0.0372611,0.0727195
dealers,10.4037,-0.0054173,-0.0290573,0.0344746
debit,10.4037,-0.194435,0.242667,-0.0482317
decenti,10.4037,-0.0523484,-0.158333,0.210682
deciding,10.4037,-0.042853,-0.0291873,0.0720403
decisbles,10.4037,-0.000641616,-0.00124286,0.00188448
declined,10.4037,0.00671353,0.092866,-0.0995795
decorated,10.4037,-0.0301207,-0.157102,0.187223
ded,10.4037,0.0769169,-0.115489,0.0385719
deepawali,10.4037,-0.0167001,-0.074214,0.0909141
deeply,10.4037,-0.00348357,0.124078,-0.120594
deficult,10.4037,0.120221,-0.138347,0.0181264
deflection,10.4037,-0.0497878,-0.0841269,0.133915
delays,10.4037,-0.0971376,-0.149783,0.246921
delevry,10.4037,-0.0474439,-0.117691,0.165135
delicated,10.4037,0.142914,-0.0954361,-0.0474777
deliveryman,10.4037,-0.00106372,-0.0141104,0.0151741
delvery,10.4037,-0.000648365,-0.0083697,0.00901806
demanded,10.4037,-0.0886052,0.124339,-0.0357335
demonstrated,10.4037,-0.00192099,-0.00320678,0.00512777
demos,10.4037,-0.00393561,-0.00271356,0.00664917
den,10.4037,0.0655889,-0.177654,0.112065
dense,10.4037,-0.017183,-0.143506,0.160689
descaling,10.4037,-0.00253953,-0.0027108,0.00525033
designers,10.4037,-0.0364691,-0.016274,0.0527431
desine,10.4037,-0.0435854,0.12568,-0.0820951
dezine,10.4037,-0.0661414,-0.102268,0.168409
dhamaka,10.4037,-0.0792772,-0.0792332,0.15851
di,10.4037,-0.000644259,-0.00125558,0.00189984
diamond,10.4037,0.00432073,-0.11746,0.11314
didt,10.4037,0.103819,-0.0707001,-0.0331194
differences,10.4037,-0.00656404,0.356223,-0.349659
dilevry,10.4037,-0.0726168,-0.121704,0.19432
dimension,10.4037,-0.126016,-0.134144,0.260161
din,10.4037,-0.0546042,-0.0555253,0.110129
dinnerset,10.4037,-0.0568166,-0.106969,0.163786
directions,10.4037,-0.00471542,-0.032496,0.0372114
disadvantages,10.4037,-0.111403,-0.109008,0.220411
disappeared,10.4037,0.224885,-0.157498,-0.0673868
discolour,10.4037,0.123432,-0.0859101,-0.0375219
disine,10.4037,0.142568,-0.123754,-0.0188139
dissapoint,10.4037,-0.18634,0.192412,-0.00607156
dissipation,10.4037,-0.122634,-0.138255,0.260889
dist,10.4037,-0.206911,0.127979,0.0789323
distances,10.4037,-0.0240253,-0.0859033,0.109929
disturb,10.4037,0.0446602,0.128299,-0.172959
diswasher,10.4037,-0.087804,-0.0693884,0.157192
document,10.4037,-0.0589634,-0.0573321,0.116296
doen,10.4037,-0.00894743,0.116266,-0.107319
doest,10.4037,0.0254414,0.00286903,-0.0283104
doll,10.4037,0.157008,-0.138321,-0.0186877
dono,10.4037,0.0410511,-0.105843,0.0647914
dor,10.4037,0.0184265,-0.09608,0.0776535
dosen,10.4037,-0.0436919,0.0299912,0.0137007
downgrade,10.4037,0.196294,-0.0519515,-0.144343
dp,10.4037,-0.0948242,-0.0983477,0.193172
drag,10.4037,0.0327483,-0.0610313,0.0282831
drilled,10.4037,-0.167678,0.17588,-0.00820163
dummy,10.4037,0.169093,-0.0848004,-0.084293
dupper,10.4037,-0.037122,-0.0812765,0.118399
dx,10.4037,-0.058801,-0.121516,0.180317
earliest,10.4037,-0.151957,0.108018,0.0439384
earning,10.4037,-0.00410442,-0.102333,0.106438
earphones,10.4037,-0.08038,0.169943,-0.0895635
eased,10.4037,-0.0147296,-0.0465334,0.061263
economy,10.4037,-0.0144204,-0.112776,0.127196
editor,10.4037,-0.0122663,-0.092795,0.105061
educational,10.4037,-0.00758731,-0.270352,0.27794
effeciently,10.4037,0.034302,-0.127777,0.0934746
eject,10.4037,-0.0406103,0.025275,0.0153354
elderly,10.4037,-0.0485613,-0.0371261,0.0856874
electricians,10.4037,-0.0572583,-0.00294998,0.0602083
eligible,10.4037,0.0096982,-0.00836874,-0.00132947
employees,10.4037,-0.0404542,-0.135132,0.175586
ending,10.4037,-0.0983385,0.156346,-0.0580073
endorse,10.4037,-0.000794073,-0.00719124,0.00798531
endurance,10.4037,0.0435037,-0.033156,-0.0103477
enhancement,10.4037,0.308191,-0.165805,-0.142387
enquiry,10.4037,0.0960319,-0.120922,0.0248898
equipments,10.4037,0.0448374,-0.0625004,0.017663
equivalent,10.4037,-0.139403,0.174308,-0.0349052
era,10.4037,-0.0110945,-0.140283,0.151377
erased,10.4037,0.078917,-0.0279812,-0.0509357
es,10.4037,-0.0166866,-0.104001,0.120688
established,10.4037,0.121387,-0.114079,-0.0073085
events,10.4037,-0.0147632,-0.0098629,0.0246261
everythings,10.4037,-0.0281113,-0.13342,0.161531
evry,10.4037,-0.00150286,-0.00205546,0.00355833
evrything,10.4037,-0.037326,-0.159323,0.196649
exage,10.4037,-0.075033,0.116321,-0.0412884
exam,10.4037,-0.0294107,0.0665644,-0.0371537
exceedingly,10.4037,0.159049,-0.148628,-0.0104201
exception,10.4037,0.0554487,-0.0636591,0.00821039
excess,10.4037,0.13113,-0.213929,0.0827991
exciting,10.4037,-0.0162962,-0.0187936,0.0350898
excllent,10.4037,-0.104179,-0.120409,0.224588
excuse,10.4037,0.0156004,-0.0166972,0.00109677
execellent,10.4037,-0.116212,-0.114451,0.230663
exelant,10.4037,-0.109429,-0.123711,0.23314
exfloliates,10.4037,-0.000691562,-0.00656236,0.00725392
existent,10.4037,-0.111538,0.336979,-0.225441
exit,10.4037,0.0426266,-0.0757331,0.0331066
exited,10.4037,-0.176951,0.128969,0.0479815
experiments,10.4037,-0.136703,-0.0536064,0.19031
expirence,10.4037,0.142069,-0.100237,-0.0418325
explanatory,10.4037,-0.0470064,-0.0237636,0.07077
exploring,10.4037,-0.168421,0.0749803,0.0934407
extensively,10.4037,-0.00494673,-0.135266,0.140213
extention,10.4037,-0.00253953,-0.0027108,0.00525033
fabulously,10.4037,-0.0493208,-0.154197,0.203518
facewash,10.4037,-0.0635431,-0.059123,0.122666
fascinated,10.4037,-0.112475,-0.123011,0.235485
fasting,10.4037,0.138682,-0.149181,0.0104996
fastrack,10.4037,-0.00101685,-0.00698635,0.0080032
faviquick,10.4037,-0.0563304,-0.00374874,0.0600792
featurs,10.4037,-0.0149926,-0.10601,0.121003
feed,10.4037,-0.0352091,-0.0549822,0.0901913
fevicol,10.4037,0.131673,-0.178392,0.0467191
fibernet,10.4037,-0.228636,-0.00446796,0.233104
fields,10.4037,-0.022577,-0.0166062,0.0391832
fight,10.4037,-0.00446138,-0.0363531,0.0408145
fighting,10.4037,-0.00732518,-0.0179651,0.0252902
filament,10.4037,-0.0485204,-0.130228,0.178749
fillings,10.4037,-0.118677,-0.193773,0.31245
fills,10.4037,-0.0161516,-0.114798,0.13095
filpkard,10.4037,-0.0204443,-0.0851583,0.105603
firmness,10.4037,0.175757,-0.0849556,-0.090801
fishy,10.4037,-0.173137,0.0260593,0.147078
flames,10.4037,0.00842611,-0.0654628,0.0570367
flaps,10.4037,-0.152341,0.17744,-0.0250994
flats,10.4037,-0.0763208,-0.0775296,0.15385
flattened,10.4037,0.146625,-0.1414,-0.00522421
fli,10.4037,-0.00474419,-0.0438725,0.0486167
flipakart,10.4037,-0.00583233,-0.0725367,0.078369
flipart,10.4037,-0.0230019,-0.0863585,0.10936
flipkartfor,10.4037,-0.0363507,-0.0639412,0.100292
flipkartgood,10.4037,-0.0644526,-0.0783924,0.142845
flipkarti,10.4037,0.000545821,-0.019531,0.0189851
flipkartnice,10.4037,-0.0437759,-0.134375,0.17815
flippcart,10.4037,-0.00104402,-0.0814105,0.0824545
flipt,10.4037,0.022817,-0.0367272,0.0139102
flood,10.4037,-0.0686818,-0.0695005,0.138182
floral,10.4037,-0.0746181,0.177179,-0.102561
flowering,10.4037,-0.109953,-0.116704,0.226657
fluctuating,10.4037,0.100876,-0.158109,0.057233
fluently,10.4037,-0.00501082,-0.0302334,0.0352442
foe,10.4037,-0.0436539,-0.127429,0.171083
footage,10.4037,-0.18858,0.18338,0.00519989
forehead,10.4037,-0.0564738,-0.0280074,0.0844812
formality,10.4037,-0.0325039,0.254915,-0.222411
formals,10.4037,-0.00600538,-0.0472717,0.0532771
formation,10.4037,-0.0213312,-0.148209,0.16954
formatted,10.4037,-0.0073596,-0.071016,0.0783756
forms,10.4037,0.0110536,0.0805628,-0.0916164
freak,10.4037,-0.0917699,0.231757,-0.139987
freaks,10.4037,-0.0110689,-0.199303,0.210372
freely,10.4037,-0.337987,0.243045,0.0949419
freshness,10.4037,-0.0930253,0.149379,-0.0563535
fries,10.4037,0.193412,-0.165576,-0.0278362
frills,10.4037,-0.152523,-0.307505,0.460028
frizzy,10.4037,-0.00705997,-0.0267814,0.0338414
fro,10.4037,-0.00138291,-0.0350378,0.0364207
frst,10.4037,-0.0771512,0.150411,-0.0732601
fst,10.4037,-0.023326,-0.0742918,0.0976178
fta,10.4037,0.0196341,-0.0510927,0.0314586
fullfills,10.4037,-0.114624,-0.0828146,0.197439
funtastic,10.4037,-0.121908,-0.112949,0.234857
gallery,10.4037,0.0495404,-0.0708542,0.0213137
gamming,10.4037,-0.0490621,-0.136136,0.185198
gamut,10.4037,-0.000682405,-0.00127513,0.00195754
geeting,10.4037,-0.105412,0.135,-0.0295878
geforce,10.4037,-0.000648746,-0.00276827,0.00341702
generating,10.4037,0.0831306,-0.194514,0.111383
generic,10.4037,-0.0424399,-0.0481544,0.0905943
gentlemen,10.4037,-0.0941341,0.0876505,0.00648357
gestures,10.4037,-0.117523,0.274282,-0.156759
ghatia,10.4037,0.204,-0.110221,-0.0937791
giga,10.4037,-0.0544944,0.0398668,0.0146276
gimmick,10.4037,-0.0231874,0.180581,-0.157393
git,10.4037,0.203221,-0.195863,-0.00735846
gk,10.4037,0.113335,-0.0923473,-0.0209881
glare,10.4037,-0.00213553,-0.062015,0.0641506
glassware,10.4037,-0.0427385,0.123969,-0.0812309
glows,10.4037,-0.143065,-0.0144227,0.157488
gmail,10.4037,-0.0277223,-0.0988502,0.126572
gms,10.4037,0.142247,-0.0619622,-0.0802843
goal,10.4037,-0.00348511,-0.0111143,0.0145994
gon,10.4037,0.112804,-0.0302589,-0.0825455
goodcons,10.4037,0.172012,-0.0752775,-0.0967349
goodd,10.4037,-0.126982,-0.125201,0.252183
goodeasy,10.4037,-0.132324,-0.11985,0.252175
goodmy,10.4037,-0.0913596,-0.0639747,0.155334
goodnice,10.4037,-0.0936965,-0.144649,0.238345
goodpacking,10.4037,-0.0985256,-0.122404,0.22093
goodquality,10.4037,-0.100067,-0.111415,0.211482
goodthanks,10.4037,-0.0353583,-0.0995441,0.134902
goooood,10.4037,-0.104208,-0.109573,0.213781
gooooooood,10.4037,-0.115466,-0.109876,0.225342
gorilla,10.4037,-0.00338814,-0.241611,0.244999
gotta,10.4037,-0.006059,-0.0586431,0.0647021
gourd,10.4037,-0.00610846,-0.333277,0.339386
government,10.4037,0.296383,-0.177166,-0.119218
gps,10.4037,-0.0756746,0.191367,-0.115693
grabbed,10.4037,-0.000712793,-0.00210796,0.00282075
grassy,10.4037,-0.00377234,-0.0933007,0.097073
gravy,10.4037,0.13355,-0.00697183,-0.126578
greate,10.4037,-0.0984441,-0.104098,0.202542
greesy,10.4037,-0.0110668,-0.0104484,0.0215151
grest,10.4037,-0.101769,-0.0957284,0.197497
griding,10.4037,-0.0952305,0.121694,-0.0264631
gupta,10.4037,-0.00210241,-0.04047,0.0425724
guts,10.4037,-0.0566181,0.078899,-0.0222808
gya,10.4037,-0.0143247,-0.0599579,0.0742826
hack,10.4037,-0.030049,-0.0349033,0.0649523
hadn,10.4037,-0.00031589,-0.0029201,0.00323599
hain,10.4037,-0.147176,0.146062,0.00111475
handing,10.4037,0.0596829,-0.088528,0.0288451
handlebar,10.4037,0.0676404,-0.0697958,0.00215548
handsome,10.4037,-0.0130855,-0.158552,0.171637
hangging,10.4037,0.0291406,-0.183791,0.15465
happygood,10.4037,-0.130772,-0.122692,0.253464
happyvery,10.4037,-0.0789438,-0.121811,0.200755
hardground,10.4037,-0.33076,-0.0414356,0.372195
hardworking,10.4037,-0.00140019,-0.00456031,0.0059605
hasn,10.4037,-0.169609,0.137072,0.032537
hat,10.4037,0.194085,-0.051123,-0.142962
havvy,10.4037,-0.076685,0.0417689,0.0349161
hdfc,10.4037,-0.00806587,-0.00208172,0.0101476
heading,10.4037,0.0390586,-0.100352,0.0612933
heigh,10.4037,0.16066,-0.16482,0.0041597
helful,10.4037,-0.133133,-0.090536,0.223669
helper,10.4037,-0.0375134,-0.0822339,0.119747
hh,10.4037,0.237375,-0.00460185,-0.232773
higly,10.4037,-0.12178,-0.0702799,0.19206
hmmm,10.4037,-0.0339177,-0.100155,0.134073
homepod,10.4037,-0.00135792,-0.00354408,0.004902
hometown,10.4037,-0.0193006,-0.0229565,0.0422571
honesty,10.4037,0.126041,-0.0123575,-0.113684
honor,10.4037,-0.0720698,0.0764858,-0.00441605
hop,10.4037,-0.0797749,-0.156914,0.236688
hospital,10.4037,-0.0759009,0.193332,-0.117431
hostels,10.4037,-0.0153784,-0.00657558,0.021954
hrx,10.4037,0.0608847,-0.133509,0.0726248
hung,10.4037,0.173567,-0.207218,0.033651
hungry,10.4037,-0.0280213,-0.0205708,0.0485921
hype,10.4037,0.299484,-0.0766622,-0.222822
ic,10.4037,-0.0910979,-0.0595411,0.150639
ideas,10.4037,0.0373694,-0.0663051,0.0289357
identified,10.4037,0.286059,-0.143157,-0.142902
idiot,10.4037,0.0632434,-0.0749851,0.0117417
iis,10.4037,0.0666009,-0.107137,0.0405364
iit,10.4037,-0.0611527,-0.157166,0.218319
illiterate,10.4037,0.206722,-0.176308,-0.0304134
illumination,10.4037,0.0372665,0.0862452,-0.123512
imbalance,10.4037,-0.0602828,0.207758,-0.147475
improves,10.4037,-0.0170172,-0.0541494,0.0711666
improvised,10.4037,-0.147067,0.198185,-0.0511183
inactivity,10.4037,-0.157227,-0.171662,0.328889
incompatible,10.4037,0.0356631,-0.0463998,0.0107367
inconvenient,10.4037,0.0679199,-0.0640378,-0.00388208
independently,10.4037,0.134586,-0.0677616,-0.0668246
indicated,10.4037,0.153788,-0.0887856,-0.0650027
indications,10.4037,-0.0368251,-0.105321,0.142146
industry,10.4037,0.00532459,-0.00639076,0.00106617
inexpensive,10.4037,0.0576688,-0.0825838,0.024915
inexperienced,10.4037,-0.379225,0.282722,0.0965026
infection,10.4037,0.0934758,-0.102016,0.00854041
inflating,10.4037,0.178112,-0.157881,-0.0202306
infront,10.4037,0.101416,-0.0872947,-0.0141214
inkjet,10.4037,0.130109,-0.142421,0.0123125
insect,10.4037,0.253114,-0.269241,0.0161271
insides,10.4037,0.156506,-0.0455258,-0.11098
installable,10.4037,-0.0387321,-0.0171085,0.0558406
instillation,10.4037,0.0555589,-0.141258,0.0856987
institution,10.4037,-0.0495988,-0.147293,0.196892
insufficient,10.4037,0.0141122,-0.080764,0.0666518
intention,10.4037,-0.0713397,-0.159689,0.231029
interestingly,10.4037,-0.0492335,0.0642996,-0.0150661
intex,10.4037,0.0961194,-0.109085,0.0129656
intrested,10.4037,-0.0672683,-0.0709328,0.138201
introduction,10.4037,-0.0284265,-0.0584406,0.0868671
iot,10.4037,-0.078227,-0.104324,0.182551
ipados,10.4037,-0.0706841,-0.034931,0.105615
ipads,10.4037,0.127002,-0.0204908,-0.106511
irregular,10.4037,0.193375,-0.130375,-0.0630002
irs,10.4037,0.106041,-0.132955,0.0269143
iruku,10.4037,-0.0241786,-0.0615295,0.085708
iso,10.4037,-0.174551,0.0475878,0.126964
issu,10.4037,0.177996,-0.172318,-0.00567837
isue,10.4037,0.179451,-0.132949,-0.0465023
itdoes,10.4037,0.0914953,-0.0773537,-0.0141417
itm,10.4037,-0.107295,-0.108011,0.215306
itne,10.4037,-0.0794581,-0.0713591,0.150817
itreally,10.4037,-0.043182,-0.0929068,0.136089
itthanks,10.4037,-0.0605909,-0.0655505,0.126141
itvalue,10.4037,-0.0537683,-0.131712,0.18548
jacket,10.4037,0.0237245,-0.0750181,0.0512936
january,10.4037,0.103454,-0.0942443,-0.00921001
jaw,10.4037,-0.00980664,-0.0793831,0.0891898
jerking,10.4037,0.0601214,0.056706,-0.116827
jersey,10.4037,0.118446,-0.0771328,-0.0413133
jevees,10.4037,0.0323607,-0.0967856,0.0644249
jiffy,10.4037,0.00303694,-0.0828508,0.0798138
jiofi,10.4037,-0.19876,0.348741,-0.149982
jk,10.4037,-0.116172,-0.114417,0.230589
jo,10.4037,-0.0593647,-0.101977,0.161342
jugad,10.4037,-0.126744,0.180065,-0.0533212
justice,10.4037,-0.0863368,0.109274,-0.0229369
kattle,10.4037,0.211065,-0.22249,0.011425
kicks,10.4037,0.0260678,-0.0247545,-0.00131333
kidds,10.4037,-0.0502614,-0.13128,0.181542
kk,10.4037,-0.0284301,-0.105106,0.133536
kneder,10.4037,-0.0356836,0.100301,-0.0646177
knife,10.4037,-0.0169564,-0.126396,0.143352
knw,10.4037,0.0380977,-0.0681399,0.0300422
kuvings,10.4037,-0.039516,-0.048996,0.088512
lab,10.4037,-0.0740951,0.0136772,0.0604179
labels,10.4037,-0.0721318,-0.132939,0.205071
lam,10.4037,-0.0285447,-0.0738812,0.102426
laopala,10.4037,-0.124821,0.11899,0.00583065
laptopperformance,10.4037,-0.051084,-0.141369,0.192453
laundry,10.4037,-0.0317777,-0.143467,0.175244
leads,10.4037,-0.00153565,-0.00136732,0.00290297
leakages,10.4037,0.0222748,-0.0788732,0.0565985
legal,10.4037,0.140666,-0.0436547,-0.0970109
lengths,10.4037,-0.126976,0.192164,-0.065188
licking,10.4037,-0.00430803,0.0805809,-0.0762729
lighten,10.4037,-0.000864006,-0.00141888,0.00228289
lightest,10.4037,0.232618,-0.151905,-0.0807135
ligth,10.4037,0.113532,-0.210572,0.0970397
lik,10.4037,-0.0980586,-0.103469,0.201527
likeit,10.4037,-0.0830152,-0.118638,0.201653
limits,10.4037,-0.165325,-0.0549546,0.22028
linking,10.4037,-0.00601688,-0.0455541,0.051571
listens,10.4037,0.036331,-0.0420181,0.00568703
littel,10.4037,0.196552,-0.156859,-0.0396934
lived,10.4037,-0.0198161,-0.163983,0.183799
liver,10.4037,0.165608,-0.143632,-0.0219751
lobby,10.4037,-0.106355,-0.119297,0.225652
lobe,10.4037,-0.0420232,-0.0991077,0.141131
longest,10.4037,-0.0770434,-0.0200182,0.0970616
loudest,10.4037,-0.0293503,0.196888,-0.167537
loyalty,10.4037,0.00209965,-0.0769833,0.0748837
luk,10.4037,-0.0347768,-0.232506,0.267283
luke,10.4037,-0.0783766,-0.0895797,0.167956
luking,10.4037,0.318164,-0.279029,-0.0391352
luxurious,10.4037,-0.0342551,-0.123755,0.158011
lvl,10.4037,-0.12347,0.192676,-0.0692061
ly,10.4037,-0.216062,-0.0709905,0.287052
maggie,10.4037,-0.0359409,-0.140114,0.176055
mai,10.4037,-0.061554,-0.106064,0.167618
makers,10.4037,-0.000832907,-0.00986211,0.010695
makeup,10.4037,-0.0720259,0.299497,-0.227471
manq,10.4037,-0.0281583,-0.0438602,0.0720185
map,10.4037,-0.102767,-0.207727,0.310494
martial,10.4037,0.0624459,-0.134641,0.0721952
mashin,10.4037,-0.0557308,-0.111527,0.167258
mashine,10.4037,-0.0937832,-0.0390446,0.132828
mausmi,10.4037,-0.0582159,0.0256405,0.0325754
mc,10.4037,-0.0426653,-0.0870118,0.129677
meds,10.4037,-0.0485626,-0.0120219,0.0605845
meeting,10.4037,-0.0977164,-0.269977,0.367693
mega,10.4037,0.145986,-0.115007,-0.0309793
mein,10.4037,-0.0188031,-0.0629043,0.0817075
melamine,10.4037,-0.0591006,-0.100086,0.159186
memories,10.4037,0.0106351,-0.105014,0.0943787
mentions,10.4037,-0.0599655,0.111094,-0.0511288
messing,10.4037,0.263167,-0.234772,-0.0283948
mfg,10.4037,-0.0401935,-0.0772599,0.117453
mice,10.4037,0.117321,-0.163297,0.0459762
midiyam,10.4037,-0.195224,0.117485,0.0777391
midnight,10.4037,-0.000664808,-0.0124852,0.01315
midrange,10.4037,-0.0633569,-0.0968962,0.160253
midum,10.4037,-0.000663367,-0.00124279,0.00190616
milkshake,10.4037,0.0927035,-0.070584,-0.0221195
million,10.4037,-0.0699682,-0.0614596,0.131428
miltan,10.4037,-0.054388,-0.100854,0.155242
minded,10.4037,0.0161314,-0.0191721,0.00304064
minerals,10.4037,0.43624,-0.193262,-0.242978
minut,10.4037,-0.0302301,-0.099009,0.129239
misguide,10.4037,0.0843637,0.00524929,-0.089613
misguiding,10.4037,0.0215047,-0.0122897,-0.00921497
miter,10.4037,0.134395,-0.140193,0.00579753
mites,10.4037,-0.0301649,-0.082909,0.113074
mmm,10.4037,0.0848857,0.0265243,-0.11141
mobility,10.4037,-0.178373,-0.00589855,0.184272
moist,10.4037,0.0431165,-0.115942,0.0728253
molded,10.4037,0.0434751,0.0364758,-0.0799509
moneyjust,10.4037,-0.00989745,-0.0269844,0.0368818
moneymy,10.4037,0.018253,-0.0318555,0.0136025
moneythis,10.4037,-0.0236436,-0.0816739,0.105318
monitored,10.4037,-0.000747719,-0.025692,0.0264397
monk,10.4037,-0.14246,0.0669432,0.0755166
mosquito,10.4037,-0.45715,0.404446,0.0527039
muffins,10.4037,-0.052789,-0.00170017,0.0544892
multifunctional,10.4037,-0.00400292,-0.0233702,0.0273732
multivitamin,10.4037,-0.0732306,-0.0482807,0.121511
mum,10.4037,0.063119,-0.010086,-0.053033
mummy,10.4037,-0.00940661,-0.0378971,0.0473037
naice,10.4037,-0.119323,-0.121738,0.241061
nailed,10.4037,-0.00963949,-0.00624729,0.0158868
names,10.4037,0.187512,-0.135006,-0.0525057
naren,10.4037,-0.00369952,-0.00762238,0.0113219
national,10.4037,0.095306,-0.158178,0.0628716
navy,10.4037,-0.0230969,-0.236337,0.259434
necessity,10.4037,-0.0411821,-0.0851763,0.126358
needless,10.4037,-0.0300191,0.18348,-0.153461
negligence,10.4037,0.0939363,-0.0844105,-0.00952587
netgear,10.4037,0.0928701,0.0297054,-0.122575
nfc,10.4037,-0.000794073,-0.00719124,0.00798531
nicc,10.4037,-0.148037,0.157252,-0.00921501
niceand,10.4037,-0.0788349,-0.0960295,0.174864
niceeeeee,10.4037,-0.126982,-0.125201,0.252183
niceone,10.4037,-0.126982,-0.125201,0.252183
nices,10.4037,-0.164531,0.141369,0.0231617
niche,10.4037,-0.117073,-0.110604,0.227677
nick,10.4037,-0.010108,-0.124837,0.134945
nics,10.4037,-0.145329,0.150025,-0.00469662
niece,10.4037,-0.0983011,-0.0463301,0.144631
nightmare,10.4037,0.00864826,-0.00782596,-0.0008223
nitro,10.4037,-0.00182159,-0.00884275,0.0106643
nly,10.4037,-0.116699,0.141787,-0.0250886
nob,10.4037,0.163991,-0.0844642,-0.0795264
nodoubt,10.4037,-0.0609734,-0.0902638,0.151237
nois,10.4037,-0.0200862,0.0762316,-0.0561454
notifies,10.4037,-0.0015531,-0.0323832,0.0339363
nourish,10.4037,-0.000996265,-0.0521678,0.0531641
novice,10.4037,-0.0929664,0.101082,-0.0081151
nursery,10.4037,0.113114,-0.00641861,-0.106695
nutrient,10.4037,-0.000970383,-0.0746848,0.0756552
nutrition,10.4037,-0.00733872,-0.060565,0.0679037
occupying,10.4037,-0.000693387,-0.00464033,0.00533372
occured,10.4037,-0.0771715,-0.0788381,0.15601
odisha,10.4037,-0.00144421,0.142991,-0.141547
offordable,10.4037,-0.0318869,-0.122948,0.154835
offroad,10.4037,-0.00252531,-0.0189401,0.0214654
offs,10.4037,-0.0374828,0.0853091,-0.0478263
okquality,10.4037,-0.160097,0.247263,-0.0871658
onebut,10.4037,-0.0937324,0.103115,-0.00938219
onto,10.4037,-0.0199278,0.0918979,-0.0719701
ony,10.4037,0.0422531,0.0803519,-0.122605
opted,10.4037,0.197037,-0.0740811,-0.122956
organiser,10.4037,0.112466,-0.177833,0.0653664
organized,10.4037,-0.0415336,-0.0991937,0.140727
oroduct,10.4037,-0.0929594,-0.1476,0.240559
osem,10.4037,-0.0936078,-0.129565,0.223173
ost,10.4037,0.186887,-0.116194,-0.0706931
ota,10.4037,-0.0437172,0.0643255,-0.0206083
ourself,10.4037,-0.0428989,0.0962934,-0.0533944
outgoing,10.4037,-0.0727514,-0.150002,0.222753
outs,10.4037,-0.108946,0.0967813,0.012165
outstandin,10.4037,-0.000947387,-0.00459818,0.00554556
ov,10.4037,-0.0198766,-0.12354,0.143416
overloaded,10.4037,0.0550063,-0.155797,0.100791
owe,10.4037,-0.108477,-0.101274,0.209751
packaginggood,10.4037,-0.0253598,-0.138651,0.164011
paijama,10.4037,-0.000794073,-0.00719124,0.00798531
paining,10.4037,-0.0828759,0.187412,-0.104537
paints,10.4037,-0.0778041,0.194158,-0.116353
palte,10.4037,-0.00193553,-0.062821,0.0647566
papa,10.4037,-0.0664176,-0.053806,0.120224
paraben,10.4037,-0.0240975,0.0949478,-0.0708503
parameters,10.4037,-0.0668636,-0.0982269,0.165091
paratha,10.4037,-0.00656365,-0.12703,0.133594
parches,10.4037,0.0889518,-0.132111,0.0431594
pare,10.4037,-0.0941857,0.103921,-0.00973529
parson,10.4037,-0.00732659,-0.0876492,0.0949758
partitions,10.4037,0.0489329,0.0144039,-0.0633368
patiently,10.4037,0.0161352,-0.00496333,-0.0111719
pause,10.4037,0.0134743,0.13094,-0.144414
pawar,10.4037,-0.0784079,-0.0992607,0.177669
pdt,10.4037,-0.114183,0.0826114,0.0315714
pe,10.4037,-0.00734089,-0.0745991,0.08194
peaceful,10.4037,-0.059371,-0.109152,0.168523
peddle,10.4037,-0.00191246,0.0740421,-0.0721296
peeled,10.4037,0.029695,0.144944,-0.174639
peices,10.4037,0.124599,-0.169449,0.0448498
peking,10.4037,0.05893,-0.167652,0.108722
perception,10.4037,0.191636,-0.121639,-0.0699973
performace,10.4037,-0.0422497,-0.144563,0.186813
permanently,10.4037,0.0646742,-0.0257548,-0.0389194
pesticides,10.4037,-0.146379,-0.0126345,0.159014
petty,10.4037,0.150962,-0.21997,0.0690082
phonei,10.4037,0.0162949,-0.0425059,0.0262109
photoshoot,10.4037,-0.0449767,-0.092309,0.137286
pi,10.4037,-0.0555695,-0.0994711,0.155041
pie,10.4037,-0.0936624,-0.0549163,0.148579
pillo,10.4037,-0.0930798,0.18631,-0.0932306
pincode,10.4037,-0.0085858,-0.15603,0.164616
pixal,10.4037,-0.124235,-0.0571819,0.181417
plank,10.4037,0.022841,-0.0474332,0.0245922
planned,10.4037,-0.184975,-0.0970218,0.281997
planting,10.4037,-0.0535168,-0.166323,0.219839
plat,10.4037,-0.081661,-0.0169838,0.0986448
pleasure,10.4037,-0.00462149,-0.00300676,0.00762825
plss,10.4037,0.164492,-0.177511,0.0130183
plugging,10.4037,-0.175372,0.101472,0.0738999
plzzzz,10.4037,0.00198899,-0.0412136,0.0392246
podact,10.4037,-0.0502614,-0.13128,0.181542
poket,10.4037,0.182971,-0.139243,-0.043728
polluted,10.4037,-0.000947387,-0.00459818,0.00554556
polycarbonate,10.4037,-0.0249441,-0.0512632,0.0762072
pool,10.4037,0.190811,-0.158814,-0.0319965
poori,10.4037,0.303889,-0.140172,-0.163717
popcorn,10.4037,-0.0359015,-0.193668,0.22957
popping,10.4037,-0.0327622,-0.0342262,0.0669884
positivity,10.4037,-0.180249,0.1196,0.0606494
potatoes,10.4037,-0.206845,-0.13504,0.341885
potting,10.4037,-0.0827694,-0.176222,0.258992
powercut,10.4037,-0.000905352,-0.0145756,0.0154809
pp,10.4037,-0.0635408,-0.138006,0.201547
practicing,10.4037,0.0131725,-0.0592029,0.0460304
pradoct,10.4037,0.000381489,-0.17112,0.170739
praise,10.4037,-0.0676172,0.139808,-0.0721903
prajapati,10.4037,-0.000754959,-0.00508891,0.00584387
prasad,10.4037,-0.00621816,-0.0656592,0.0718773
precisely,10.4037,0.0322098,-0.0489423,0.0167324
preferably,10.4037,0.0682728,0.0414936,-0.109766
preference,10.4037,0.406684,-0.385239,-0.0214453
preheat,10.4037,-0.0988928,-0.164806,0.263699
premier,10.4037,-0.00164631,-0.00597077,0.00761709
prep,10.4037,-0.0464887,-0.0429636,0.0894523
prepaid,10.4037,0.391988,-0.181961,-0.210027
pricethank,10.4037,-0.0480392,-0.140115,0.188155
prive,10.4037,0.00388939,0.174127,-0.178016
problam,10.4037,0.0753209,-0.151429,0.0761083
proceed,10.4037,-0.0208899,-0.118533,0.139423
processed,10.4037,-0.0309793,-0.0730599,0.104039
procuct,10.4037,0.00665806,-0.174369,0.167711
prodack,10.4037,-0.0835178,-0.12013,0.203647
prodict,10.4037,0.0465657,-0.159308,0.112743
prodoct,10.4037,-0.0626747,-0.315676,0.378351
producer,10.4037,-0.102936,-0.0933821,0.196318
producr,10.4037,-0.0458635,-0.205299,0.251162
productbuild,10.4037,-0.106003,0.0919287,0.014074
producteasy,10.4037,-0.0767262,-0.121479,0.198205
productexcellent,10.4037,-0.0461505,-0.0887369,0.134887
productfast,10.4037,-0.113415,-0.103477,0.216892
productfully,10.4037,-0.0985198,-0.134821,0.233341
producthappy,10.4037,-0.0559427,-0.12318,0.179122
productits,10.4037,0.130849,-0.203374,0.0725252
productjust,10.4037,-0.0248875,-0.0555102,0.0803978
productloved,10.4037,-0.0471973,-0.104867,0.152064
productno,10.4037,-0.0142463,-0.105144,0.11939
productplease,10.4037,-0.0713007,-0.056871,0.128172
productsand,10.4037,0.00151047,-0.0540603,0.0525498
productsi,10.4037,-0.0223029,-0.0951337,0.117437
productso,10.4037,0.0433596,-0.121144,0.0777848
productthanku,10.4037,-0.0688271,-0.0966838,0.165511
productthey,10.4037,-0.0562905,-0.0524332,0.108724
productworking,10.4037,-0.080734,-0.136185,0.216919
produst,10.4037,0.121602,-0.0755275,-0.0460745
produuct,10.4037,0.0465086,-0.105643,0.059134
prof,10.4037,-0.0402475,-0.106208,0.146455
proformance,10.4037,-0.233253,-0.0883283,0.321581
programing,10.4037,0.0989114,-0.125195,0.0262835
programmers,10.4037,-0.0471701,-0.0920575,0.139228
promoting,10.4037,0.10778,-0.0693267,-0.0384532
prons,10.4037,0.352808,-0.0360818,-0.316726
prosgood,10.4037,-0.162208,0.283822,-0.121614
prospective,10.4037,0.292151,-0.104782,-0.18737
protocolproduct,10.4037,-0.000641616,-0.00124286,0.00188448
proudest,10.4037,-0.0353083,-0.133182,0.16849
proudut,10.4037,0.0457962,-0.0701467,0.0243506
provid,10.4037,-0.0115138,-0.0570179,0.0685317
prudect,10.4037,-0.0748246,-0.119568,0.194392
pulpy,10.4037,-0.032172,-0.145462,0.177634
punchered,10.4037,0.0678247,0.0859996,-0.153824
pura,10.4037,-0.0562191,-0.0851826,0.141402
purifer,10.4037,-0.0149404,-0.0948815,0.109822
purifies,10.4037,0.0912689,-0.0359687,-0.0553001
pvt,10.4037,-0.02776,-0.0378298,0.0655898
qc,10.4037,0.0253741,-0.0734274,0.0480533
qnd,10.4037,0.232998,-0.109472,-0.123526
qualityafter,10.4037,-0.0350292,-0.124613,0.159642
qualitymust,10.4037,-0.0902698,-0.0681832,0.158453
qualityonly,10.4037,0.10773,-0.0223491,-0.085381
qualitysound,10.4037,-0.109813,0.113586,-0.00377362
qualitythank,10.4037,-0.0660747,-0.125932,0.192007
qualitythanks,10.4037,-0.0344306,-0.107688,0.142119
qualityvalue,10.4037,-0.0776268,0.126471,-0.0488438
qualityvery,10.4037,0.0395393,-0.125773,0.0862333
qualityworth,10.4037,-0.0668294,-0.0902059,0.157035
qulaity,10.4037,-0.0708184,0.0974724,-0.026654
qulitey,10.4037,0.0672816,-0.160594,0.0933125
quot,10.4037,-0.000663367,-0.00124279,0.00190616
quqlity,10.4037,0.0999206,-0.135656,0.0357352
racker,10.4037,-0.0565687,-0.11765,0.174218
radius,10.4037,-0.127806,0.207403,-0.0795972
raining,10.4037,0.169406,-0.220335,0.0509295
raising,10.4037,0.188593,-0.0948113,-0.0937812
rakhi,10.4037,-0.0747775,-0.0454318,0.120209
rally,10.4037,-0.0344789,-0.10101,0.135489
randomly,10.4037,-0.0208869,-0.109848,0.130735
ravi,10.4037,-0.000950206,-0.0599436,0.0608939
ray,10.4037,-0.000643873,-0.177669,0.178313
rbg,10.4037,0.126898,-0.123178,-0.00371996
reaction,10.4037,-0.199328,0.0683602,0.130967
readily,10.4037,-0.034579,0.142265,-0.107686
reallly,10.4037,-0.0292854,-0.0685637,0.0978491
rec,10.4037,0.00822637,-0.0276827,0.0194563
reciver,10.4037,0.0159763,-0.091035,0.0750586
records,10.4037,0.154979,-0.256798,0.10182
recover,10.4037,-0.192752,0.193407,-0.00065537
rectifying,10.4037,0.124892,-0.159822,0.0349302
reflecting,10.4037,-0.153083,0.179948,-0.0268645
regard,10.4037,0.193384,-0.101793,-0.0915909
region,10.4037,-0.117309,0.238997,-0.121688
registration,10.4037,-0.00810929,-0.0579387,0.0660479
reinstall,10.4037,0.0122939,-0.0608594,0.0485654
rejection,10.4037,0.0512983,0.0572508,-0.108549
relative,10.4037,0.00563633,-0.109211,0.103575
relaxed,10.4037,-0.0218642,-0.0916389,0.113503
relay,10.4037,0.208794,-0.168487,-0.0403073
released,10.4037,-0.123282,-0.0536509,0.176933
reliance,10.4037,-0.00480416,-0.104737,0.109541
rep,10.4037,-0.0342661,0.0342194,4.67539e-05
repairable,10.4037,0.0952313,-0.0654411,-0.0297901
reported,10.4037,-0.263698,-0.0718686,0.335566
reputable,10.4037,0.0921651,-0.0406939,-0.0514712
resetting,10.4037,0.0429986,-0.0445317,0.00153309
residual,10.4037,-0.00834216,-0.0857732,0.0941154
resion,10.4037,0.171,-0.0984839,-0.0725159
resourceful,10.4037,-0.000673885,-0.0142884,0.0149623
responses,10.4037,-0.0144258,-0.109501,0.123926
responsibility,10.4037,0.0290369,-0.0745745,0.0455376
restore,10.4037,-0.042707,0.14794,-0.105233
retaining,10.4037,-0.00515752,-0.119286,0.124443
retention,10.4037,-0.0413017,-0.137135,0.178437
rethink,10.4037,0.05579,-0.109059,0.0532688
revolving,10.4037,0.201898,-0.122961,-0.0789363
rewrite,10.4037,-0.0477909,-0.0410392,0.0888301
richards,10.4037,0.0592803,-0.152202,0.0929215
river,10.4037,-0.0920622,-0.131351,0.223413
rms,10.4037,0.081356,-0.0573222,-0.0240338
roam,10.4037,-0.134427,0.249612,-0.115185
roasting,10.4037,-0.0795429,-0.153965,0.233508
robo,10.4037,-0.0281391,-0.170586,0.198726
rog,10.4037,-0.00102821,-0.0507868,0.051815
rolling,10.4037,-0.0229451,0.144002,-0.121056
romantic,10.4037,-0.0362746,-0.178182,0.214456
roo,10.4037,0.0688898,-0.262038,0.193148
rope,10.4037,-0.0456791,0.140333,-0.094654
rub,10.4037,0.29506,-0.091955,-0.203105
rugged,10.4037,-0.00399021,-0.0271971,0.0311873
safari,10.4037,-0.00853091,-0.00141867,0.00994958
salad,10.4037,-0.000680191,-0.007896,0.00857619
sandle,10.4037,0.150299,-0.146011,-0.00428844
sanitizer,10.4037,-0.025515,-0.0264157,0.0519308
santosh,10.4037,-0.0467734,-0.0993265,0.1461
saree,10.4037,0.192855,-0.213164,0.0203087
sarees,10.4037,0.130139,-0.237279,0.10714
sari,10.4037,0.0668535,-0.147419,0.0805654
satified,10.4037,-0.15894,0.130962,0.027978
satisfie,10.4037,-0.0192449,0.280362,-0.261117
saturated,10.4037,0.000444289,-0.0128955,0.0124512
saturday,10.4037,-0.00237784,-0.0846736,0.0870514
saviour,10.4037,-0.0403046,-0.0708008,0.111105
scenarios,10.4037,-0.03802,0.163762,-0.125742
scoop,10.4037,0.00201275,-0.0498951,0.0478823
scrapped,10.4037,0.0882457,-0.0662787,-0.021967
scrubber,10.4037,-0.303701,-0.0233909,0.327092
searches,10.4037,-0.117252,0.155322,-0.0380698
sebz,10.4037,-0.123092,0.103188,0.0199038
sections,10.4037,0.292026,-0.176757,-0.115269
securely,10.4037,-0.000861455,-0.00131894,0.0021804
seel,10.4037,-0.251222,0.147932,0.103289
seemless,10.4037,-0.0324241,-0.0875342,0.119958
sence,10.4037,-0.144499,0.161405,-0.0169051
sensing,10.4037,-0.156936,0.208333,-0.0513966
sentence,10.4037,-0.00199937,-0.0970328,0.0990321
seperated,10.4037,0.10169,-0.113546,0.0118558
sera,10.4037,-0.12063,-0.137936,0.258566
servant,10.4037,-0.0118785,-0.0217922,0.0336707
severe,10.4037,0.0865278,-0.0808457,-0.00568216
sf,10.4037,0.111424,-0.116914,0.00549028
sh,10.4037,0.122889,-0.0595965,-0.0632928
shaded,10.4037,0.0611384,0.0632455,-0.124384
shades,10.4037,0.124702,-0.0773061,-0.0473962
shading,10.4037,0.328017,-0.37239,0.0443724
shaft,10.4037,0.0747894,-0.00581854,-0.0689709
sharma,10.4037,-0.0541928,-0.00850359,0.0626964
shear,10.4037,0.0913364,-0.0192403,-0.0720962
sheer,10.4037,-0.0632211,-0.00322718,0.0664483
sherwani,10.4037,-0.0333458,-0.138196,0.171541
shimano,10.4037,-0.139728,-0.248809,0.388537
shiva,10.4037,-0.0651936,-0.00246609,0.0676597
shlaves,10.4037,0.0608884,-0.0598808,-0.0010076
shortcuts,10.4037,-0.002648,-0.0681512,0.0707992
shortened,10.4037,-0.000655532,-0.106033,0.106688
shrink,10.4037,-0.0310062,0.0831289,-0.0521226
shy,10.4037,0.142419,-0.0222567,-0.120162
siblings,10.4037,-0.00544448,-0.120682,0.126127
sideways,10.4037,0.0117808,0.0142846,-0.0260654
sight,10.4037,-0.0192044,0.0715905,-0.0523861
sigment,10.4037,-0.0425276,-0.0634686,0.105996
silence,10.4037,-0.00180968,-0.021566,0.0233757
silicon,10.4037,0.0827887,-0.0614561,-0.0213326
simplest,10.4037,-0.0988029,-0.0111054,0.109908
sincere,10.4037,-0.00223951,-0.0123422,0.0145817
singal,10.4037,-0.0274145,-0.0675388,0.0949533
sis,10.4037,-0.00333509,-0.0194414,0.0227765
sketch,10.4037,0.177858,-0.157134,-0.020724
skincare,10.4037,-0.0465895,-0.0211004,0.0676899
slicer,10.4037,-0.0467663,0.122065,-0.0752992
slick,10.4037,-0.0569867,-0.028876,0.0858626
slighty,10.4037,-0.0581862,-0.0655562,0.123742
slime,10.4037,-0.0853657,0.136935,-0.0515696
slipper,10.4037,-0.29837,0.339408,-0.0410378
smartness,10.4037,-0.0546036,0.0491615,0.0054421
smartphones,10.4037,-0.0270735,0.0909456,-0.0638721
smarttv,10.4037,-0.00152897,-0.0375397,0.0390687
smmoth,10.4037,-0.0605644,-0.110258,0.170822
smudges,10.4037,-0.0142376,-0.0461573,0.0603949
snacks,10.4037,-0.115,0.0883597,0.0266398
snugly,10.4037,-0.0257594,-0.0147427,0.0405021
soaking,10.4037,-0.174931,0.0361328,0.138798
solar,10.4037,0.122489,-0.144232,0.0217439
soldiering,10.4037,-0.0481794,-0.0890218,0.137201
solding,10.4037,0.103097,-0.0352636,-0.067833
somedays,10.4037,0.14694,-0.091412,-0.0555284
somthing,10.4037,-0.0470399,0.128178,-0.081138
sooooooo,10.4037,-0.0402166,-0.0906858,0.130902
soooper,10.4037,-0.134681,-0.136149,0.270831
sorbet,10.4037,-0.299844,0.234802,0.0650415
soundgood,10.4037,-0.0440726,-0.117778,0.16185
soups,10.4037,-0.116569,0.149943,-0.0333735
sp,10.4037,0.211476,-0.154992,-0.0564836
sparkles,10.4037,-0.150884,-0.0124717,0.163355
spatula,10.4037,-0.00985829,-0.11921,0.129068
spectacular,10.4037,-0.00987439,0.141912,-0.132038
speedly,10.4037,0.106913,-0.101909,-0.00500355
spekar,10.4037,0.0978575,-0.0873179,-0.0105396
spider,10.4037,-0.0794635,0.195963,-0.1165
spill,10.4037,0.297007,-0.0544026,-0.242604
spillage,10.4037,-0.1364,-0.048674,0.185074
spills,10.4037,0.0790723,-0.0619517,-0.0171206
spirit,10.4037,-0.075033,0.116321,-0.0412884
squeeze,10.4037,0.209985,-0.135717,-0.0742685
standerd,10.4037,-0.00182336,-0.112888,0.114711
stat,10.4037,-0.0772187,-0.103167,0.180386
stating,10.4037,-0.00601918,-0.0209739,0.026993
steaching,10.4037,-0.000456487,-0.0801358,0.0805923
stead,10.4037,-0.0563304,-0.00374874,0.0600792
steaming,10.4037,-0.000609351,-0.0283851,0.0289944
stem,10.4037,0.0206673,0.017592,-0.0382593
stems,10.4037,0.128074,-0.109227,-0.0188479
steve,10.4037,-0.0876977,-0.110915,0.198613
stickiness,10.4037,0.0425781,-0.062524,0.0199459
stink,10.4037,-0.122899,-0.0330766,0.155975
stisfied,10.4037,0.114365,-0.179897,0.0655318
stories,10.4037,-0.0644717,0.141538,-0.0770663
strains,10.4037,0.119167,-0.204721,0.0855536
strange,10.4037,0.065826,-0.0790625,0.0132365
strech,10.4037,0.126335,-0.171836,0.0455012
stripes,10.4037,-0.0603071,-0.103522,0.163829
stroke,10.4037,-0.0692832,-0.0823912,0.151674
strudy,10.4037,-0.0118442,-0.0963343,0.108178
struggled,10.4037,-0.0844016,-0.0615587,0.14596
struggles,10.4037,-0.0676362,-0.0220616,0.0896979
stutters,10.4037,-0.0508909,-0.356735,0.407626
submit,10.4037,0.0139512,-0.0937611,0.0798099
submitted,10.4037,-0.0191533,0.0454968,-0.0263435
subscriptions,10.4037,-0.0333839,-0.130527,0.163911
substandard,10.4037,0.0940949,0.129231,-0.223326
substitute,10.4037,-0.141593,-0.0860632,0.227656
suffers,10.4037,-0.0860113,0.152621,-0.0666096
suffice,10.4037,0.29199,-0.181478,-0.110513
suitably,10.4037,-0.00353803,-0.12324,0.126778
sundor,10.4037,-0.0788568,0.0615995,0.0172573
sunmica,10.4037,0.0869365,-0.0838189,-0.00311754
superbbbbb,10.4037,-0.125458,-0.126502,0.25196
superbbbbbbb,10.4037,-0.126982,-0.125201,0.252183
superboverall,10.4037,-0.0323088,-0.0829725,0.115281
suppb,10.4037,-0.116369,-0.0982033,0.214572
supre,10.4037,-0.125563,-0.122592,0.248155
suprised,10.4037,-0.0152841,-0.112519,0.127803
surrounding,10.4037,-0.00065647,-0.00170929,0.00236576
survey,10.4037,-0.0113325,-0.0145425,0.0258749
survived,10.4037,-0.000752193,-0.0348097,0.0355619
survives,10.4037,-0.0647993,-0.108345,0.173144
sweating,10.4037,0.135976,-0.113942,-0.0220347
swell,10.4037,0.159246,-0.0961011,-0.0631444
swiftly,10.4037,-0.0215561,-0.073358,0.0949142
swipe,10.4037,-0.0223081,-0.295063,0.317371
syncing,10.4037,-0.143642,0.246945,-0.103303
ta,10.4037,-0.212993,-0.255139,0.468132
tailoring,10.4037,-0.0348313,-0.326281,0.361112
tailors,10.4037,-0.0220975,-0.0423689,0.0644664
talked,10.4037,-0.150202,0.180098,-0.0298955
tanku,10.4037,-0.0269324,-0.0940714,0.121004
tanning,10.4037,-0.0236627,0.0948245,-0.0711618
tapping,10.4037,-0.0207045,-0.139183,0.159887
tasted,10.4037,-0.0467813,-0.0571726,0.103954
tasting,10.4037,-0.108381,-0.135861,0.244242
tatasky,10.4037,-0.0539738,0.101655,-0.0476813
teak,10.4037,0.0498104,0.0260525,-0.0758629
techniques,10.4037,-0.020647,-0.056617,0.0772639
teflon,10.4037,0.0160281,-0.123222,0.107194
tempered,10.4037,0.0544412,0.0118585,-0.0662998
tempting,10.4037,-0.199564,-0.00256018,0.202124
testy,10.4037,-0.0507625,-0.11268,0.163442
thak,10.4037,-0.0845501,-0.0875742,0.172124
thakur,10.4037,-0.0132802,-0.0267354,0.0400156
thanksss,10.4037,-0.119043,-0.0713758,0.190419
thankx,10.4037,-0.0694112,0.154881,-0.0854695
thankyu,10.4037,-0.109869,-0.121677,0.231547
theatrical,10.4037,-0.000649617,-0.00131969,0.00196931
ther,10.4037,-0.100322,0.0430639,0.0572579
thermas,10.4037,0.113194,-0.128121,0.0149276
thermoflask,10.4037,-0.0551782,0.0981665,-0.0429883
thes,10.4037,0.0936747,-0.130341,0.0366665
thid,10.4037,-0.0280668,0.157395,-0.129329
thighs,10.4037,-0.174289,0.0721651,0.102124
thikthak,10.4037,0.00957178,0.123791,-0.133363
thodi,10.4037,-0.0609965,-0.129383,0.19038
thqq,10.4037,-0.0430385,-0.0518097,0.0948482
throttling,10.4037,-0.0540179,-0.191659,0.245677
throughput,10.4037,-0.0359699,-0.00171935,0.0376892
thumps,10.4037,-0.134119,-0.0623845,0.196504
thxx,10.4037,-0.0512166,-0.0615029,0.11272
thy,10.4037,-0.201778,-0.0536303,0.255408
tied,10.4037,0.149097,-0.0868078,-0.0622889
tightening,10.4037,-0.021355,-0.178895,0.20025
til,10.4037,-0.141327,0.171001,-0.0296741
title,10.4037,0.0816237,-0.0652402,-0.0163836
tks,10.4037,-0.0950822,-0.113854,0.208936
toast,10.4037,-0.0347957,-0.147344,0.182139
toner,10.4037,-0.0342747,-0.0913491,0.125624
toolkit,10.4037,-0.249296,-0.00267876,0.251975
tooooooo,10.4037,-0.0302718,-0.17913,0.209402
toooooooo,10.4037,0.124551,-0.127932,0.00338122
tow,10.4037,0.020356,-0.143327,0.122971
tqq,10.4037,-0.0711987,-0.0987349,0.169934
tra,10.4037,-0.000658617,-0.00125438,0.001913
trade,10.4037,-0.0613639,-0.0746165,0.13598
traffic,10.4037,-0.0671174,-0.163684,0.230801
tranfer,10.4037,-0.0379959,-0.111506,0.149502
transferable,10.4037,-0.0424763,0.0447076,-0.00223132
transform,10.4037,-0.111764,-0.0978619,0.209626
transperant,10.4037,0.131564,-0.0922781,-0.039286
trapped,10.4037,0.0376828,-0.0284929,-0.00918988
treatment,10.4037,-0.09976,-0.0880516,0.187812
trees,10.4037,0.11208,-0.0429999,-0.0690797
trend,10.4037,-0.00132924,0.108537,-0.107207
trick,10.4037,0.142252,-0.118157,-0.0240952
tries,10.4037,0.111508,-0.297679,0.186171
truck,10.4037,-0.139093,-0.158399,0.297492
tryed,10.4037,0.0874501,-0.0944191,0.00696901
tuesday,10.4037,0.040011,-0.0358215,-0.00418946
turmeric,10.4037,-0.0235349,-0.169577,0.193112
tweak,10.4037,-0.0006509,-0.145404,0.146054
tweezer,10.4037,-0.000671332,-0.0485426,0.0492139
twelve,10.4037,-0.0820894,-0.104589,0.186679
twisted,10.4037,0.180255,-0.147953,-0.0323013
typ,10.4037,-0.135333,0.0249011,0.110431
uhh,10.4037,0.0635279,-0.119496,0.0559679
unbelievably,10.4037,-0.0982742,-0.0961778,0.194452
unbox,10.4037,0.161655,-0.188381,0.0267256
understands,10.4037,-0.000660895,0.0020738,-0.0014129
undi,10.4037,-0.0991113,0.14625,-0.0471384
uneasy,10.4037,0.109778,-0.0753877,-0.0343903
unexpectedly,10.4037,-0.0726077,-0.121745,0.194353
unfinished,10.4037,0.122021,-0.0622333,-0.0597874
unfit,10.4037,-0.15116,-0.0720864,0.223247
unhealthy,10.4037,0.177425,-0.123455,-0.0539702
uninstall,10.4037,-0.0653828,-0.0157777,0.0811605
uninstalled,10.4037,0.00487365,-0.00508064,0.000206986
unisex,10.4037,-0.299601,-0.00233699,0.301938
unlimited,10.4037,-0.0660395,-0.153388,0.219428
unnecessarily,10.4037,0.0125564,-0.0107106,-0.00184579
untrained,10.4037,-0.162484,-0.0686311,0.231115
upgradation,10.4037,0.0144417,-0.107303,0.0928613
upr,10.4037,-0.0370957,-0.0446877,0.0817835
urgently,10.4037,0.122189,-0.0878971,-0.0342916
usevery,10.4037,-0.0194994,-0.0985209,0.11802
usful,10.4037,-0.0975114,-0.0973055,0.194817
usp,10.4037,-0.0958741,-0.162233,0.258107
utilisation,10.4037,-0.0368948,-0.0312658,0.0681606
utilize,10.4037,-0.0929054,0.327085,-0.234179
utilized,10.4037,-0.00136414,-0.0173279,0.018692
uts,10.4037,0.148217,0.0244316,-0.172648
vale,10.4037,-0.107325,-0.0926529,0.199978
validity,10.4037,-0.0292199,-0.0167339,0.0459537
vanished,10.4037,0.0286673,-0.0823694,0.0537021
vanishes,10.4037,0.0361476,-0.0885024,0.0523548
vapours,10.4037,0.0145903,0.0520451,-0.0666354
vaste,10.4037,0.206945,-0.114025,-0.0929197
veary,10.4037,-0.100286,-0.148625,0.248912
velcro,10.4037,-0.20052,-0.0344321,0.234952
verdict,10.4037,-0.0323316,0.328059,-0.295727
verify,10.4037,-0.0570428,0.18785,-0.130807
vero,10.4037,0.0141268,0.017534,-0.0316608
versa,10.4037,-0.00832027,-0.0165778,0.0248981
vert,10.4037,-0.0495826,-0.106646,0.156229
verysoft,10.4037,-0.0773905,-0.156062,0.233452
vheri,10.4037,-0.0636682,-0.123991,0.187659
vi,10.4037,-0.0683469,-0.235063,0.30341
vibrations,10.4037,0.256937,-0.264959,0.0080218
views,10.4037,-0.0599369,-0.0961639,0.156101
virtual,10.4037,-0.130667,-0.0190716,0.149739
vise,10.4037,-0.0178525,0.222205,-0.204353
vishnu,10.4037,0.130442,-0.0970638,-0.0333778
visibility,10.4037,0.214658,-0.163258,-0.0514001
vit,10.4037,-0.0469348,-0.0782032,0.125138
vivobook,10.4037,-0.00078694,-0.0014164,0.00220334
vl,10.4037,0.213012,-0.105297,-0.107715
vlue,10.4037,-0.0467823,-0.113503,0.160285
voot,10.4037,-0.0340469,-0.0807683,0.114815
vvvv,10.4037,0.0480042,-0.148228,0.100224
wair,10.4037,0.0951416,-0.0274215,-0.0677202
waisted,10.4037,0.200103,-0.0700759,-0.130028
wala,10.4037,-0.0190579,-0.0628423,0.0819003
wallets,10.4037,-0.0387899,-0.104016,0.142806
warest,10.4037,0.178869,-0.0783274,-0.100542
warst,10.4037,0.19886,-0.129868,-0.0689922
warth,10.4037,-0.102116,-0.109721,0.211837
wasteshown,10.4037,0.186835,-0.160367,-0.026468
wate,10.4037,0.0978172,-0.0722755,-0.0255417
wats,10.4037,-0.100647,0.199738,-0.0990907
weighs,10.4037,-0.0065118,0.111008,-0.104496
welcome,10.4037,-0.0311497,-0.0228599,0.0540096
wested,10.4037,0.0503579,-0.112547,0.062189
whatch,10.4037,-0.224454,0.183314,0.04114
whatsapp,10.4037,-0.0554776,-0.134506,0.189984
whic,10.4037,-0.155152,0.213027,-0.0578751
willow,10.4037,-0.0334236,-0.210725,0.244149
winner,10.4037,-0.0118681,-0.116164,0.128032
wins,10.4037,-0.133836,-0.140304,0.274139
wiper,10.4037,-0.0554624,0.198483,-0.143021
wisely,10.4037,0.162609,-0.135899,-0.0267095
wives,10.4037,-0.0411635,-0.0700808,0.111244
woofers,10.4037,-0.0876755,0.0496761,0.0379994
woooow,10.4037,-0.116116,-0.114761,0.230878
workers,10.4037,0.175861,-0.158206,-0.0176549
workingi,10.4037,0.119584,-0.11382,-0.00576348
workload,10.4037,-0.0628392,-0.244708,0.307547
workshop,10.4037,-0.0659343,0.146595,-0.0806607
worm,10.4037,-0.150719,0.115674,0.0350452
worn,10.4037,0.215463,-0.0617422,-0.153721
worng,10.4037,0.183085,-0.10333,-0.0797543
wounderful,10.4037,-0.0977726,-0.101033,0.198806
wrapping,10.4037,0.0778265,-0.0557989,-0.0220276
wraps,10.4037,-0.0353982,-0.0687174,0.104116
wrinkle,10.4037,0.154429,-0.0680393,-0.0863893
wrinkles,10.4037,0.00224844,-0.0758156,0.0735672
wrt,10.4037,-0.0790619,0.151843,-0.0727812
yah,10.4037,-0.0896311,-0.122941,0.212572
yeras,10.4037,0.0808057,-0.101567,0.0207615
yrr,10.4037,-0.0295543,-0.10561,0.135165
yrrr,10.4037,-0.0457218,-0.110582,0.156304
zabardast,10.4037,-0.105235,-0.0941108,0.199346
zenfone,10.4037,-0.0397825,-0.0258274,0.0656098
zinnia,10.4037,0.0310762,-0.0780644,0.0469881
